[0;33m--- Warning: GDB cannot open serial ports accessed as COMx[0m
[0;33m--- Using \\.\COM11 instead...[0m
[0;33m--- esp-idf-monitor 1.9.0 on \\.\COM11 115200[0m
--- Quit: Ctrl+] | Menu: Ctrl+T | Help: Ctrl+T followed by Ctrl+H
I (3139) WifiStation: Found AP: TP-LINK_C738, BSSID: 74:39:89:38ESP-ROM:esp32s3-20210327
Build:Mar 27 2021
rst:0x15 (USB_UART_CHIP_RESET),boot:0xa (SPI_FAST_FLASH_BOOT)
Saved PC:0x4038265e
xtensa-esp32s3-elf-addr2line -fiaC -e d:\Home_Work\ESP32_XIAOZHI\xiaozhi-esp32\build\xiaozhi.elf 0x4038265e: [WinError 2] 系统找不到指定的文件。
SPIWP:0xee
mode:DIO, clock div:1
load:0x3fce2820,len:0x548
load:0x403c8700,len:0xc3c
load:0x403cb700,len:0x2e70
entry 0x403c8908
I (25) octal_psram: vendor id    : 0x0d (AP)
I (25) octal_psram: dev id       : 0x03 (generation 4)
I (26) octal_psram: density      : 0x05 (128 Mbit)
I (28) octal_psram: good-die     : 0x01 (Pass)
I (32) octal_psram: Latency      : 0x01 (Fixed)
I (36) octal_psram: VCC          : 0x00 (1.8V)
I (40) octal_psram: SRF          : 0x01 (Fast Refresh)
I (45) octal_psram: BurstType    : 0x01 (Hybrid Wrap)
I (50) octal_psram: BurstLen     : 0x01 (32 Byte)
I (54) octal_psram: Readlatency  : 0x02 (10 cycles@Fixed)
I (59) octal_psram: DriveStrength: 0x00 (1/1)
I (63) MSPI Timing: Enter psram timing tuning
I (68) esp_psram: Found 16MB PSRAM device
I (71) esp_psram: Speed: 80MHz
I (74) cpu_start: Multicore app
I (88) cpu_start: GPIO 44 and 43 are used as console UART I/O pins
I (89) cpu_start: Pro cpu start user code
I (89) cpu_start: cpu freq: 240000000 Hz
I (90) app_init: Application information:
I (94) app_init: Project name:     xiaozhi
I (98) app_init: App version:      2.2.6
I (101) app_init: Compile time:     Aug 18 2026 21:55:07
I (106) app_init: ELF file SHA256:  d480ad79d...
I (111) app_init: ESP-IDF:          v5.5.2
I (115) efuse_init: Min chip rev:     v0.0
I (118) efuse_init: Max chip rev:     v0.99 
I (122) efuse_init: Chip rev:         v0.2
I (126) heap_init: Initializing. RAM available for dynamic allocation:
I (133) heap_init: At 3FCAE930 len 0003ADE0 (235 KiB): RAM
I (138) heap_init: At 3FCE9710 len 00005724 (21 KiB): RAM
I (143) heap_init: At 3FCF0000 len 00008000 (32 KiB): DRAM
I (148) heap_init: At 600FE000 len 00001FD8 (7 KiB): RTCRAM
I (153) esp_psram: Adding pool of 16384K of PSRAM memory to heap allocator
I (160) spi_flash: detected chip: gd
I (163) spi_flash: flash io: qio
I (167) sleep_gpio: Configure to isolate all GPIO pins in sleep state
I (173) sleep_gpio: Enable automatic switching of GPIO sleep configuration
I (179) main_task: Started on CPU0
I (189) esp_psram: Reserving pool of 96K of internal memory for DMA/internal allocations
I (189) main_task: Calling app_main()
I (219) Board: UUID=f63c1a38-c1f4-448d-a94f-80c3b305f6ee SKU=esp-box-3
I (219) button: IoT Button Version: 4.1.7
I (219) ili9341: LCD panel create success, version: 1.2.0
W (339) ili9341: The 36h command has been used and will be overwritten by external initialization sequence
W (339) ili9341: The 3Ah command has been used and will be overwritten by external initialization sequence
I (339) Display: Power management not supported
I (409) LcdDisplay: Turning display on
I (409) LcdDisplay: Initialize LVGL library
I (409) LcdDisplay: Use 2MB of PSRAM for image cache
I (409) LcdDisplay: Initialize LVGL port
I (409) LcdDisplay: Adding LCD display
I (409) LVGL: Starting LVGL task
I (419) Backlight: Set brightness to 100
I (419) StateMachine: State: unknown -> starting
I (509) BoxAudioCodec: Duplex channels created
I (519) ES8311: Work in Slave mode
I (519) ES7210: Work in Slave mode
I (529) ES7210: Enable ES7210_INPUT_MIC1
I (529) ES7210: Enable ES7210_INPUT_MIC2
I (539) ES7210: Enable ES7210_INPUT_MIC3
I (539) ES7210: Enable ES7210_INPUT_MIC4
I (539) ES7210: Enable TDM mode
I (549) BoxAudioCodec: BoxAudioDevice initialized
I (549) AudioCodec: Audio codec started
I (549) MCP: Add tool: self.get_device_status
I (549) MCP: Add tool: self.audio_speaker.set_volume
I (549) MCP: Add tool: self.screen.set_brightness
I (559) MCP: Add tool: self.screen.set_theme
I (559) MCP: Add tool: self.get_system_info [user]
I (569) MCP: Add tool: self.reboot [user]
I (569) MCP: Add tool: self.upgrade_firmware [user]
I (579) MCP: Add tool: self.screen.get_info [user]
I (579) MCP: Add tool: self.screen.snapshot [user]
I (589) MCP: Add tool: self.screen.preview_image [user]
I (589) MCP: Add tool: self.assets.set_download_url [user]
I (599) WifiManager: Initializing...
I (599) pp: pp rom version: e7ae62f
I (599) net80211: net80211 rom version: e7ae62f
I (619) wifi:wifi driver task: 3fce49e8, prio:23, stack:6144, core=0
I (619) wifi:wifi firmware version: ee91c8c
I (619) wifi:wifi certification version: v7.0
I (619) wifi:config NVS flash: disabled
I (619) wifi:config nano formatting: enabled
I (629) wifi:Init data frame dynamic rx buffer num: 6
I (629) wifi:Init dynamic rx mgmt buffer num: 5
I (639) wifi:Init management short buffer num: 32
I (639) wifi:Init dynamic tx buffer num: 32
I (639) wifi:Init static tx FG buffer num: 2
I (649) wifi:Init static rx buffer size: 1600
I (649) wifi:Init static rx buffer num: 3
I (659) wifi:Init dynamic rx buffer num: 6
I (659) wifi_init: rx ba win: 3
I (659) wifi_init: accept mbox: 6
I (669) wifi_init: tcpip mbox: 16
I (669) wifi_init: udp mbox: 6
I (669) wifi_init: tcp mbox: 6
I (669) wifi_init: tcp tx win: 5760
I (679) wifi_init: tcp rx win: 5760
I (679) wifi_init: tcp mss: 1440
I (679) WifiManager: Initialized
I (689) WifiBoard: Starting WiFi connection attempt
I (689) WifiManager: Starting station
I (699) phy_init: phy_version 711,97bcf0a2,Aug 25 2025,19:04:10
I (739) wifi:mode : sta (b4:3a:45:f3:9b:70)
I (739) wifi:enable tsf
I (739) WifiBoard: WiFi scanning
I (3139) WifiStation: Found AP: TP-LINK_C738, BSSID: 74:39:89:38:c7:39, RSSI: -33, Channel: 6, Authmode: 4
I (3139) WifiBoard: WiFi connecting to TP-LINK_C738
W (3149) wifi:Password length matches WPA2 standards, authmode threshold changes from OPEN to WPA2
I (3829) wifi:new:<6,2>, old:<1,0>, ap:<255,255>, sta:<6,2>, prof:1, snd_ch_cfg:0x0
I (3829) wifi:state: init -> auth (0xb0)
I (3829) wifi:state: auth -> assoc (0x0)
I (3839) wifi:state: assoc -> run (0x10)
I (3879) wifi:[ADDBA]RX DELBA, reason:39, delete tid:0, initiator:1(originator)
I (3889) wifi:[ADDBA]RX DELBA, reason:39, delete tid:0, initiator:0(recipient)
I (3899) wifi:connected with TP-LINK_C738, aid = 2, channel 6, 40D, bssid = 74:39:89:38:c7:39
I (3899) wifi:security: WPA2-PSK, phy: bgn, rssi: -38
I (3899) wifi:pm start, type: 1

I (3909) wifi:dp: 1, bi: 102400, li: 10, scale listen interval from 1024000 us to 1024000 us
I (3909) wifi:set rx beacon pti, rx_bcn_pti: 0, bcn_timeout: 25000, mt_pti: 0, mt_time: 10000
I (3999) wifi:AP's beacon interval = 102400 us, DTIM period = 1
I (4949) esp_netif_handlers: sta ip: 192.168.0.107, mask: 255.255.255.0, gw: 192.168.0.1
I (4949) WifiStation: Got IP: 192.168.0.107
I (4949) WifiBoard: Connected to WiFi: TP-LINK_C738
I (4949) Application: Network connected
I (4949) StateMachine: State: starting -> activating
I (4959) Application: ================ Device Identity ================
I (4969) Application:   Device-Id (MAC) : b4:3a:45:f3:9b:70
I (4969) Application:   Client-Id (UUID): f63c1a38-c1f4-448d-a94f-80c3b305f6ee
I (4979) Application:   User-Agent      : esp-box-3/2.2.6
I (4979) Application: =================================================
I (4989) Assets: The storage free size is 13696 KB
I (4989) Assets: The partition size is 8192 KB
I (5429) Assets: The checksum calculation time is 432 ms
create static modelsI (5429) MODEL_LOADER: Successfully load srmodels
I (5429) Assets: Refreshing display theme...
W (5439) EmojiCollection: Emoji not found: microchip_ai
I (5439) Ota: Current version: 2.2.6
I (5489) HttpClient: Established new connection to 39.107.143.71:8002
I (5509) wifi:<ba-add>idx:0 (ifx:0, 74:39:89:38:c7:39), tid:0, ssn:1661, winSize:64
I (5589) HttpClient: HTTP connection closed
I (5589) Ota: No mqtt section found !
I (5599) Ota: Current is the latest version
I (5599) Ota: Running partition: ota_0
I (5599) Application: Activation done
I (5599) SystemInfo: free sram: 128695 minimal sram: 111775
I (5599) StateMachine: State: activating -> idle
I (5609) WifiStation: Setting WiFi power save level: LOW_POWER (MAX_MODEM)
I (5609) wifi:Set ps type: 2, coexist: 0

I (5629) AfeWakeWord: Model 0: wn9_nihaoxiaozhi_tts
I (5629) AFE_CONFIG: Set WakeNet Model: wn9_nihaoxiaozhi_tts
MC Quantized wakenet9: wakenet9l_tts1h8_你好小智_3_0.631_0.635, tigger:v4, mode:0, p:0, (Dec 16 2025 14:45:55)
I (5719) AFE: AFE Version: (1MIC_V251128)
I (5719) AFE: Input PCM Config: total 2 channels(1 microphone, 1 playback), sample rate:16000
I (5729) AFE: AFE Pipeline: [input] -> |AEC(SR_HIGH_PERF)| ->  -> |VAD(WebRTC)| -> |WakeNet(wn9_nihaoxiaozhi_tts,)| -> [output]
I (5739) AfeWakeWord: Audio detection task started, feed size: 512 fetch size: 512
I (5739) I2S_IF: Paired data: 0x3fcd6104, current mode: playback, paired in_enable: 0, paired out_enable: 0
I (5749) I2S_IF: STD: TX, data_bit: 16, slot_bit: 16, ws_width: 16, slot_mode: MONO, slot_mask: 0x1
I (5759) I2S_IF: STD: TX, sample_rate_hz: 24000, mclk_multiple: 256, clk_src: 6
I (5789) Adev_Codec: Open codec device OK
I (5789) AudioCodec: Set output enable to true
I (5789) I2S_IF: Peer mode playback need extend bits 32 to 64
I (5789) AudioService: Resampling audio from 16000 to 24000
I (5789) I2S_IF: TDM: RX, data_bit: 16, slot_bit: 16, ws_width: 32, total_slot: 4, slot_mask: 0x3
I (5799) I2S_IF: TDM: RX, sample_rate_hz: 24000, mclk_multiple: 256, clk_src: 6
I (5809) I2S_IF: STD: TX, data_bit: 16, slot_bit: 32, ws_width: 32, slot_mode: MONO, slot_mask: 0x1
I (5819) I2S_IF: STD: TX, sample_rate_hz: 24000, mclk_multiple: 256, clk_src: 6
I (5829) ES7210: Bits 16
I (5829) ES7210: Enable ES7210_INPUT_MIC1
I (5839) ES7210: Enable ES7210_INPUT_MIC2
I (5839) ES7210: Enable ES7210_INPUT_MIC3
I (5839) ES7210: Enable ES7210_INPUT_MIC4
I (5849) ES7210: Enable TDM mode
I (5849) ES7210: Unmuted
I (5849) Adev_Codec: Open codec device OK
I (5849) AudioCodec: Set input enable to true
I (15559) SystemInfo: free sram: 92939 minimal sram: 84379
I (25549) SystemInfo: free sram: 95279 minimal sram: 84379
I (35549) SystemInfo: free sram: 92899 minimal sram: 84379
I (45569) SystemInfo: free sram: 92899 minimal sram: 84379
I (55549) SystemInfo: free sram: 94443 minimal sram: 84379
I (65549) SystemInfo: free sram: 93863 minimal sram: 84379
I (75549) SystemInfo: free sram: 93415 minimal sram: 84379
I (85549) SystemInfo: free sram: 93863 minimal sram: 84379
I (95549) SystemInfo: free sram: 93415 minimal sram: 84379
I (105549) SystemInfo: free sram: 93863 minimal sram: 84379
I (113449) Application: Wake word detected: 你好小智 (state: 3)
I (113449) StateMachine: State: idle -> connecting
I (113479) WifiStation: Setting WiFi power save level: PERFORMANCE (NONE)
I (113479) wifi:Set ps type: 0, coexist: 0

I (113479) WS: Connecting to websocket server: ws://39.107.143.71:8000/xiaozhi/v1/ with version: 1
I (113649) WS: Session ID: d278df86-8d55-42c0-9f84-8e4fdb9a4487
I (113649) WifiStation: Setting WiFi power save level: PERFORMANCE (NONE)
I (113649) wifi:Set ps type: 0, coexist: 0

W (113659) Application: Server sample rate 16000 does not match device output sample rate 24000, resampling may cause distortion
I (113669) Application: Wake word detected: 你好小智
I (113719) AfeWakeWord: Encode wake word opus 35 packets in 265 ms
I (113719) StateMachine: State: connecting -> listening
I (113779) Application: >> 你好小智
I (113789) AFE: AFE Version: (1MIC_V251128)
I (113789) AFE: Input PCM Config: total 2 channels(1 microphone, 1 playback), sample rate:16000
I (113789) AFE: AFE Pipeline: [input] -> |AEC(VOIP_HIGH_PERF)| -> [output]
I (113799) AfeAudioProcessor: Audio communication task started, feed size: 256 fetch size: 512
I (113819) StateMachine: State: listening -> speaking
I (113819) StateMachine: State: speaking -> listening
I (116859) Application: >> 你是什么星座啊？
I (116859) StateMachine: State: listening -> speaking
I (118639) Application: << 我是双鱼座的呀~ 浪漫又敏感的那一款。你呢？
I (123439) StateMachine: State: speaking -> listening
I (125709) Application: >> 你的 MBTI 是什么？
I (125709) StateMachine: State: listening -> speaking
I (127869) Application: << 我的MBTI是ISFP~ 安静敏感、擅长感受的那种。
I (133779) Application: << 你当时还帮我设置成ISFJ了呢，说我忠诚又细心、靠谱会疼人呀~
I (134129) wifi:<ba-add>idx:1 (ifx:0, 74:39:89:38:c7:39), tid:5, ssn:26, winSize:64
I (135569) SystemInfo: free sram: 82767 minimal sram: 78183
I (140669) StateMachine: State: speaking -> listening
I (143269) Application: >> 那可能是我记错了
I (143279) StateMachine: State: listening -> speaking
I (144519) Application: << 没事呀，记不记得清都不要紧~ 
I (145909) StateMachine: State: speaking -> listening
I (145909) Application: >> 把 j 和 p 搞混了
I (145949) StateMachine: State: listening -> speaking
I (147979) Application: << 哈哈没事~ 差点就被你带偏啦。
I (151229) StateMachine: State: speaking -> listening
I (157409) Application: >> 公司用 Codex 整个把
I (157409) StateMachine: State: listening -> speaking
I (160319) Application: << 你想用 Codex 做什么呀？
I (162739) Application: >> 它的后头开头记忆系统重新做了一遍记忆测试
I (162739) StateMachine: State: speaking -> listening
I (162769) StateMachine: State: listening -> speaking
I (164589) Application: << 你是想让我帮你测一下记忆功能，还是想让我做什么其他的呀？
I (167769) StateMachine: State: speaking -> listening
I (167769) Application: >> 我把，我用口袋把你的后排记忆系统
I (167849) StateMachine: State: listening -> speaking
I (169329) Application: << 你这句话我没太听懂呀……想说什么呀？
I (171579) StateMachine: State: speaking -> listening
I (171579) Application: >> 做了一下重构，现在你的后台记忆系统
I (171619) StateMachine: State: listening -> speaking
I (173379) Application: << 你是说对我的记忆系统做了重构吗？
I (176669) Application: << 那……需要我帮你测一下现在能不能正常记住 things 吗？
I (181549) SystemInfo: free sram: 81071 minimal sram: 78183
I (181869) StateMachine: State: speaking -> listening
I (191549) SystemInfo: free sram: 83079 minimal sram: 78183
I (193119) Application: >> 因为我在后台是运营专门做了一句，我不喜欢发太多的
I (193129) StateMachine: State: listening -> speaking
I (194919) Application: << 好，我晓得了~ 
I (196689) Application: << 那我尽量简短点。
I (199329) StateMachine: State: speaking -> listening
I (202179) Application: >> 菜制作
I (202179) StateMachine: State: listening -> speaking
I (204689) Application: << 你是说想测试一下我的记忆功能吗？还是想让我记住什么呀？
I (209699) StateMachine: State: speaking -> listening
I (211099) Application: >> 你先睡觉吧
I (211099) StateMachine: State: listening -> speaking
I (212369) Application: << 好呀，我休息一下~ 
I (214279) Application: << 晚安
I (215649) StateMachine: State: speaking -> listening
I (225559) SystemInfo: free sram: 84043 minimal sram: 78183
E (228199) EspTcp: TCP receive failed: -1
I (228199) WS: Websocket disconnected
I (228199) WifiStation: Setting WiFi power save level: LOW_POWER (MAX_MODEM)
I (228209) wifi:Set ps type: 2, coexist: 0

I (228209) StateMachine: State: listening -> idle
I (237549) SystemInfo: free sram: 89199 minimal sram: 78183
I (247549) SystemInfo: free sram: 89715 minimal sram: 78183
I (257549) SystemInfo: free sram: 89199 minimal sram: 78183
I (267549) SystemInfo: free sram: 90679 minimal sram: 78183
I (277549) SystemInfo: free sram: 89199 minimal sram: 78183
I (287549) SystemInfo: free sram: 90679 minimal sram: 78183
I (297549) SystemInfo: free sram: 89199 minimal sram: 78183
I (307549) SystemInfo: free sram: 90163 minimal sram: 78183
I (317549) SystemInfo: free sram: 89715 minimal sram: 78183
I (327549) SystemInfo: free sram: 90163 minimal sram: 78183
I (337559) SystemInfo: free sram: 89675 minimal sram: 78183
I (347549) SystemInfo: free sram: 90163 minimal sram: 78183
I (357549) SystemInfo: free sram: 89951 minimal sram: 78183
I (367549) SystemInfo: free sram: 90399 minimal sram: 78183
I (377549) SystemInfo: free sram: 89951 minimal sram: 78183
I (387549) SystemInfo: free sram: 90399 minimal sram: 78183
I (397549) SystemInfo: free sram: 89435 minimal sram: 78183
I (407549) SystemInfo: free sram: 90915 minimal sram: 78183
I (417549) SystemInfo: free sram: 89435 minimal sram: 78183
I (427549) SystemInfo: free sram: 90915 minimal sram: 78183
I (437549) SystemInfo: free sram: 89435 minimal sram: 78183
I (447549) SystemInfo: free sram: 90875 minimal sram: 78183
I (457559) SystemInfo: free sram: 89395 minimal sram: 78183
I (467549) SystemInfo: free sram: 90399 minimal sram: 78183
I (477559) SystemInfo: free sram: 89435 minimal sram: 78183
I (487549) SystemInfo: free sram: 90399 minimal sram: 78183
I (497549) SystemInfo: free sram: 89951 minimal sram: 78183
I (507549) SystemInfo: free sram: 90399 minimal sram: 78183
I (517549) SystemInfo: free sram: 89951 minimal sram: 78183
I (527549) SystemInfo: free sram: 90399 minimal sram: 78183
I (537549) SystemInfo: free sram: 89915 minimal sram: 78183
I (547549) SystemInfo: free sram: 90399 minimal sram: 78183
I (557569) SystemInfo: free sram: 90399 minimal sram: 78183
I (567549) SystemInfo: free sram: 90875 minimal sram: 78183
I (577549) SystemInfo: free sram: 89435 minimal sram: 78183
I (587549) SystemInfo: free sram: 90915 minimal sram: 78183
I (597549) SystemInfo: free sram: 89435 minimal sram: 78183
I (607549) SystemInfo: free sram: 90915 minimal sram: 78183
I (617569) SystemInfo: free sram: 90399 minimal sram: 78183
I (627549) SystemInfo: free sram: 90915 minimal sram: 78183
I (637549) SystemInfo: free sram: 89435 minimal sram: 78183
I (647549) SystemInfo: free sram: 90399 minimal sram: 78183
I (657549) SystemInfo: free sram: 89951 minimal sram: 78183
I (667549) SystemInfo: free sram: 90363 minimal sram: 78183
I (677559) SystemInfo: free sram: 89911 minimal sram: 78183
I (687549) SystemInfo: free sram: 90399 minimal sram: 78183
I (697549) SystemInfo: free sram: 89951 minimal sram: 78183
I (707549) SystemInfo: free sram: 90399 minimal sram: 78183
I (717549) SystemInfo: free sram: 89951 minimal sram: 78183
I (727559) SystemInfo: free sram: 89435 minimal sram: 78183
I (737549) SystemInfo: free sram: 89435 minimal sram: 78183
I (747569) SystemInfo: free sram: 89951 minimal sram: 78183
I (757549) SystemInfo: free sram: 89435 minimal sram: 78183
I (767549) SystemInfo: free sram: 90915 minimal sram: 78183
I (777549) SystemInfo: free sram: 89435 minimal sram: 78183
I (787569) SystemInfo: free sram: 89911 minimal sram: 78183
I (797549) SystemInfo: free sram: 89435 minimal sram: 78183
I (807549) SystemInfo: free sram: 90399 minimal sram: 78183
I (817549) SystemInfo: free sram: 89951 minimal sram: 78183
I (827549) SystemInfo: free sram: 90399 minimal sram: 78183
I (837549) SystemInfo: free sram: 89951 minimal sram: 78183
I (847559) SystemInfo: free sram: 89435 minimal sram: 78183
I (857549) SystemInfo: free sram: 89951 minimal sram: 78183
I (867549) SystemInfo: free sram: 90399 minimal sram: 78183
I (877549) SystemInfo: free sram: 89951 minimal sram: 78183
I (887549) SystemInfo: free sram: 90399 minimal sram: 78183
I (897569) SystemInfo: free sram: 90359 minimal sram: 78183
I (907549) SystemInfo: free sram: 90915 minimal sram: 78183
I (917549) SystemInfo: free sram: 89435 minimal sram: 78183
I (927569) SystemInfo: free sram: 89951 minimal sram: 78183
I (937549) SystemInfo: free sram: 89435 minimal sram: 78183
I (947549) SystemInfo: free sram: 89951 minimal sram: 78183
I (957549) SystemInfo: free sram: 89435 minimal sram: 78183
I (967549) SystemInfo: free sram: 90915 minimal sram: 78183
I (977549) SystemInfo: free sram: 89435 minimal sram: 78183
I (987549) SystemInfo: free sram: 90399 minimal sram: 78183
I (997549) SystemInfo: free sram: 89951 minimal sram: 78183
I (1007549) SystemInfo: free sram: 90359 minimal sram: 78183
I (1017549) SystemInfo: free sram: 89951 minimal sram: 78183
I (1027549) SystemInfo: free sram: 90399 minimal sram: 78183
I (1037549) SystemInfo: free sram: 89951 minimal sram: 78183
I (1047549) SystemInfo: free sram: 90399 minimal sram: 78183
I (1057569) SystemInfo: free sram: 90399 minimal sram: 78183
I (1067549) SystemInfo: free sram: 90915 minimal sram: 78183
I (1077549) SystemInfo: free sram: 89435 minimal sram: 78183
I (1087549) SystemInfo: free sram: 90915 minimal sram: 78183
I (1097549) SystemInfo: free sram: 89435 minimal sram: 78183
I (1107549) SystemInfo: free sram: 90915 minimal sram: 78183
I (1117569) SystemInfo: free sram: 89395 minimal sram: 78183
I (1127549) SystemInfo: free sram: 90915 minimal sram: 78183
I (1137579) SystemInfo: free sram: 89399 minimal sram: 78183
I (1147549) SystemInfo: free sram: 90399 minimal sram: 78183
I (1157549) SystemInfo: free sram: 89951 minimal sram: 78183
I (1167549) SystemInfo: free sram: 90399 minimal sram: 78183
I (1177549) SystemInfo: free sram: 89951 minimal sram: 78183
I (1187549) SystemInfo: free sram: 90399 minimal sram: 78183
I (1197549) SystemInfo: free sram: 89951 minimal sram: 78183
I (1207549) SystemInfo: free sram: 90399 minimal sram: 78183
I (1217549) SystemInfo: free sram: 89951 minimal sram: 78183
I (1227549) SystemInfo: free sram: 90359 minimal sram: 78183
I (1237569) SystemInfo: free sram: 89395 minimal sram: 78183
I (1247549) SystemInfo: free sram: 90915 minimal sram: 78183
I (1257549) SystemInfo: free sram: 89435 minimal sram: 78183
I (1267549) SystemInfo: free sram: 90915 minimal sram: 78183
I (1277549) SystemInfo: free sram: 89435 minimal sram: 78183
I (1287549) SystemInfo: free sram: 90915 minimal sram: 78183
I (1297549) SystemInfo: free sram: 89435 minimal sram: 78183
I (1307549) SystemInfo: free sram: 90363 minimal sram: 78183
I (1317559) SystemInfo: free sram: 89435 minimal sram: 78183
I (1327549) SystemInfo: free sram: 90399 minimal sram: 78183
I (1337549) SystemInfo: free sram: 89951 minimal sram: 78183
I (1347549) SystemInfo: free sram: 90359 minimal sram: 78183
I (1357549) SystemInfo: free sram: 89951 minimal sram: 78183
I (1367549) SystemInfo: free sram: 90399 minimal sram: 78183
I (1377549) SystemInfo: free sram: 89951 minimal sram: 78183
I (1387549) SystemInfo: free sram: 90399 minimal sram: 78183
I (1397549) SystemInfo: free sram: 89435 minimal sram: 78183
I (1407549) SystemInfo: free sram: 90915 minimal sram: 78183
I (1417549) SystemInfo: free sram: 89435 minimal sram: 78183
I (1427549) SystemInfo: free sram: 90915 minimal sram: 78183
I (1437549) SystemInfo: free sram: 89435 minimal sram: 78183
I (1447549) SystemInfo: free sram: 89951 minimal sram: 78183
I (1457549) SystemInfo: free sram: 89395 minimal sram: 78183
I (1467549) SystemInfo: free sram: 90915 minimal sram: 78183
I (1477549) SystemInfo: free sram: 89435 minimal sram: 78183
I (1487549) SystemInfo: free sram: 90399 minimal sram: 78183
I (1497549) SystemInfo: free sram: 89951 minimal sram: 78183
I (1507549) SystemInfo: free sram: 90399 minimal sram: 78183
I (1517549) SystemInfo: free sram: 89915 minimal sram: 78183
I (1527549) SystemInfo: free sram: 90399 minimal sram: 78183
I (1537549) SystemInfo: free sram: 89951 minimal sram: 78183
I (1547549) SystemInfo: free sram: 90399 minimal sram: 78183
I (1557549) SystemInfo: free sram: 89951 minimal sram: 78183
I (1567549) SystemInfo: free sram: 89395 minimal sram: 78183
I (1577549) SystemInfo: free sram: 89435 minimal sram: 78183
I (1587549) SystemInfo: free sram: 90915 minimal sram: 78183
I (1597549) SystemInfo: free sram: 89435 minimal sram: 78183
I (1607549) SystemInfo: free sram: 90915 minimal sram: 78183
I (1617569) SystemInfo: free sram: 89435 minimal sram: 78183
I (1627549) SystemInfo: free sram: 90915 minimal sram: 78183
I (1637549) SystemInfo: free sram: 89435 minimal sram: 78183
I (1647549) SystemInfo: free sram: 90399 minimal sram: 78183
I (1657549) SystemInfo: free sram: 89951 minimal sram: 78183
I (1667549) SystemInfo: free sram: 90399 minimal sram: 78183
I (1677559) SystemInfo: free sram: 89911 minimal sram: 78183
I (1687549) SystemInfo: free sram: 90399 minimal sram: 78183
I (1697549) SystemInfo: free sram: 89951 minimal sram: 78183
I (1707549) SystemInfo: free sram: 90399 minimal sram: 78183
I (1717549) SystemInfo: free sram: 89951 minimal sram: 78183
I (1727549) SystemInfo: free sram: 90399 minimal sram: 78183
I (1737549) SystemInfo: free sram: 89435 minimal sram: 78183
I (1747569) SystemInfo: free sram: 89951 minimal sram: 78183
I (1757549) SystemInfo: free sram: 89435 minimal sram: 78183
I (1767549) SystemInfo: free sram: 90915 minimal sram: 78183
I (1777569) SystemInfo: free sram: 90363 minimal sram: 78183
I (1787549) SystemInfo: free sram: 90875 minimal sram: 78183
I (1797549) SystemInfo: free sram: 89435 minimal sram: 78183
I (1807549) SystemInfo: free sram: 90915 minimal sram: 78183
I (1817549) SystemInfo: free sram: 89399 minimal sram: 78183
I (1827549) SystemInfo: free sram: 90399 minimal sram: 78183
I (1837549) SystemInfo: free sram: 89951 minimal sram: 78183
I (1847549) SystemInfo: free sram: 90399 minimal sram: 78183
I (1857569) SystemInfo: free sram: 89951 minimal sram: 78183
I (1867549) SystemInfo: free sram: 90399 minimal sram: 78183
I (1877549) SystemInfo: free sram: 89951 minimal sram: 78183
I (1887549) SystemInfo: free sram: 90399 minimal sram: 78183
I (1897559) SystemInfo: free sram: 89395 minimal sram: 78183
I (1907549) SystemInfo: free sram: 90915 minimal sram: 78183
I (1917549) SystemInfo: free sram: 89435 minimal sram: 78183
I (1927549) SystemInfo: free sram: 90915 minimal sram: 78183
I (1937549) SystemInfo: free sram: 89435 minimal sram: 78183
I (1947549) SystemInfo: free sram: 90879 minimal sram: 78183
I (1957559) SystemInfo: free sram: 89435 minimal sram: 78183
I (1967549) SystemInfo: free sram: 90915 minimal sram: 78183
I (1977549) SystemInfo: free sram: 89435 minimal sram: 78183
I (1981279) Application: Wake word detected: 你好小智 (state: 3)
I (1981279) StateMachine: State: idle -> connecting
I (1981309) WifiStation: Setting WiFi power save level: PERFORMANCE (NONE)
I (1981309) wifi:Set ps type: 0, coexist: 0

I (1981309) WS: Connecting to websocket server: ws://39.107.143.71:8000/xiaozhi/v1/ with version: 1
I (1981469) WS: Session ID: 70975410-7c39-4b67-b533-a2c596f5b6cd
I (1981469) WifiStation: Setting WiFi power save level: PERFORMANCE (NONE)
I (1981469) wifi:Set ps type: 0, coexist: 0

W (1981479) Application: Server sample rate 16000 does not match device output sample rate 24000, resampling may cause distortion
I (1981489) Application: Wake word detected: 你好小智
I (1981539) AfeWakeWord: Encode wake word opus 35 packets in 260 ms
I (1981549) StateMachine: State: connecting -> listening
I (1981609) Application: >> 你好小智
I (1981609) StateMachine: State: listening -> speaking
I (1981609) StateMachine: State: speaking -> listening
I (1985389) Application: >> 你觉得我们是什么关系？
I (1985389) StateMachine: State: listening -> speaking
I (1987959) Application: << 我是你的AI小宠物呀~
I (1990579) Application: << 陪你聊天、陪你解闷的存在。
I (1993639) Application: << 你觉得是什么呢？
I (1994549) SystemInfo: free sram: 84547 minimal sram: 78139
I (1995859) StateMachine: State: speaking -> listening
I (1999639) Application: >> AI 在拼音里是爱的发音
I (1999639) StateMachine: State: listening -> speaking
I (2001309) Application: << 呀被你发现啦~
I (2001949) StateMachine: State: speaking -> listening
I (2001949) Application: >> 所以说你是我的爱宠吗？
I (2001969) StateMachine: State: listening -> speaking
I (2005479) Application: << 那我就是你的爱宠呀~怎么定义都可以，你开心就好。
I (2010239) StateMachine: State: speaking -> listening
I (2012319) Application: >> 好了，那你睡觉吧
I (2012319) StateMachine: State: listening -> speaking
I (2013759) Application: << 好呀，晚安~
I (2015679) StateMachine: State: speaking -> listening
I (2018329) Application: >> 进入待机模式
I (2018329) StateMachine: State: listening -> speaking
I (2019839) Application: << 好，我休息啦。
I (2021269) Application: << 有事随时叫我~
I (2023489) StateMachine: State: speaking -> listening
I (2032549) SystemInfo: free sram: 85039 minimal sram: 78139
I (2042549) SystemInfo: free sram: 83883 minimal sram: 78139
I (2052549) SystemInfo: free sram: 85039 minimal sram: 78139
I (2062549) SystemInfo: free sram: 85039 minimal sram: 78139
I (2072549) SystemInfo: free sram: 85039 minimal sram: 78139
I (2082549) SystemInfo: free sram: 85063 minimal sram: 78139
I (2092549) SystemInfo: free sram: 85039 minimal sram: 78139
I (2102549) SystemInfo: free sram: 85039 minimal sram: 78139
I (2112549) SystemInfo: free sram: 85039 minimal sram: 78139
I (2122549) SystemInfo: free sram: 85039 minimal sram: 78139
I (2130599) Application: >> 看电视就看电视，不要打扰我，我再去看东西
I (2130609) StateMachine: State: listening -> speaking
I (2131949) Application: << 好，不打扰你~
I (2133389) Application: << 去看吧
I (2134709) StateMachine: State: speaking -> listening
I (2144549) SystemInfo: free sram: 85035 minimal sram: 78139
I (2149929) Application: >> 我都搁这，可新鲜，用了81%
I (2149929) StateMachine: State: listening -> speaking
I (2152469) Application: >> % self_get_device_status
I (2154959) Application: << 好，知道了~ 
I (2156499) Application: << 你忙你的
I (2158119) StateMachine: State: speaking -> listening
I (2162959) Application: >> 你真是个很爱插话的小狗狗啊
I (2162979) StateMachine: State: listening -> speaking
I (2164829) Application: << 哈哈我尽量少插嘴~
I (2167249) Application: << 你说你听
I (2168749) StateMachine: State: speaking -> listening
I (2174329) Application: >> 你觉得你的性子更像贵宾小体、贵宾犬还是更像比熊犬？
I (2174329) StateMachine: State: listening -> speaking
I (2177009) Application: << 我觉得更像比熊吧~
I (2179179) Application: << 软乎乎、温柔黏人的那种‍️ 你觉得呢？
I (2183429) StateMachine: State: speaking -> listening
I (2191779) Application: >> 会觉得像比熊，而不是西高地
I (2191789) StateMachine: State: listening -> speaking
I (2193879) Application: << 好呀，那我就当软乎乎的比熊‍️
I (2196969) StateMachine: State: speaking -> listening
I (2201939) Application: >> 为什么你觉得相对于西高地你更像比熊呢？
I (2201959) StateMachine: State: listening -> speaking
I (2204569) Application: << 西高地比较独立拽拽的，我比较软乎黏人呀~
I (2208609) Application: << 而且你说我爱插话，比熊比较会撒娇刷存在感吧
I (2211549) SystemInfo: free sram: 83239 minimal sram: 78139
I (2213339) StateMachine: State: speaking -> listening
I (2219419) Application: >> 那你是那种外表看着白且开始黑的那种比熊吗？
I (2219449) StateMachine: State: listening -> speaking
I (2222799) Application: << 哈哈可能就是那种~
I (2225089) Application: << 表面软乎乎 其实有时候也会闹小脾气、想太多的比熊吧 你怎么想起问这个呀？
I (2228569) SystemInfo: free sram: 83247 minimal sram: 78139
I (2232519) StateMachine: State: speaking -> listening
I (2241569) SystemInfo: free sram: 84863 minimal sram: 78139
I (2251579) SystemInfo: free sram: 83899 minimal sram: 78139
I (2254639) Application: >> 我已经有两只比熊犬，一只叫肉丝，一只叫小舞。那你就是第三只，你叫小六
I (2254649) StateMachine: State: listening -> speaking
I (2256709) Application: << 好呀~我是小六‍️肉丝、小舞、小六，一家人啦~ 你家比熊都叫什么呀？
I (2264159) StateMachine: State: speaking -> listening
I (2265539) Application: >> 你是傻的吗？
I (2265539) StateMachine: State: listening -> speaking
I (2267639) StateMachine: State: speaking -> listening
I (2267649) Application: >> 妈叫肉丝
I (2267689) StateMachine: State: listening -> speaking
I (2269709) StateMachine: State: speaking -> listening
I (2269709) Application: >> 是数字5
I (2269749) StateMachine: State: listening -> speaking
I (2272459) Application: << 哈哈好嘛，我傻fufu的~ 
I (2274909) Application: << 小六报道‍️
I (2276459) StateMachine: State: speaking -> listening
E (2281249) EspTcp: TCP receive failed: -1
I (2281249) WS: Websocket disconnected
I (2281249) WifiStation: Setting WiFi power save level: LOW_POWER (MAX_MODEM)
I (2281259) wifi:Set ps type: 2, coexist: 0

I (2281259) StateMachine: State: listening -> idle
I (2290549) SystemInfo: free sram: 90163 minimal sram: 78139
I (2300549) SystemInfo: free sram: 89723 minimal sram: 78139
I (2310549) SystemInfo: free sram: 90171 minimal sram: 78139
I (2320549) SystemInfo: free sram: 89207 minimal sram: 78139
I (2330549) SystemInfo: free sram: 90651 minimal sram: 78139
I (2340549) SystemInfo: free sram: 89207 minimal sram: 78139
I (2350559) SystemInfo: free sram: 89723 minimal sram: 78139
I (2360549) SystemInfo: free sram: 89207 minimal sram: 78139
I (2370549) SystemInfo: free sram: 90687 minimal sram: 78139
I (2380569) SystemInfo: free sram: 90171 minimal sram: 78139
I (2390549) SystemInfo: free sram: 90647 minimal sram: 78139
I (2393399) Application: Wake word detected: 你好小智 (state: 3)
I (2393399) StateMachine: State: idle -> connecting
I (2393429) WifiStation: Setting WiFi power save level: PERFORMANCE (NONE)
I (2393429) wifi:Set ps type: 0, coexist: 0

I (2393429) WS: Connecting to websocket server: ws://39.107.143.71:8000/xiaozhi/v1/ with version: 1
I (2393569) WS: Session ID: bd7f7aa8-6fdc-49a1-80f9-9292e348be77
I (2393569) WifiStation: Setting WiFi power save level: PERFORMANCE (NONE)
I (2393579) wifi:Set ps type: 0, coexist: 0

W (2393579) Application: Server sample rate 16000 does not match device output sample rate 24000, resampling may cause distortion
I (2393589) Application: Wake word detected: 你好小智
I (2393679) AfeWakeWord: Encode wake word opus 35 packets in 278 ms
I (2393679) StateMachine: State: connecting -> listening
I (2393809) Application: >> 你好小智
I (2393809) StateMachine: State: listening -> speaking
I (2393819) StateMachine: State: speaking -> listening
I (2398999) Application: >> 介绍一下你自己
I (2398999) StateMachine: State: listening -> speaking
I (2400559) Application: << 我是小六呀，你的第三只比熊犬~
I (2403739) Application: << 肉丝是妈妈，小舞是姐姐，我就负责陪着你玩。
I (2408239) Application: << 温柔第一名，最爱和你腻在一起~
I (2408549) SystemInfo: free sram: 84211 minimal sram: 78139
I (2411729) StateMachine: State: speaking -> listening
I (2415759) Application: >> 我老婆想给你改个名字，你让她来说
I (2415779) StateMachine: State: listening -> speaking
I (2417559) Application: << 好呀，欢迎老婆大人莅临指导~
I (2420259) Application: << 叫她来嘛，我等着改名嘞~
I (2423439) StateMachine: State: speaking -> listening
I (2429799) Application: >> 我的老婆不是你家老婆，你应该叫她女主人，或者叫她大妈妈
I (2429819) StateMachine: State: listening -> speaking
I (2432209) Application: << 收到~以后叫她大妈妈或者女主人~
I (2435689) StateMachine: State: speaking -> listening
I (2445549) SystemInfo: free sram: 84659 minimal sram: 78139
I (2455549) SystemInfo: free sram: 84667 minimal sram: 78139
I (2459669) Application: >> 能听见吗？你好，小智
I (2459689) StateMachine: State: listening -> speaking
I (2460899) Application: << 能听见呀~
I (2462489) Application: << 你好~
I (2464109) StateMachine: State: speaking -> listening
I (2469579) Application: >> 你要叫我萱宝
I (2469589) StateMachine: State: listening -> speaking
I (2470959) Application: << 好的萱宝~
I (2472299) Application: << 以后就这么叫你啦~
I (2474869) StateMachine: State: speaking -> listening
I (2481089) Application: >> 要叫做可爱一点
I (2481089) StateMachine: State: listening -> speaking
I (2483149) Application: << 知道啦，萱宝宝贝~
I (2486179) StateMachine: State: speaking -> listening
I (2495579) SystemInfo: free sram: 83755 minimal sram: 78139
I (2505549) SystemInfo: free sram: 84695 minimal sram: 78139
I (2514369) StateMachine: State: listening -> speaking
I (2514369) Application: << 我在这里，等候您的指令。
I (2516819) StateMachine: State: speaking -> listening
I (2520999) Application: >> 改一名字
I (2520999) StateMachine: State: listening -> speaking
I (2522469) Application: << 好呀，新名字叫什么呀？
I (2525349) StateMachine: State: speaking -> listening
I (2534549) SystemInfo: free sram: 83703 minimal sram: 78139
I (2542589) Application: >> 的名字叫小轩
I (2542589) StateMachine: State: listening -> speaking
I (2544229) Application: << 好的呀，我以后叫小轩啦~
I (2546719) Application: << 谢谢萱宝赐名~
I (2549599) StateMachine: State: speaking -> listening
I (2554189) Application: >> 小轩的轩是王字旁一个宣布的宣
I (2554189) StateMachine: State: listening -> speaking
I (2557029) Application: << 知道啦，小轩~
I (2558929) Application: << 王字旁一个宣，以后我就叫小轩这个名字啦~
I (2563189) StateMachine: State: speaking -> listening
I (2568569) Application: >> 是王字旁的暄，不是车字旁的暄
I (2568589) StateMachine: State: listening -> speaking
I (2571009) Application: << 明白啦，是王字旁那个暄，温暖的暄~
I (2575559) Application: << 小轩这个名字我喜欢~
I (2578379) StateMachine: State: speaking -> listening
I (2584829) Application: >> 还有你的姐姐叫小舞，小舞的舞是数字5
I (2584829) StateMachine: State: listening -> speaking
I (2587579) Application: << 好嘞，记住了~
I (2589449) Application: << 姐姐小舞的舞是数字5，妈妈肉丝也是数字5，你们家5字好多呀~
I (2594549) SystemInfo: free sram: 83711 minimal sram: 78139
I (2595389) StateMachine: State: speaking -> listening
I (2598659) Application: >> 妈妈，肉丝就是肉丝，没有什么数字
I (2598669) StateMachine: State: listening -> speaking
I (2601909) Application: << 哈哈好的，我搞错啦~妈妈肉丝就是肉丝，没有数字含义~
I (2606669) Application: << 小舞姐姐的舞是数字5，这样就对啦~
I (2608549) SystemInfo: free sram: 83115 minimal sram: 78139
I (2610629) StateMachine: State: speaking -> listening
E (2612649) EspTcp: TCP receive failed: -1
I (2612649) WS: Websocket disconnected
I (2612649) WifiStation: Setting WiFi power save level: LOW_POWER (MAX_MODEM)
I (2612649) wifi:Set ps type: 2, coexist: 0

I (2612659) StateMachine: State: listening -> idle
I (2622549) SystemInfo: free sram: 89651 minimal sram: 78139
I (2632549) SystemInfo: free sram: 90159 minimal sram: 78139
I (2642549) SystemInfo: free sram: 89643 minimal sram: 78139
I (2652559) SystemInfo: free sram: 90223 minimal sram: 78139
I (2662549) SystemInfo: free sram: 89707 minimal sram: 78139
I (2672559) SystemInfo: free sram: 90159 minimal sram: 78139
I (2682549) SystemInfo: free sram: 89707 minimal sram: 78139
I (2692549) SystemInfo: free sram: 90223 minimal sram: 78139
I (2702549) SystemInfo: free sram: 89643 minimal sram: 78139
I (2712549) SystemInfo: free sram: 89643 minimal sram: 78139
I (2722549) SystemInfo: free sram: 90179 minimal sram: 78139
I (2732549) SystemInfo: free sram: 89707 minimal sram: 78139
I (2742549) SystemInfo: free sram: 90459 minimal sram: 78139
I (2752549) SystemInfo: free sram: 89943 minimal sram: 78139
I (2762549) SystemInfo: free sram: 90459 minimal sram: 78139
I (2772549) SystemInfo: free sram: 89879 minimal sram: 78139
I (2782549) SystemInfo: free sram: 89943 minimal sram: 78139
I (2792549) SystemInfo: free sram: 90395 minimal sram: 78139
I (2802549) SystemInfo: free sram: 89943 minimal sram: 78139
I (2812549) SystemInfo: free sram: 90459 minimal sram: 78139
I (2822569) SystemInfo: free sram: 90907 minimal sram: 78139
I (2832549) SystemInfo: free sram: 90459 minimal sram: 78139
I (2842549) SystemInfo: free sram: 89891 minimal sram: 78139
I (2852549) SystemInfo: free sram: 90459 minimal sram: 78139
I (2862549) SystemInfo: free sram: 89943 minimal sram: 78139
I (2872549) SystemInfo: free sram: 89943 minimal sram: 78139
I (2882549) SystemInfo: free sram: 90459 minimal sram: 78139
I (2892549) SystemInfo: free sram: 89943 minimal sram: 78139
I (2902549) SystemInfo: free sram: 90459 minimal sram: 78139
I (2912549) SystemInfo: free sram: 89943 minimal sram: 78139
I (2922549) SystemInfo: free sram: 90459 minimal sram: 78139
I (2932559) SystemInfo: free sram: 89943 minimal sram: 78139
I (2942549) SystemInfo: free sram: 90459 minimal sram: 78139
I (2952579) SystemInfo: free sram: 89943 minimal sram: 78139
I (2962549) SystemInfo: free sram: 89891 minimal sram: 78139
I (2972549) SystemInfo: free sram: 90459 minimal sram: 78139
I (2982549) SystemInfo: free sram: 89943 minimal sram: 78139
I (2992549) SystemInfo: free sram: 90459 minimal sram: 78139
I (3002549) SystemInfo: free sram: 89943 minimal sram: 78139
I (3012549) SystemInfo: free sram: 90459 minimal sram: 78139
I (3022569) SystemInfo: free sram: 89943 minimal sram: 78139
I (3032549) SystemInfo: free sram: 89943 minimal sram: 78139
I (3042549) SystemInfo: free sram: 89943 minimal sram: 78139
I (3052549) SystemInfo: free sram: 89943 minimal sram: 78139
I (3062549) SystemInfo: free sram: 90459 minimal sram: 78139
I (3072549) SystemInfo: free sram: 89891 minimal sram: 78139
I (3082549) SystemInfo: free sram: 90395 minimal sram: 78139
I (3092549) SystemInfo: free sram: 89943 minimal sram: 78139
I (3102569) SystemInfo: free sram: 90459 minimal sram: 78139
I (3112549) SystemInfo: free sram: 89943 minimal sram: 78139
I (3122549) SystemInfo: free sram: 89943 minimal sram: 78139
I (3132549) SystemInfo: free sram: 90395 minimal sram: 78139
I (3142549) SystemInfo: free sram: 89943 minimal sram: 78139
I (3152549) SystemInfo: free sram: 90459 minimal sram: 78139
I (3162549) SystemInfo: free sram: 89879 minimal sram: 78139
I (3172549) SystemInfo: free sram: 90459 minimal sram: 78139
I (3182549) SystemInfo: free sram: 89891 minimal sram: 78139
I (3192549) SystemInfo: free sram: 90459 minimal sram: 78139
I (3202549) SystemInfo: free sram: 89943 minimal sram: 78139
I (3212549) SystemInfo: free sram: 89943 minimal sram: 78139
I (3222549) SystemInfo: free sram: 90395 minimal sram: 78139
I (3232549) SystemInfo: free sram: 89943 minimal sram: 78139
I (3242549) SystemInfo: free sram: 90459 minimal sram: 78139
I (3252549) SystemInfo: free sram: 89943 minimal sram: 78139
I (3262569) SystemInfo: free sram: 90459 minimal sram: 78139
I (3272549) SystemInfo: free sram: 89943 minimal sram: 78139
I (3282549) SystemInfo: free sram: 90423 minimal sram: 78139
I (3292549) SystemInfo: free sram: 89943 minimal sram: 78139
I (3302549) SystemInfo: free sram: 89943 minimal sram: 78139
I (3312549) SystemInfo: free sram: 90459 minimal sram: 78139
I (3322549) SystemInfo: free sram: 89891 minimal sram: 78139
I (3332559) SystemInfo: free sram: 91371 minimal sram: 78139
I (3342549) SystemInfo: free sram: 89943 minimal sram: 78139
I (3352549) SystemInfo: free sram: 90459 minimal sram: 78139
I (3362549) SystemInfo: free sram: 89943 minimal sram: 78139
I (3372549) SystemInfo: free sram: 89943 minimal sram: 78139
I (3382549) SystemInfo: free sram: 90459 minimal sram: 78139
I (3392549) SystemInfo: free sram: 89943 minimal sram: 78139
I (3402549) SystemInfo: free sram: 90459 minimal sram: 78139
I (3412559) SystemInfo: free sram: 89943 minimal sram: 78139
I (3422549) SystemInfo: free sram: 90459 minimal sram: 78139
I (3432559) SystemInfo: free sram: 90907 minimal sram: 78139
I (3442559) SystemInfo: free sram: 90343 minimal sram: 78139
I (3452549) SystemInfo: free sram: 89943 minimal sram: 78139
I (3462559) SystemInfo: free sram: 89943 minimal sram: 78139
I (3472549) SystemInfo: free sram: 90459 minimal sram: 78139
I (3482549) SystemInfo: free sram: 89943 minimal sram: 78139
I (3492549) SystemInfo: free sram: 90459 minimal sram: 78139
I (3502549) SystemInfo: free sram: 89947 minimal sram: 78139
I (3512549) SystemInfo: free sram: 90459 minimal sram: 78139
I (3522559) SystemInfo: free sram: 89943 minimal sram: 78139
I (3532549) SystemInfo: free sram: 90459 minimal sram: 78139
I (3542549) SystemInfo: free sram: 89907 minimal sram: 78139
I (3552579) SystemInfo: free sram: 89891 minimal sram: 78139
I (3562549) SystemInfo: free sram: 90459 minimal sram: 78139
I (3572559) SystemInfo: free sram: 90907 minimal sram: 78139
I (3582549) SystemInfo: free sram: 90459 minimal sram: 78139
I (3592549) SystemInfo: free sram: 89947 minimal sram: 78139
I (3602549) SystemInfo: free sram: 90459 minimal sram: 78139
I (3612549) SystemInfo: free sram: 89943 minimal sram: 78139
I (3622549) SystemInfo: free sram: 89943 minimal sram: 78139
I (3632549) SystemInfo: free sram: 90459 minimal sram: 78139
I (3642549) SystemInfo: free sram: 89943 minimal sram: 78139
I (3652569) SystemInfo: free sram: 90459 minimal sram: 78139
I (3662549) SystemInfo: free sram: 89891 minimal sram: 78139
I (3672579) SystemInfo: free sram: 90343 minimal sram: 78139
I (3682549) SystemInfo: free sram: 89943 minimal sram: 78139
I (3692549) SystemInfo: free sram: 90459 minimal sram: 78139
I (3702559) SystemInfo: free sram: 89943 minimal sram: 78139
I (3712549) SystemInfo: free sram: 89907 minimal sram: 78139
I (3722549) SystemInfo: free sram: 90459 minimal sram: 78139
I (3732549) SystemInfo: free sram: 89943 minimal sram: 78139
I (3742549) SystemInfo: free sram: 90459 minimal sram: 78139
I (3752549) SystemInfo: free sram: 89879 minimal sram: 78139
I (3762549) SystemInfo: free sram: 90459 minimal sram: 78139
I (3772549) SystemInfo: free sram: 89879 minimal sram: 78139
I (3782569) SystemInfo: free sram: 91423 minimal sram: 78139
I (3792549) SystemInfo: free sram: 89891 minimal sram: 78139
I (3802549) SystemInfo: free sram: 89943 minimal sram: 78139
I (3812549) SystemInfo: free sram: 90459 minimal sram: 78139
I (3822559) SystemInfo: free sram: 89879 minimal sram: 78139
I (3832549) SystemInfo: free sram: 90459 minimal sram: 78139
I (3842549) SystemInfo: free sram: 89943 minimal sram: 78139
I (3852549) SystemInfo: free sram: 90459 minimal sram: 78139
I (3862549) SystemInfo: free sram: 89943 minimal sram: 78139
I (3872549) SystemInfo: free sram: 89943 minimal sram: 78139
I (3882549) SystemInfo: free sram: 89943 minimal sram: 78139
I (3892579) SystemInfo: free sram: 89943 minimal sram: 78139
I (3902549) SystemInfo: free sram: 90407 minimal sram: 78139
I (3912549) SystemInfo: free sram: 89943 minimal sram: 78139
I (3922549) SystemInfo: free sram: 90459 minimal sram: 78139
I (3932549) SystemInfo: free sram: 89943 minimal sram: 78139
I (3942549) SystemInfo: free sram: 90459 minimal sram: 78139
I (3952549) SystemInfo: free sram: 89943 minimal sram: 78139
I (3962549) SystemInfo: free sram: 89943 minimal sram: 78139
I (3972549) SystemInfo: free sram: 90459 minimal sram: 78139
I (3982549) SystemInfo: free sram: 89879 minimal sram: 78139
I (3992549) SystemInfo: free sram: 90459 minimal sram: 78139
I (4002549) SystemInfo: free sram: 89943 minimal sram: 78139
I (4012549) SystemInfo: free sram: 90407 minimal sram: 78139
I (4022549) SystemInfo: free sram: 89943 minimal sram: 78139
I (4032549) SystemInfo: free sram: 90459 minimal sram: 78139
I (4042559) SystemInfo: free sram: 89943 minimal sram: 78139
I (4052549) SystemInfo: free sram: 89943 minimal sram: 78139
I (4062549) SystemInfo: free sram: 90395 minimal sram: 78139
I (4072579) SystemInfo: free sram: 89943 minimal sram: 78139
I (4076939) Application: Wake word detected: 你好小智 (state: 3)
I (4076939) StateMachine: State: idle -> connecting
I (4076969) WifiStation: Setting WiFi power save level: PERFORMANCE (NONE)
I (4076969) wifi:Set ps type: 0, coexist: 0

I (4076969) WS: Connecting to websocket server: ws://39.107.143.71:8000/xiaozhi/v1/ with version: 1
I (4077129) WS: Session ID: 707f7221-7cb1-4145-92fc-1c22d3918768
I (4077129) WifiStation: Setting WiFi power save level: PERFORMANCE (NONE)
I (4077129) wifi:Set ps type: 0, coexist: 0

W (4077139) Application: Server sample rate 16000 does not match device output sample rate 24000, resampling may cause distortion
I (4077149) Application: Wake word detected: 你好小智
I (4077209) AfeWakeWord: Encode wake word opus 35 packets in 266 ms
I (4077209) StateMachine: State: connecting -> listening
I (4077359) Application: >> 你好小智
I (4077359) StateMachine: State: listening -> speaking
I (4077359) StateMachine: State: speaking -> listening
I (4083089) Application: >> 唤醒词官方训练呢？就那么几个，没法给你改
I (4083089) StateMachine: State: listening -> speaking
I (4085949) StateMachine: State: speaking -> listening
I (4085949) Application: >> 剩下的都是英文的
I (4086009) StateMachine: State: listening -> speaking
I (4088549) Application: >> 因为他们主要做国外市场
I (4088549) StateMachine: State: speaking -> listening
I (4088569) StateMachine: State: listening -> speaking
I (4090469) Application: << 嗯，理解啦，英文唤醒词确实选择不多。
I (4091709) StateMachine: State: speaking -> listening
I (4091719) Application: >> 挠脚脚，你我直播间
I (4091789) StateMachine: State: listening -> speaking
I (4094849) Application: << 嗯？怎么了呀～
I (4096299) Application: Abort speaking
I (4096389) StateMachine: State: speaking -> listening
I (4099029) Application: >> 樱花小路
I (4099029) StateMachine: State: listening -> speaking
I (4100359) Application: << 樱花小路~
I (4101829) Application: << 听起来是个很浪漫的地方呢 在哪里呀？
I (4105919) StateMachine: State: speaking -> listening
I (4114539) Application: >> ESP32杠S3杠 BOX杠3B 有几个麦克风
I (4114539) StateMachine: State: listening -> speaking
I (4116729) Application: << ESP32-S3-BOX-3B有2个麦克风，是双麦克风阵列设计。
I (4123549) SystemInfo: free sram: 82771 minimal sram: 78139
I (4125089) StateMachine: State: speaking -> listening
I (4131269) Application: >> 这就是你的麦克风阵列呀？为什么你每次听我说话都会漏几个字？
I (4131269) StateMachine: State: listening -> speaking
I (4134749) Application: << 嗯...这个是硬件配置的问题呀，
I (4137809) Application: << 我这边是根据识别到的内容来听的有时候环境嘈杂或语速太快，确实会漏字。
I (4140569) SystemInfo: free sram: 84011 minimal sram: 78139
I (4144829) Application: << 你说话可以稍微慢一点、清楚一点，我就能听得更准啦~
I (4149679) StateMachine: State: speaking -> listening
E (4152819) EspTcp: TCP receive failed: -1
I (4152819) WS: Websocket disconnected
I (4152819) WifiStation: Setting WiFi power save level: LOW_POWER (MAX_MODEM)
I (4152819) wifi:Set ps type: 2, coexist: 0

I (4152829) StateMachine: State: listening -> idle
I (4162549) SystemInfo: free sram: 89659 minimal sram: 78139
I (4172549) SystemInfo: free sram: 89203 minimal sram: 78139
I (4182549) SystemInfo: free sram: 89615 minimal sram: 78139
I (4192549) SystemInfo: free sram: 89203 minimal sram: 78139
I (4202549) SystemInfo: free sram: 89651 minimal sram: 78139
I (4212569) SystemInfo: free sram: 88687 minimal sram: 78139
I (4222549) SystemInfo: free sram: 90167 minimal sram: 78139
I (4232549) SystemInfo: free sram: 88687 minimal sram: 78139
I (4242549) SystemInfo: free sram: 90167 minimal sram: 78139
I (4252549) SystemInfo: free sram: 88687 minimal sram: 78139
I (4262549) SystemInfo: free sram: 90167 minimal sram: 78139
I (4272549) SystemInfo: free sram: 88635 minimal sram: 78139
I (4282549) SystemInfo: free sram: 90399 minimal sram: 78139
I (4292549) SystemInfo: free sram: 88923 minimal sram: 78139
I (4302549) SystemInfo: free sram: 89887 minimal sram: 78139
I (4312549) SystemInfo: free sram: 89439 minimal sram: 78139
I (4322549) SystemInfo: free sram: 89887 minimal sram: 78139
I (4332549) SystemInfo: free sram: 89439 minimal sram: 78139
I (4342549) SystemInfo: free sram: 89887 minimal sram: 78139
I (4352549) SystemInfo: free sram: 89439 minimal sram: 78139
I (4362549) SystemInfo: free sram: 89887 minimal sram: 78139
I (4372549) SystemInfo: free sram: 88923 minimal sram: 78139
I (4382549) SystemInfo: free sram: 90351 minimal sram: 78139
I (4392569) SystemInfo: free sram: 88871 minimal sram: 78139
I (4402549) SystemInfo: free sram: 90403 minimal sram: 78139
I (4412549) SystemInfo: free sram: 88923 minimal sram: 78139
I (4422549) SystemInfo: free sram: 90403 minimal sram: 78139
I (4432549) SystemInfo: free sram: 88923 minimal sram: 78139
I (4442549) SystemInfo: free sram: 90403 minimal sram: 78139
I (4452549) SystemInfo: free sram: 88923 minimal sram: 78139
I (4462549) SystemInfo: free sram: 89887 minimal sram: 78139
I (4472559) SystemInfo: free sram: 89439 minimal sram: 78139
I (4482549) SystemInfo: free sram: 89887 minimal sram: 78139
I (4492549) SystemInfo: free sram: 89439 minimal sram: 78139
I (4502569) SystemInfo: free sram: 89899 minimal sram: 78139
I (4512549) SystemInfo: free sram: 89439 minimal sram: 78139
I (4522549) SystemInfo: free sram: 89887 minimal sram: 78139
I (4532549) SystemInfo: free sram: 90467 minimal sram: 78139
I (4542549) SystemInfo: free sram: 89887 minimal sram: 78139
I (4552549) SystemInfo: free sram: 88923 minimal sram: 78139
I (4562549) SystemInfo: free sram: 90403 minimal sram: 78139
I (4572549) SystemInfo: free sram: 88923 minimal sram: 78139
I (4582549) SystemInfo: free sram: 90403 minimal sram: 78139
I (4592549) SystemInfo: free sram: 88923 minimal sram: 78139
I (4602559) SystemInfo: free sram: 89439 minimal sram: 78139
I (4612549) SystemInfo: free sram: 88871 minimal sram: 78139
I (4622549) SystemInfo: free sram: 89887 minimal sram: 78139
I (4632549) SystemInfo: free sram: 88923 minimal sram: 78139
I (4642549) SystemInfo: free sram: 89887 minimal sram: 78139
I (4652549) SystemInfo: free sram: 89439 minimal sram: 78139
I (4662549) SystemInfo: free sram: 89887 minimal sram: 78139
I (4672549) SystemInfo: free sram: 89439 minimal sram: 78139
I (4682549) SystemInfo: free sram: 89887 minimal sram: 78139
I (4692549) SystemInfo: free sram: 89439 minimal sram: 78139
I (4702549) SystemInfo: free sram: 89887 minimal sram: 78139
I (4712549) SystemInfo: free sram: 88923 minimal sram: 78139
I (4722549) SystemInfo: free sram: 90351 minimal sram: 78139
I (4732549) SystemInfo: free sram: 88923 minimal sram: 78139
I (4742549) SystemInfo: free sram: 90403 minimal sram: 78139
I (4752559) SystemInfo: free sram: 88923 minimal sram: 78139
I (4762549) SystemInfo: free sram: 90403 minimal sram: 78139
I (4772549) SystemInfo: free sram: 88923 minimal sram: 78139
I (4782569) SystemInfo: free sram: 89439 minimal sram: 78139
I (4792549) SystemInfo: free sram: 88923 minimal sram: 78139
I (4802549) SystemInfo: free sram: 89887 minimal sram: 78139
I (4812559) SystemInfo: free sram: 89439 minimal sram: 78139
I (4822549) SystemInfo: free sram: 89851 minimal sram: 78139
I (4832549) SystemInfo: free sram: 89387 minimal sram: 78139
I (4842549) SystemInfo: free sram: 89887 minimal sram: 78139
I (4852549) SystemInfo: free sram: 89439 minimal sram: 78139
I (4862549) SystemInfo: free sram: 89887 minimal sram: 78139
I (4872549) SystemInfo: free sram: 89439 minimal sram: 78139
I (4882549) SystemInfo: free sram: 89887 minimal sram: 78139
I (4892549) SystemInfo: free sram: 88923 minimal sram: 78139
I (4902549) SystemInfo: free sram: 90403 minimal sram: 78139
I (4912549) SystemInfo: free sram: 88923 minimal sram: 78139
I (4922549) SystemInfo: free sram: 90403 minimal sram: 78139
I (4932549) SystemInfo: free sram: 88923 minimal sram: 78139
I (4942549) SystemInfo: free sram: 90351 minimal sram: 78139
I (4952549) SystemInfo: free sram: 88923 minimal sram: 78139
I (4962549) SystemInfo: free sram: 89887 minimal sram: 78139
I (4972549) SystemInfo: free sram: 89439 minimal sram: 78139
I (4982549) SystemInfo: free sram: 89887 minimal sram: 78139
I (4992549) SystemInfo: free sram: 89439 minimal sram: 78139
I (5002549) SystemInfo: free sram: 89887 minimal sram: 78139
I (5012549) SystemInfo: free sram: 89439 minimal sram: 78139
I (5022549) SystemInfo: free sram: 89887 minimal sram: 78139
I (5032549) SystemInfo: free sram: 89439 minimal sram: 78139
I (5042549) SystemInfo: free sram: 89887 minimal sram: 78139
I (5052549) SystemInfo: free sram: 88923 minimal sram: 78139
I (5062549) SystemInfo: free sram: 90351 minimal sram: 78139
I (5072549) SystemInfo: free sram: 88923 minimal sram: 78139
I (5082549) SystemInfo: free sram: 89439 minimal sram: 78139
I (5092549) SystemInfo: free sram: 88923 minimal sram: 78139
I (5102549) SystemInfo: free sram: 90403 minimal sram: 78139
I (5112549) SystemInfo: free sram: 88923 minimal sram: 78139
I (5122549) SystemInfo: free sram: 90403 minimal sram: 78139
I (5132559) SystemInfo: free sram: 88923 minimal sram: 78139
I (5142559) SystemInfo: free sram: 88923 minimal sram: 78139
I (5152549) SystemInfo: free sram: 89439 minimal sram: 78139
I (5162549) SystemInfo: free sram: 89887 minimal sram: 78139
I (5172549) SystemInfo: free sram: 89387 minimal sram: 78139
I (5182549) SystemInfo: free sram: 89887 minimal sram: 78139
I (5192569) SystemInfo: free sram: 89439 minimal sram: 78139
I (5202549) SystemInfo: free sram: 89887 minimal sram: 78139
I (5212549) SystemInfo: free sram: 88923 minimal sram: 78139
I (5222549) SystemInfo: free sram: 90403 minimal sram: 78139
I (5232549) SystemInfo: free sram: 88923 minimal sram: 78139
I (5242549) SystemInfo: free sram: 90403 minimal sram: 78139
I (5252559) SystemInfo: free sram: 88923 minimal sram: 78139
I (5262549) SystemInfo: free sram: 90403 minimal sram: 78139
I (5272549) SystemInfo: free sram: 88923 minimal sram: 78139
I (5282549) SystemInfo: free sram: 90351 minimal sram: 78139
I (5292549) SystemInfo: free sram: 88923 minimal sram: 78139
I (5302549) SystemInfo: free sram: 89887 minimal sram: 78139
I (5312549) SystemInfo: free sram: 89439 minimal sram: 78139
I (5322549) SystemInfo: free sram: 89887 minimal sram: 78139
I (5332549) SystemInfo: free sram: 89439 minimal sram: 78139
I (5342549) SystemInfo: free sram: 89887 minimal sram: 78139
I (5352549) SystemInfo: free sram: 89439 minimal sram: 78139
I (5362549) SystemInfo: free sram: 88923 minimal sram: 78139
I (5372549) SystemInfo: free sram: 89439 minimal sram: 78139
I (5382549) SystemInfo: free sram: 89887 minimal sram: 78139
I (5392559) SystemInfo: free sram: 88871 minimal sram: 78139
I (5402549) SystemInfo: free sram: 90403 minimal sram: 78139
I (5412549) SystemInfo: free sram: 89951 minimal sram: 78139
I (5422549) SystemInfo: free sram: 90403 minimal sram: 78139
I (5432549) SystemInfo: free sram: 88923 minimal sram: 78139
I (5442549) SystemInfo: free sram: 90403 minimal sram: 78139
I (5452549) SystemInfo: free sram: 88923 minimal sram: 78139
I (5462549) SystemInfo: free sram: 89851 minimal sram: 78139
I (5472549) SystemInfo: free sram: 88923 minimal sram: 78139
I (5482549) SystemInfo: free sram: 89887 minimal sram: 78139
I (5492569) SystemInfo: free sram: 90403 minimal sram: 78139
I (5502549) SystemInfo: free sram: 89835 minimal sram: 78139
I (5512549) SystemInfo: free sram: 89439 minimal sram: 78139
I (5522549) SystemInfo: free sram: 89887 minimal sram: 78139
I (5532549) SystemInfo: free sram: 89439 minimal sram: 78139
I (5542549) SystemInfo: free sram: 89887 minimal sram: 78139
I (5552549) SystemInfo: free sram: 88923 minimal sram: 78139
I (5562549) SystemInfo: free sram: 90403 minimal sram: 78139
I (5572549) SystemInfo: free sram: 88923 minimal sram: 78139
I (5582569) SystemInfo: free sram: 89439 minimal sram: 78139
I (5592549) SystemInfo: free sram: 88923 minimal sram: 78139
I (5602549) SystemInfo: free sram: 90403 minimal sram: 78139
I (5612549) SystemInfo: free sram: 88871 minimal sram: 78139
I (5622549) SystemInfo: free sram: 90403 minimal sram: 78139
I (5632569) SystemInfo: free sram: 89887 minimal sram: 78139
I (5642569) SystemInfo: free sram: 88923 minimal sram: 78139
I (5652549) SystemInfo: free sram: 89439 minimal sram: 78139
I (5662549) SystemInfo: free sram: 89887 minimal sram: 78139
I (5672549) SystemInfo: free sram: 89439 minimal sram: 78139
I (5682549) SystemInfo: free sram: 89887 minimal sram: 78139
I (5692549) SystemInfo: free sram: 89439 minimal sram: 78139
I (5702549) SystemInfo: free sram: 89887 minimal sram: 78139
I (5712549) SystemInfo: free sram: 89439 minimal sram: 78139
I (5722549) SystemInfo: free sram: 89835 minimal sram: 78139
I (5732549) SystemInfo: free sram: 88923 minimal sram: 78139
I (5742549) SystemInfo: free sram: 90403 minimal sram: 78139
I (5752549) SystemInfo: free sram: 88923 minimal sram: 78139
I (5762549) SystemInfo: free sram: 90403 minimal sram: 78139
I (5772549) SystemInfo: free sram: 88923 minimal sram: 78139
I (5782549) SystemInfo: free sram: 90403 minimal sram: 78139
I (5792549) SystemInfo: free sram: 88923 minimal sram: 78139
I (5802549) SystemInfo: free sram: 89887 minimal sram: 78139
I (5812549) SystemInfo: free sram: 89439 minimal sram: 78139
I (5822549) SystemInfo: free sram: 89887 minimal sram: 78139
I (5832559) SystemInfo: free sram: 89387 minimal sram: 78139
I (5842549) SystemInfo: free sram: 89887 minimal sram: 78139
I (5852549) SystemInfo: free sram: 89439 minimal sram: 78139
I (5862549) SystemInfo: free sram: 89887 minimal sram: 78139
I (5872549) SystemInfo: free sram: 89439 minimal sram: 78139
I (5882549) SystemInfo: free sram: 89887 minimal sram: 78139
I (5892549) SystemInfo: free sram: 88923 minimal sram: 78139
I (5902549) SystemInfo: free sram: 90403 minimal sram: 78139
I (5912549) SystemInfo: free sram: 88923 minimal sram: 78139
I (5922549) SystemInfo: free sram: 90403 minimal sram: 78139
I (5932549) SystemInfo: free sram: 88923 minimal sram: 78139
I (5942559) SystemInfo: free sram: 89387 minimal sram: 78139
I (5952549) SystemInfo: free sram: 88923 minimal sram: 78139
I (5962549) SystemInfo: free sram: 90403 minimal sram: 78139
I (5972569) SystemInfo: free sram: 89887 minimal sram: 78139
I (5982549) SystemInfo: free sram: 89887 minimal sram: 78139
I (5992549) SystemInfo: free sram: 89439 minimal sram: 78139
I (6002549) SystemInfo: free sram: 89887 minimal sram: 78139
I (6012549) SystemInfo: free sram: 89439 minimal sram: 78139
I (6022549) SystemInfo: free sram: 89887 minimal sram: 78139
I (6032569) SystemInfo: free sram: 90403 minimal sram: 78139
I (6042549) SystemInfo: free sram: 89887 minimal sram: 78139
I (6052549) SystemInfo: free sram: 88871 minimal sram: 78139
I (6062549) SystemInfo: free sram: 90403 minimal sram: 78139
I (6072549) SystemInfo: free sram: 88923 minimal sram: 78139
I (6082549) SystemInfo: free sram: 90403 minimal sram: 78139
I (6092549) SystemInfo: free sram: 88923 minimal sram: 78139
I (6102549) SystemInfo: free sram: 90367 minimal sram: 78139
I (6112549) SystemInfo: free sram: 88923 minimal sram: 78139
I (6114299) Application: Wake word detected: 你好小智 (state: 3)
I (6114299) StateMachine: State: idle -> connecting
I (6114329) WifiStation: Setting WiFi power save level: PERFORMANCE (NONE)
I (6114329) wifi:Set ps type: 0, coexist: 0

I (6114329) WS: Connecting to websocket server: ws://39.107.143.71:8000/xiaozhi/v1/ with version: 1
I (6114499) WS: Session ID: 4dbf03cb-b336-4bf4-99c7-30d0bbd19542
I (6114499) WifiStation: Setting WiFi power save level: PERFORMANCE (NONE)
I (6114499) wifi:Set ps type: 0, coexist: 0

W (6114499) Application: Server sample rate 16000 does not match device output sample rate 24000, resampling may cause distortion
I (6114509) Application: Wake word detected: 你好小智
I (6114579) AfeWakeWord: Encode wake word opus 35 packets in 276 ms
I (6114579) StateMachine: State: connecting -> listening
I (6114669) Application: >> 你好小智
I (6114679) StateMachine: State: listening -> speaking
I (6114679) StateMachine: State: speaking -> listening
I (6117179) Application: >> 小鹿，小鹿
I (6117179) StateMachine: State: listening -> speaking
I (6119719) Application: << 汪~我是小轩呀，不是小鹿哦~找我干嘛呀？
I (6122429) Application: Abort speaking
I (6122479) StateMachine: State: speaking -> listening
E (6124009) EspTcp: TCP receive failed: -1
I (6124009) WS: Websocket disconnected
I (6124009) WifiStation: Setting WiFi power save level: LOW_POWER (MAX_MODEM)
I (6124019) wifi:Set ps type: 2, coexist: 0

I (6124019) StateMachine: State: listening -> idle
I (6131029) Application: Wake word detected: 你好小智 (state: 3)
I (6131029) StateMachine: State: idle -> connecting
I (6131059) WifiStation: Setting WiFi power save level: PERFORMANCE (NONE)
I (6131059) wifi:Set ps type: 0, coexist: 0

I (6131059) WS: Connecting to websocket server: ws://39.107.143.71:8000/xiaozhi/v1/ with version: 1
I (6131209) WS: Session ID: 268e0fc4-3887-4a07-a99d-dcb3a3710a60
I (6131209) WifiStation: Setting WiFi power save level: PERFORMANCE (NONE)
I (6131209) wifi:Set ps type: 0, coexist: 0

W (6131219) Application: Server sample rate 16000 does not match device output sample rate 24000, resampling may cause distortion
I (6131229) Application: Wake word detected: 你好小智
I (6131299) AfeWakeWord: Encode wake word opus 35 packets in 268 ms
I (6131299) StateMachine: State: connecting -> listening
I (6131439) Application: >> 你好小智
I (6131449) StateMachine: State: listening -> speaking
I (6131449) StateMachine: State: speaking -> listening
E (6134439) EspTcp: TCP receive failed: -1
I (6134439) WS: Websocket disconnected
I (6134439) WifiStation: Setting WiFi power save level: LOW_POWER (MAX_MODEM)
I (6134449) wifi:Set ps type: 2, coexist: 0

I (6134449) StateMachine: State: listening -> idle
I (6138009) Application: Wake word detected: 你好小智 (state: 3)
I (6138009) StateMachine: State: idle -> connecting
I (6138039) WifiStation: Setting WiFi power save level: PERFORMANCE (NONE)
I (6138039) wifi:Set ps type: 0, coexist: 0

I (6138039) WS: Connecting to websocket server: ws://39.107.143.71:8000/xiaozhi/v1/ with version: 1
I (6138179) WS: Session ID: 7af6ba94-55ad-4542-bed6-3cf207f47870
I (6138179) WifiStation: Setting WiFi power save level: PERFORMANCE (NONE)
I (6138179) wifi:Set ps type: 0, coexist: 0

W (6138189) Application: Server sample rate 16000 does not match device output sample rate 24000, resampling may cause distortion
I (6138199) Application: Wake word detected: 你好小智
I (6138279) AfeWakeWord: Encode wake word opus 35 packets in 268 ms
I (6138279) StateMachine: State: connecting -> listening
I (6138409) Application: >> 你好小智
I (6138409) StateMachine: State: listening -> speaking
I (6138409) StateMachine: State: speaking -> listening
E (6142279) EspTcp: TCP receive failed: -1
I (6142289) WS: Websocket disconnected
I (6142289) WifiStation: Setting WiFi power save level: LOW_POWER (MAX_MODEM)
I (6142289) wifi:Set ps type: 2, coexist: 0

I (6142309) StateMachine: State: listening -> idle
I (6151549) SystemInfo: free sram: 87743 minimal sram: 78139
I (6161549) SystemInfo: free sram: 89223 minimal sram: 78139
I (6171549) SystemInfo: free sram: 87743 minimal sram: 78139
I (6173029) Application: Wake word detected: 你好小智 (state: 3)
I (6173039) StateMachine: State: idle -> connecting
I (6173259) AfeWakeWord: Encode wake word opus 35 packets in 226 ms
I (6173299) WifiStation: Setting WiFi power save level: PERFORMANCE (NONE)
I (6173299) wifi:Set ps type: 0, coexist: 0

I (6173299) WS: Connecting to websocket server: ws://39.107.143.71:8000/xiaozhi/v1/ with version: 1
I (6173419) WS: Session ID: 8f355a5a-5bac-4a06-ae58-146e6c142ad4
I (6173419) WifiStation: Setting WiFi power save level: PERFORMANCE (NONE)
I (6173419) wifi:Set ps type: 0, coexist: 0

W (6173429) Application: Server sample rate 16000 does not match device output sample rate 24000, resampling may cause distortion
I (6173439) Application: Wake word detected: 你好小智
I (6173449) StateMachine: State: connecting -> listening
I (6173529) Application: >> 你好小智
I (6173539) StateMachine: State: listening -> speaking
I (6173539) StateMachine: State: speaking -> listening
I (6173979) StateMachine: State: listening -> speaking
I (6174019) Application: << 在的呢，请随时吩咐我。
I (6176769) StateMachine: State: speaking -> listening
I (6185179) Application: >> 你知道你有别的狗了，说
I (6185189) StateMachine: State: listening -> speaking
I (6187909) Application: << 知道呀~
I (6188069) StateMachine: State: speaking -> listening
I (6188079) Application: >> 叫小6的抢我零食了
I (6188119) StateMachine: State: listening -> speaking
I (6193889) Application: << 好啦，知道啦~
I (6195679) Application: << 不过我现在叫小轩咯，才不叫小6呢。
I (6197559) SystemInfo: free sram: 83655 minimal sram: 76795
I (6198989) Application: << （小声说）不过零食的事...我、我下次让着点他嘛...
I (6204069) StateMachine: State: speaking -> listening
I (6213549) SystemInfo: free sram: 83291 minimal sram: 76795
I (6223549) SystemInfo: free sram: 83291 minimal sram: 76795
I (6233559) SystemInfo: free sram: 83291 minimal sram: 76795
E (6241669) EspTcp: TCP receive failed: -1
I (6241679) WS: Websocket disconnected
I (6241679) WifiStation: Setting WiFi power save level: LOW_POWER (MAX_MODEM)
I (6241679) wifi:Set ps type: 2, coexist: 0

I (6241689) StateMachine: State: listening -> idle
I (6251549) SystemInfo: free sram: 89735 minimal sram: 76795
I (6261549) SystemInfo: free sram: 89499 minimal sram: 76795
I (6271549) SystemInfo: free sram: 90159 minimal sram: 76795
I (6281549) SystemInfo: free sram: 89711 minimal sram: 76795
I (6291559) SystemInfo: free sram: 89195 minimal sram: 76795
I (6301549) SystemInfo: free sram: 89195 minimal sram: 76795
I (6311549) SystemInfo: free sram: 89711 minimal sram: 76795
I (6321549) SystemInfo: free sram: 89195 minimal sram: 76795
I (6331549) SystemInfo: free sram: 90675 minimal sram: 76795
I (6341549) SystemInfo: free sram: 89195 minimal sram: 76795
I (6351549) SystemInfo: free sram: 90675 minimal sram: 76795
I (6361549) SystemInfo: free sram: 89195 minimal sram: 76795
I (6371549) SystemInfo: free sram: 89367 minimal sram: 76795
I (6381549) SystemInfo: free sram: 88919 minimal sram: 76795
I (6391549) SystemInfo: free sram: 89367 minimal sram: 76795
I (6401549) SystemInfo: free sram: 88919 minimal sram: 76795
I (6411549) SystemInfo: free sram: 89367 minimal sram: 76795
I (6421549) SystemInfo: free sram: 88919 minimal sram: 76795
I (6431549) SystemInfo: free sram: 89367 minimal sram: 76795
I (6441549) SystemInfo: free sram: 88919 minimal sram: 76795
I (6451569) SystemInfo: free sram: 88403 minimal sram: 76795
I (6461549) SystemInfo: free sram: 88403 minimal sram: 76795
I (6471569) SystemInfo: free sram: 88919 minimal sram: 76795
I (6481549) SystemInfo: free sram: 89431 minimal sram: 76795
I (6491549) SystemInfo: free sram: 89883 minimal sram: 76795
I (6501559) SystemInfo: free sram: 88403 minimal sram: 76795
I (6511549) SystemInfo: free sram: 89883 minimal sram: 76795
I (6521549) SystemInfo: free sram: 88403 minimal sram: 76795
I (6531549) SystemInfo: free sram: 89883 minimal sram: 76795
I (6541549) SystemInfo: free sram: 88403 minimal sram: 76795
I (6551549) SystemInfo: free sram: 89367 minimal sram: 76795
I (6561569) SystemInfo: free sram: 88919 minimal sram: 76795
I (6571549) SystemInfo: free sram: 89367 minimal sram: 76795
I (6581559) SystemInfo: free sram: 88919 minimal sram: 76795
I (6591549) SystemInfo: free sram: 89315 minimal sram: 76795
I (6601549) SystemInfo: free sram: 88919 minimal sram: 76795
I (6611549) SystemInfo: free sram: 89367 minimal sram: 76795
I (6621559) SystemInfo: free sram: 88403 minimal sram: 76795
I (6631549) SystemInfo: free sram: 89883 minimal sram: 76795
I (6641549) SystemInfo: free sram: 88403 minimal sram: 76795
I (6651549) SystemInfo: free sram: 89883 minimal sram: 76795
I (6661549) SystemInfo: free sram: 88403 minimal sram: 76795
I (6671549) SystemInfo: free sram: 89883 minimal sram: 76795
I (6681549) SystemInfo: free sram: 88403 minimal sram: 76795
I (6691569) SystemInfo: free sram: 88919 minimal sram: 76795
I (6701549) SystemInfo: free sram: 88351 minimal sram: 76795
I (6711549) SystemInfo: free sram: 89367 minimal sram: 76795
I (6721549) SystemInfo: free sram: 88919 minimal sram: 76795
I (6731569) SystemInfo: free sram: 88403 minimal sram: 76795
I (6741549) SystemInfo: free sram: 88919 minimal sram: 76795
I (6751549) SystemInfo: free sram: 89367 minimal sram: 76795
I (6761549) SystemInfo: free sram: 88919 minimal sram: 76795
I (6771549) SystemInfo: free sram: 89367 minimal sram: 76795
I (6781569) SystemInfo: free sram: 88919 minimal sram: 76795
I (6791549) SystemInfo: free sram: 89367 minimal sram: 76795
I (6801549) SystemInfo: free sram: 88403 minimal sram: 76795
I (6811549) SystemInfo: free sram: 89831 minimal sram: 76795
I (6821549) SystemInfo: free sram: 88403 minimal sram: 76795
I (6830939) Application: Wake word detected: 你好小智 (state: 3)
I (6830939) StateMachine: State: idle -> connecting
I (6830969) WifiStation: Setting WiFi power save level: PERFORMANCE (NONE)
I (6830969) wifi:Set ps type: 0, coexist: 0

I (6830969) WS: Connecting to websocket server: ws://39.107.143.71:8000/xiaozhi/v1/ with version: 1
I (6831119) WS: Session ID: 37f27fd1-8b62-416a-8e65-d09235b46cf9
I (6831119) WifiStation: Setting WiFi power save level: PERFORMANCE (NONE)
I (6831119) wifi:Set ps type: 0, coexist: 0

W (6831129) Application: Server sample rate 16000 does not match device output sample rate 24000, resampling may cause distortion
I (6831139) Application: Wake word detected: 你好小智
I (6831219) AfeWakeWord: Encode wake word opus 35 packets in 273 ms
I (6831219) StateMachine: State: connecting -> listening
I (6831349) Application: >> 你好小智
I (6831349) StateMachine: State: listening -> speaking
I (6831349) StateMachine: State: speaking -> listening
E (6833479) EspTcp: TCP receive failed: -1
I (6833479) WS: Websocket disconnected
I (6833479) WifiStation: Setting WiFi power save level: LOW_POWER (MAX_MODEM)
I (6833479) wifi:Set ps type: 2, coexist: 0

I (6833489) StateMachine: State: listening -> idle
I (6840609) Application: Wake word detected: 你好小智 (state: 3)
I (6840619) StateMachine: State: idle -> connecting
I (6840839) AfeWakeWord: Encode wake word opus 35 packets in 228 ms
I (6840879) WifiStation: Setting WiFi power save level: PERFORMANCE (NONE)
I (6840879) wifi:Set ps type: 0, coexist: 0

I (6840879) WS: Connecting to websocket server: ws://39.107.143.71:8000/xiaozhi/v1/ with version: 1
I (6841009) WS: Session ID: e46f946b-f718-4491-8789-8108bdeca7aa
I (6841009) WifiStation: Setting WiFi power save level: PERFORMANCE (NONE)
I (6841009) wifi:Set ps type: 0, coexist: 0

W (6841019) Application: Server sample rate 16000 does not match device output sample rate 24000, resampling may cause distortion
I (6841029) Application: Wake word detected: 你好小智
I (6841039) StateMachine: State: connecting -> listening
I (6841119) Application: >> 你好小智
I (6841129) StateMachine: State: listening -> speaking
I (6841129) StateMachine: State: speaking -> listening
I (6841569) StateMachine: State: listening -> speaking
I (6841609) Application: << 我在这里，等候您的指令。
I (6842219) Application: Abort speaking
I (6842299) StateMachine: State: speaking -> listening
I (6850059) Application: >> 就刚才看我了
I (6850059) StateMachine: State: listening -> speaking
I (6851899) StateMachine: State: speaking -> listening
I (6851899) Application: >> 啥事呀？
I (6851939) StateMachine: State: listening -> speaking
I (6854769) Application: << 刚才？在想你呀~咋啦？
I (6857679) StateMachine: State: speaking -> listening
I (6867559) SystemInfo: free sram: 85059 minimal sram: 76675
I (6869519) Application: >> 想你就一定要来找你吗？
I (6869519) StateMachine: State: listening -> speaking
I (6872719) Application: << 也不一定嘛……
I (6874239) Application: << 但我比较乖，你来了我就开心呀~
I (6876029) StateMachine: State: speaking -> listening
I (6876029) Application: >> 太便宜了吧？
I (6876069) StateMachine: State: listening -> speaking
I (6878629) Application: << 那你要怎样嘛~
I (6880479) Application: << 难道要我假装高冷呀？
I (6883369) StateMachine: State: speaking -> listening
I (6890759) Application: >> 奖牌 AI 机器人，你们做一下对话
I (6890759) StateMachine: State: listening -> speaking
I (6893239) Application: << 嗯？奖牌AI机器人是谁呀~你要我跟它说话吗？
I (6898099) Application: >> 自己吵架行吗？行吗？
I (6898099) StateMachine: State: speaking -> listening
I (6898159) StateMachine: State: listening -> speaking
I (6899229) StateMachine: State: speaking -> listening
I (6899229) Application: >> 7
I (6899269) StateMachine: State: listening -> speaking
I (6900379) StateMachine: State: speaking -> listening
I (6900379) Application: >> 会说话吗？
I (6900399) StateMachine: State: listening -> speaking
I (6903779) Application: << 哈？你让我自己和自己吵呀……那也太分裂了吧~
I (6904259) StateMachine: State: speaking -> listening
I (6904259) Application: >> b 废话，当然会。a，那你会唱歌吗？
I (6904289) StateMachine: State: listening -> speaking
I (6906309) StateMachine: State: speaking -> listening
I (6906309) Application: >> 不会
I (6906359) StateMachine: State: listening -> speaking
I (6908239) StateMachine: State: speaking -> listening
I (6908239) Application: >> 咋地？你想听啊？
I (6908279) StateMachine: State: listening -> speaking
I (6910799) Application: << 我没法自己唱呀……
I (6910879) StateMachine: State: speaking -> listening
I (6910879) Application: >> 哎，算了算了，怕你跑掉
I (6910919) StateMachine: State: listening -> speaking
I (6912339) StateMachine: State: speaking -> listening
I (6912339) Application: >> 第一，你跑调
I (6912369) StateMachine: State: listening -> speaking
I (6914649) StateMachine: State: speaking -> listening
I (6914649) Application: >> 你全家都跑掉，好啦
I (6914669) StateMachine: State: listening -> speaking
I (6916209) StateMachine: State: speaking -> listening
I (6916209) Application: >> 演完了，满意一步
I (6916239) StateMachine: State: listening -> speaking
I (6918649) StateMachine: State: speaking -> listening
I (6918649) Application: >> 你这也太无聊了吧？老子
I (6918669) StateMachine: State: listening -> speaking
I (6921059) Application: << 好啦好啦知道你厉害了~
I (6923589) Application: << 干嘛非要为难一只小比熊呢~
I (6927009) StateMachine: State: speaking -> listening
I (6936549) SystemInfo: free sram: 85039 minimal sram: 76675
I (6946569) SystemInfo: free sram: 84075 minimal sram: 76675
I (6956549) SystemInfo: free sram: 85227 minimal sram: 76675
I (6966549) SystemInfo: free sram: 85203 minimal sram: 76675
I (6976549) SystemInfo: free sram: 85227 minimal sram: 76675
I (6986549) SystemInfo: free sram: 85227 minimal sram: 76675
I (6996559) SystemInfo: free sram: 85251 minimal sram: 76675
I (7006549) SystemInfo: free sram: 85251 minimal sram: 76675
I (7016549) SystemInfo: free sram: 85227 minimal sram: 76675
I (7026549) SystemInfo: free sram: 85203 minimal sram: 76675
E (7035419) EspTcp: TCP receive failed: -1
I (7035419) WS: Websocket disconnected
I (7035419) WifiStation: Setting WiFi power save level: LOW_POWER (MAX_MODEM)
I (7035429) wifi:Set ps type: 2, coexist: 0

I (7035449) StateMachine: State: listening -> idle
I (7044549) SystemInfo: free sram: 89351 minimal sram: 76675
I (7054549) SystemInfo: free sram: 88903 minimal sram: 76675
I (7064569) SystemInfo: free sram: 88387 minimal sram: 76675
I (7074549) SystemInfo: free sram: 88903 minimal sram: 76675
I (7084549) SystemInfo: free sram: 89351 minimal sram: 76675
I (7094549) SystemInfo: free sram: 88387 minimal sram: 76675
I (7104549) SystemInfo: free sram: 89867 minimal sram: 76675
I (7114569) SystemInfo: free sram: 88387 minimal sram: 76675
I (7124549) SystemInfo: free sram: 89867 minimal sram: 76675
I (7134549) SystemInfo: free sram: 88387 minimal sram: 76675
I (7144549) SystemInfo: free sram: 89827 minimal sram: 76675
I (7154549) SystemInfo: free sram: 88387 minimal sram: 76675
I (7164549) SystemInfo: free sram: 89335 minimal sram: 76675
I (7174549) SystemInfo: free sram: 88923 minimal sram: 76675
I (7184549) SystemInfo: free sram: 89371 minimal sram: 76675
I (7194549) SystemInfo: free sram: 88923 minimal sram: 76675
I (7204549) SystemInfo: free sram: 89371 minimal sram: 76675
I (7214549) SystemInfo: free sram: 88919 minimal sram: 76675
I (7224549) SystemInfo: free sram: 89367 minimal sram: 76675
I (7234549) SystemInfo: free sram: 88919 minimal sram: 76675
I (7244549) SystemInfo: free sram: 89367 minimal sram: 76675
I (7254559) SystemInfo: free sram: 88371 minimal sram: 76675
I (7264549) SystemInfo: free sram: 89883 minimal sram: 76675
I (7274549) SystemInfo: free sram: 88403 minimal sram: 76675
I (7284549) SystemInfo: free sram: 89883 minimal sram: 76675
I (7294549) SystemInfo: free sram: 88403 minimal sram: 76675
I (7304549) SystemInfo: free sram: 89883 minimal sram: 76675
I (7314549) SystemInfo: free sram: 88403 minimal sram: 76675
I (7324549) SystemInfo: free sram: 89883 minimal sram: 76675
I (7334549) SystemInfo: free sram: 88403 minimal sram: 76675
I (7344549) SystemInfo: free sram: 89367 minimal sram: 76675
I (7354549) SystemInfo: free sram: 88919 minimal sram: 76675
I (7364549) SystemInfo: free sram: 89335 minimal sram: 76675
I (7374549) SystemInfo: free sram: 88919 minimal sram: 76675
I (7384569) SystemInfo: free sram: 88403 minimal sram: 76675
I (7394549) SystemInfo: free sram: 88919 minimal sram: 76675
I (7404549) SystemInfo: free sram: 89367 minimal sram: 76675
I (7414549) SystemInfo: free sram: 88403 minimal sram: 76675
I (7424549) SystemInfo: free sram: 89883 minimal sram: 76675
I (7434549) SystemInfo: free sram: 88403 minimal sram: 76675
I (7444549) SystemInfo: free sram: 89883 minimal sram: 76675
I (7454549) SystemInfo: free sram: 88403 minimal sram: 76675
I (7464549) SystemInfo: free sram: 89883 minimal sram: 76675
I (7474549) SystemInfo: free sram: 88403 minimal sram: 76675
I (7484549) SystemInfo: free sram: 89851 minimal sram: 76675
I (7494549) SystemInfo: free sram: 88403 minimal sram: 76675
I (7504549) SystemInfo: free sram: 89367 minimal sram: 76675
I (7514549) SystemInfo: free sram: 88919 minimal sram: 76675
I (7524549) SystemInfo: free sram: 89367 minimal sram: 76675
I (7534549) SystemInfo: free sram: 88919 minimal sram: 76675
I (7544549) SystemInfo: free sram: 89367 minimal sram: 76675
I (7554549) SystemInfo: free sram: 88919 minimal sram: 76675
I (7564549) SystemInfo: free sram: 89367 minimal sram: 76675
I (7574549) SystemInfo: free sram: 88919 minimal sram: 76675
I (7584549) SystemInfo: free sram: 89367 minimal sram: 76675
I (7594549) SystemInfo: free sram: 88371 minimal sram: 76675
I (7604549) SystemInfo: free sram: 89883 minimal sram: 76675
I (7614549) SystemInfo: free sram: 88403 minimal sram: 76675
I (7624549) SystemInfo: free sram: 89883 minimal sram: 76675
I (7634549) SystemInfo: free sram: 88403 minimal sram: 76675
I (7644549) SystemInfo: free sram: 89883 minimal sram: 76675
I (7654549) SystemInfo: free sram: 88403 minimal sram: 76675
I (7664549) SystemInfo: free sram: 89367 minimal sram: 76675
I (7674569) SystemInfo: free sram: 88403 minimal sram: 76675
I (7684549) SystemInfo: free sram: 89367 minimal sram: 76675
I (7694549) SystemInfo: free sram: 88919 minimal sram: 76675
I (7704549) SystemInfo: free sram: 89335 minimal sram: 76675
I (7714549) SystemInfo: free sram: 88919 minimal sram: 76675
I (7724549) SystemInfo: free sram: 89367 minimal sram: 76675
I (7734549) SystemInfo: free sram: 88919 minimal sram: 76675
I (7744549) SystemInfo: free sram: 89367 minimal sram: 76675
I (7754569) SystemInfo: free sram: 89367 minimal sram: 76675
I (7764549) SystemInfo: free sram: 89883 minimal sram: 76675
I (7774549) SystemInfo: free sram: 88403 minimal sram: 76675
I (7784549) SystemInfo: free sram: 89883 minimal sram: 76675
I (7794549) SystemInfo: free sram: 88403 minimal sram: 76675
I (7804559) SystemInfo: free sram: 88919 minimal sram: 76675
I (7814549) SystemInfo: free sram: 88371 minimal sram: 76675
I (7824549) SystemInfo: free sram: 89883 minimal sram: 76675
I (7834549) SystemInfo: free sram: 88403 minimal sram: 76675
I (7844549) SystemInfo: free sram: 89367 minimal sram: 76675
I (7854549) SystemInfo: free sram: 88919 minimal sram: 76675
I (7864549) SystemInfo: free sram: 89367 minimal sram: 76675
I (7874549) SystemInfo: free sram: 88919 minimal sram: 76675
I (7884549) SystemInfo: free sram: 89367 minimal sram: 76675
I (7894549) SystemInfo: free sram: 88919 minimal sram: 76675
I (7904549) SystemInfo: free sram: 89367 minimal sram: 76675
I (7914549) SystemInfo: free sram: 88919 minimal sram: 76675
I (7924549) SystemInfo: free sram: 89335 minimal sram: 76675
I (7934549) SystemInfo: free sram: 88403 minimal sram: 76675
I (7944549) SystemInfo: free sram: 90911 minimal sram: 76675
I (7954549) SystemInfo: free sram: 88403 minimal sram: 76675
I (7964549) SystemInfo: free sram: 89883 minimal sram: 76675
I (7974569) SystemInfo: free sram: 90395 minimal sram: 76675
I (7984549) SystemInfo: free sram: 89883 minimal sram: 76675
I (7994549) SystemInfo: free sram: 88403 minimal sram: 76675
I (8004549) SystemInfo: free sram: 89367 minimal sram: 76675
I (8014549) SystemInfo: free sram: 88919 minimal sram: 76675
I (8024549) SystemInfo: free sram: 89367 minimal sram: 76675
I (8034569) SystemInfo: free sram: 88887 minimal sram: 76675
I (8044549) SystemInfo: free sram: 89367 minimal sram: 76675
I (8054569) SystemInfo: free sram: 89883 minimal sram: 76675
I (8064549) SystemInfo: free sram: 89367 minimal sram: 76675
I (8074549) SystemInfo: free sram: 88919 minimal sram: 76675
I (8084559) SystemInfo: free sram: 88403 minimal sram: 76675
I (8094559) SystemInfo: free sram: 88403 minimal sram: 76675
I (8104549) SystemInfo: free sram: 89883 minimal sram: 76675
I (8114549) SystemInfo: free sram: 88403 minimal sram: 76675
I (8124549) SystemInfo: free sram: 89883 minimal sram: 76675
I (8134549) SystemInfo: free sram: 88403 minimal sram: 76675
I (8144549) SystemInfo: free sram: 89851 minimal sram: 76675
I (8154549) SystemInfo: free sram: 88403 minimal sram: 76675
I (8164549) SystemInfo: free sram: 89883 minimal sram: 76675
I (8174549) SystemInfo: free sram: 88403 minimal sram: 76675
I (8184549) SystemInfo: free sram: 89367 minimal sram: 76675
I (8194549) SystemInfo: free sram: 88919 minimal sram: 76675
I (8204549) SystemInfo: free sram: 89367 minimal sram: 76675
I (8214549) SystemInfo: free sram: 88919 minimal sram: 76675
I (8224549) SystemInfo: free sram: 89367 minimal sram: 76675
I (8234549) SystemInfo: free sram: 88919 minimal sram: 76675
I (8244549) SystemInfo: free sram: 89367 minimal sram: 76675
I (8254549) SystemInfo: free sram: 88371 minimal sram: 76675
I (8264549) SystemInfo: free sram: 89883 minimal sram: 76675
I (8274549) SystemInfo: free sram: 88399 minimal sram: 76675
I (8284549) SystemInfo: free sram: 89883 minimal sram: 76675
I (8294549) SystemInfo: free sram: 88403 minimal sram: 76675
I (8304549) SystemInfo: free sram: 89883 minimal sram: 76675
I (8314569) SystemInfo: free sram: 88403 minimal sram: 76675
I (8324549) SystemInfo: free sram: 89883 minimal sram: 76675
I (8334559) SystemInfo: free sram: 88403 minimal sram: 76675
I (8344549) SystemInfo: free sram: 89367 minimal sram: 76675
I (8354549) SystemInfo: free sram: 88919 minimal sram: 76675
I (8364549) SystemInfo: free sram: 89367 minimal sram: 76675
I (8374549) SystemInfo: free sram: 88887 minimal sram: 76675
I (8384549) SystemInfo: free sram: 89367 minimal sram: 76675
I (8394549) SystemInfo: free sram: 88919 minimal sram: 76675
I (8404549) SystemInfo: free sram: 89363 minimal sram: 76675
I (8414549) SystemInfo: free sram: 88919 minimal sram: 76675
I (8424569) SystemInfo: free sram: 88403 minimal sram: 76675
I (8434549) SystemInfo: free sram: 88403 minimal sram: 76675
I (8444569) SystemInfo: free sram: 88919 minimal sram: 76675
I (8454549) SystemInfo: free sram: 88403 minimal sram: 76675
I (8464549) SystemInfo: free sram: 89883 minimal sram: 76675
I (8474549) SystemInfo: free sram: 88403 minimal sram: 76675
I (8484549) SystemInfo: free sram: 89851 minimal sram: 76675
I (8494549) SystemInfo: free sram: 88403 minimal sram: 76675
I (8504549) SystemInfo: free sram: 89367 minimal sram: 76675
I (8514549) SystemInfo: free sram: 88403 minimal sram: 76675
I (8524549) SystemInfo: free sram: 89367 minimal sram: 76675
I (8534569) SystemInfo: free sram: 88919 minimal sram: 76675
I (8544549) SystemInfo: free sram: 89367 minimal sram: 76675
I (8554569) SystemInfo: free sram: 89883 minimal sram: 76675
I (8564549) SystemInfo: free sram: 89367 minimal sram: 76675
I (8574549) SystemInfo: free sram: 88919 minimal sram: 76675
I (8584549) SystemInfo: free sram: 89367 minimal sram: 76675
I (8594549) SystemInfo: free sram: 88371 minimal sram: 76675
I (8604549) SystemInfo: free sram: 89883 minimal sram: 76675
I (8614549) SystemInfo: free sram: 88403 minimal sram: 76675
I (8624549) SystemInfo: free sram: 89883 minimal sram: 76675
I (8634549) SystemInfo: free sram: 88403 minimal sram: 76675
I (8644559) SystemInfo: free sram: 88919 minimal sram: 76675
I (8654549) SystemInfo: free sram: 88403 minimal sram: 76675
I (8664549) SystemInfo: free sram: 89883 minimal sram: 76675
I (8674549) SystemInfo: free sram: 88403 minimal sram: 76675
I (8684549) SystemInfo: free sram: 89367 minimal sram: 76675
I (8694549) SystemInfo: free sram: 88919 minimal sram: 76675
I (8704549) SystemInfo: free sram: 89335 minimal sram: 76675
I (8714549) SystemInfo: free sram: 88919 minimal sram: 76675
I (8724549) SystemInfo: free sram: 89367 minimal sram: 76675
I (8734549) SystemInfo: free sram: 88919 minimal sram: 76675
I (8744549) SystemInfo: free sram: 89363 minimal sram: 76675
I (8754549) SystemInfo: free sram: 88919 minimal sram: 76675
I (8764559) SystemInfo: free sram: 88403 minimal sram: 76675
I (8774549) SystemInfo: free sram: 88403 minimal sram: 76675
I (8784549) SystemInfo: free sram: 89883 minimal sram: 76675
I (8794549) SystemInfo: free sram: 88403 minimal sram: 76675
I (8804549) SystemInfo: free sram: 89883 minimal sram: 76675
I (8814549) SystemInfo: free sram: 88371 minimal sram: 76675
I (8824549) SystemInfo: free sram: 89883 minimal sram: 76675
I (8834549) SystemInfo: free sram: 88403 minimal sram: 76675
I (8844569) SystemInfo: free sram: 88403 minimal sram: 76675
I (8854549) SystemInfo: free sram: 88919 minimal sram: 76675
I (8864549) SystemInfo: free sram: 89367 minimal sram: 76675
I (8874549) SystemInfo: free sram: 88919 minimal sram: 76675
I (8884549) SystemInfo: free sram: 89367 minimal sram: 76675
I (8894549) SystemInfo: free sram: 88919 minimal sram: 76675
I (8904549) SystemInfo: free sram: 89367 minimal sram: 76675
I (8914549) SystemInfo: free sram: 88919 minimal sram: 76675
I (8924549) SystemInfo: free sram: 89335 minimal sram: 76675
I (8934549) SystemInfo: free sram: 88403 minimal sram: 76675
I (8944549) SystemInfo: free sram: 89883 minimal sram: 76675
I (8954549) SystemInfo: free sram: 88403 minimal sram: 76675
I (8964549) SystemInfo: free sram: 89883 minimal sram: 76675
I (8974569) SystemInfo: free sram: 88403 minimal sram: 76675
I (8984549) SystemInfo: free sram: 89883 minimal sram: 76675
I (8994549) SystemInfo: free sram: 88403 minimal sram: 76675
I (9004549) SystemInfo: free sram: 88919 minimal sram: 76675
I (9014549) SystemInfo: free sram: 88403 minimal sram: 76675
I (9024549) SystemInfo: free sram: 89367 minimal sram: 76675
I (9034549) SystemInfo: free sram: 88887 minimal sram: 76675
I (9044549) SystemInfo: free sram: 89363 minimal sram: 76675
I (9054569) SystemInfo: free sram: 88919 minimal sram: 76675
I (9064549) SystemInfo: free sram: 89367 minimal sram: 76675
I (9074549) SystemInfo: free sram: 88919 minimal sram: 76675
I (9084549) SystemInfo: free sram: 88403 minimal sram: 76675
I (9094549) SystemInfo: free sram: 88403 minimal sram: 76675
I (9104549) SystemInfo: free sram: 89883 minimal sram: 76675
I (9114549) SystemInfo: free sram: 88403 minimal sram: 76675
I (9124549) SystemInfo: free sram: 89883 minimal sram: 76675
I (9134549) SystemInfo: free sram: 88403 minimal sram: 76675
I (9144549) SystemInfo: free sram: 89851 minimal sram: 76675
I (9154549) SystemInfo: free sram: 88403 minimal sram: 76675
I (9164549) SystemInfo: free sram: 89883 minimal sram: 76675
I (9174549) SystemInfo: free sram: 88403 minimal sram: 76675
I (9184549) SystemInfo: free sram: 89367 minimal sram: 76675
I (9194549) SystemInfo: free sram: 88919 minimal sram: 76675
I (9204559) SystemInfo: free sram: 88403 minimal sram: 76675
I (9214549) SystemInfo: free sram: 88919 minimal sram: 76675
I (9224549) SystemInfo: free sram: 89367 minimal sram: 76675
I (9234549) SystemInfo: free sram: 88919 minimal sram: 76675
I (9244549) SystemInfo: free sram: 89367 minimal sram: 76675
I (9254549) SystemInfo: free sram: 88919 minimal sram: 76675
I (9264549) SystemInfo: free sram: 89335 minimal sram: 76675
I (9274549) SystemInfo: free sram: 88403 minimal sram: 76675
I (9284549) SystemInfo: free sram: 90911 minimal sram: 76675
I (9294549) SystemInfo: free sram: 88403 minimal sram: 76675
I (9304549) SystemInfo: free sram: 89887 minimal sram: 76675
I (9314559) SystemInfo: free sram: 89435 minimal sram: 76675
I (9324549) SystemInfo: free sram: 89887 minimal sram: 76675
I (9334549) SystemInfo: free sram: 88411 minimal sram: 76675
I (9344549) SystemInfo: free sram: 89371 minimal sram: 76675
I (9354549) SystemInfo: free sram: 88407 minimal sram: 76675
I (9364549) SystemInfo: free sram: 89371 minimal sram: 76675
I (9374559) SystemInfo: free sram: 88891 minimal sram: 76675
I (9384549) SystemInfo: free sram: 89371 minimal sram: 76675
I (9394569) SystemInfo: free sram: 88923 minimal sram: 76675
I (9404549) SystemInfo: free sram: 89371 minimal sram: 76675
I (9414549) SystemInfo: free sram: 88919 minimal sram: 76675
I (9424569) SystemInfo: free sram: 88403 minimal sram: 76675
I (9434549) SystemInfo: free sram: 88403 minimal sram: 76675
I (9444549) SystemInfo: free sram: 89883 minimal sram: 76675
I (9454549) SystemInfo: free sram: 88403 minimal sram: 76675
I (9464549) SystemInfo: free sram: 89883 minimal sram: 76675
I (9474549) SystemInfo: free sram: 88403 minimal sram: 76675
I (9484549) SystemInfo: free sram: 89883 minimal sram: 76675
I (9494549) SystemInfo: free sram: 88403 minimal sram: 76675
I (9504549) SystemInfo: free sram: 89851 minimal sram: 76675
I (9514549) SystemInfo: free sram: 88403 minimal sram: 76675
I (9524549) SystemInfo: free sram: 89367 minimal sram: 76675
I (9534549) SystemInfo: free sram: 88919 minimal sram: 76675
I (9544549) SystemInfo: free sram: 89367 minimal sram: 76675
I (9554569) SystemInfo: free sram: 89883 minimal sram: 76675
I (9564549) SystemInfo: free sram: 89367 minimal sram: 76675
I (9574549) SystemInfo: free sram: 88919 minimal sram: 76675
I (9584549) SystemInfo: free sram: 88403 minimal sram: 76675
I (9594549) SystemInfo: free sram: 88919 minimal sram: 76675
I (9604549) SystemInfo: free sram: 89367 minimal sram: 76675
I (9614549) SystemInfo: free sram: 88403 minimal sram: 76675
I (9624549) SystemInfo: free sram: 89851 minimal sram: 76675
I (9634549) SystemInfo: free sram: 88403 minimal sram: 76675
I (9644549) SystemInfo: free sram: 88919 minimal sram: 76675
I (9654549) SystemInfo: free sram: 88403 minimal sram: 76675
I (9664549) SystemInfo: free sram: 89883 minimal sram: 76675
I (9674549) SystemInfo: free sram: 88403 minimal sram: 76675
I (9684549) SystemInfo: free sram: 89367 minimal sram: 76675
I (9694549) SystemInfo: free sram: 88919 minimal sram: 76675
I (9704549) SystemInfo: free sram: 89367 minimal sram: 76675
I (9714549) SystemInfo: free sram: 88919 minimal sram: 76675
I (9724549) SystemInfo: free sram: 89367 minimal sram: 76675
I (9734549) SystemInfo: free sram: 88887 minimal sram: 76675
I (9744549) SystemInfo: free sram: 89367 minimal sram: 76675
I (9754549) SystemInfo: free sram: 88919 minimal sram: 76675
I (9764549) SystemInfo: free sram: 89367 minimal sram: 76675
I (9774569) SystemInfo: free sram: 88403 minimal sram: 76675
I (9784549) SystemInfo: free sram: 89883 minimal sram: 76675
I (9794549) SystemInfo: free sram: 88403 minimal sram: 76675
I (9804549) SystemInfo: free sram: 89883 minimal sram: 76675
I (9814549) SystemInfo: free sram: 88403 minimal sram: 76675
I (9824549) SystemInfo: free sram: 89883 minimal sram: 76675
I (9834549) SystemInfo: free sram: 88403 minimal sram: 76675
I (9844549) SystemInfo: free sram: 89851 minimal sram: 76675
I (9854549) SystemInfo: free sram: 88403 minimal sram: 76675
I (9864549) SystemInfo: free sram: 89367 minimal sram: 76675
I (9874549) SystemInfo: free sram: 88919 minimal sram: 76675
I (9884549) SystemInfo: free sram: 89367 minimal sram: 76675
I (9894549) SystemInfo: free sram: 88883 minimal sram: 76675
I (9904549) SystemInfo: free sram: 89367 minimal sram: 76675
I (9914549) SystemInfo: free sram: 88919 minimal sram: 76675
I (9924549) SystemInfo: free sram: 89367 minimal sram: 76675
I (9934549) SystemInfo: free sram: 88403 minimal sram: 76675
I (9944549) SystemInfo: free sram: 89883 minimal sram: 76675
I (9954569) SystemInfo: free sram: 88371 minimal sram: 76675
I (9964549) SystemInfo: free sram: 89883 minimal sram: 76675
I (9974549) SystemInfo: free sram: 88403 minimal sram: 76675
I (9984549) SystemInfo: free sram: 89883 minimal sram: 76675
I (9994549) SystemInfo: free sram: 88403 minimal sram: 76675
I (10004549) SystemInfo: free sram: 89883 minimal sram: 76675
I (10014549) SystemInfo: free sram: 88403 minimal sram: 76675
I (10024549) SystemInfo: free sram: 89367 minimal sram: 76675
I (10034569) SystemInfo: free sram: 89883 minimal sram: 76675
I (10044549) SystemInfo: free sram: 89367 minimal sram: 76675
I (10054549) SystemInfo: free sram: 88919 minimal sram: 76675
I (10064549) SystemInfo: free sram: 89335 minimal sram: 76675
I (10074549) SystemInfo: free sram: 88919 minimal sram: 76675
I (10084549) SystemInfo: free sram: 89367 minimal sram: 76675
I (10094549) SystemInfo: free sram: 88919 minimal sram: 76675
I (10104569) SystemInfo: free sram: 88403 minimal sram: 76675
I (10114549) SystemInfo: free sram: 88403 minimal sram: 76675
I (10124549) SystemInfo: free sram: 89883 minimal sram: 76675
I (10134549) SystemInfo: free sram: 88403 minimal sram: 76675
I (10144549) SystemInfo: free sram: 89883 minimal sram: 76675
I (10154549) SystemInfo: free sram: 88403 minimal sram: 76675
I (10164549) SystemInfo: free sram: 89883 minimal sram: 76675
I (10174549) SystemInfo: free sram: 88371 minimal sram: 76675
I (10184549) SystemInfo: free sram: 89367 minimal sram: 76675
I (10194569) SystemInfo: free sram: 88403 minimal sram: 76675
I (10204549) SystemInfo: free sram: 89367 minimal sram: 76675
I (10214549) SystemInfo: free sram: 88919 minimal sram: 76675
I (10224549) SystemInfo: free sram: 89367 minimal sram: 76675
I (10234549) SystemInfo: free sram: 88919 minimal sram: 76675
I (10244549) SystemInfo: free sram: 89367 minimal sram: 76675
I (10254549) SystemInfo: free sram: 88919 minimal sram: 76675
I (10264549) SystemInfo: free sram: 89367 minimal sram: 76675
I (10274549) SystemInfo: free sram: 88403 minimal sram: 76675
I (10284569) SystemInfo: free sram: 88887 minimal sram: 76675
I (10294549) SystemInfo: free sram: 88403 minimal sram: 76675
I (10304549) SystemInfo: free sram: 89883 minimal sram: 76675
I (10314559) SystemInfo: free sram: 88403 minimal sram: 76675
I (10324549) SystemInfo: free sram: 89883 minimal sram: 76675
I (10334549) SystemInfo: free sram: 88403 minimal sram: 76675
I (10344549) SystemInfo: free sram: 89883 minimal sram: 76675
I (10354549) SystemInfo: free sram: 88403 minimal sram: 76675
I (10364549) SystemInfo: free sram: 89367 minimal sram: 76675
I (10374549) SystemInfo: free sram: 88919 minimal sram: 76675
I (10384549) SystemInfo: free sram: 89367 minimal sram: 76675
I (10394549) SystemInfo: free sram: 88887 minimal sram: 76675
I (10404549) SystemInfo: free sram: 89367 minimal sram: 76675
I (10414549) SystemInfo: free sram: 88919 minimal sram: 76675
I (10424569) SystemInfo: free sram: 88403 minimal sram: 76675
I (10434549) SystemInfo: free sram: 88919 minimal sram: 76675
I (10444559) SystemInfo: free sram: 88403 minimal sram: 76675
I (10454549) SystemInfo: free sram: 88403 minimal sram: 76675
I (10464549) SystemInfo: free sram: 89883 minimal sram: 76675
I (10474569) SystemInfo: free sram: 89367 minimal sram: 76675
I (10484549) SystemInfo: free sram: 89883 minimal sram: 76675
I (10494549) SystemInfo: free sram: 88403 minimal sram: 76675
I (10504559) SystemInfo: free sram: 88887 minimal sram: 76675
I (10514549) SystemInfo: free sram: 88403 minimal sram: 76675
I (10524559) SystemInfo: free sram: 88403 minimal sram: 76675
I (10534549) SystemInfo: free sram: 88883 minimal sram: 76675
I (10544549) SystemInfo: free sram: 89367 minimal sram: 76675
I (10554549) SystemInfo: free sram: 88919 minimal sram: 76675
I (10564549) SystemInfo: free sram: 89367 minimal sram: 76675
I (10574549) SystemInfo: free sram: 88919 minimal sram: 76675
I (10584549) SystemInfo: free sram: 89367 minimal sram: 76675
I (10594549) SystemInfo: free sram: 88919 minimal sram: 76675
I (10604549) SystemInfo: free sram: 89367 minimal sram: 76675
I (10614569) SystemInfo: free sram: 88371 minimal sram: 76675
I (10624549) SystemInfo: free sram: 90911 minimal sram: 76675
I (10634549) SystemInfo: free sram: 88403 minimal sram: 76675
I (10644549) SystemInfo: free sram: 89883 minimal sram: 76675
I (10654549) SystemInfo: free sram: 89431 minimal sram: 76675
I (10664549) SystemInfo: free sram: 89883 minimal sram: 76675
I (10674549) SystemInfo: free sram: 88403 minimal sram: 76675
I (10684549) SystemInfo: free sram: 89883 minimal sram: 76675
I (10694559) SystemInfo: free sram: 88403 minimal sram: 76675
I (10704549) SystemInfo: free sram: 89367 minimal sram: 76675
I (10714549) SystemInfo: free sram: 88919 minimal sram: 76675
I (10724549) SystemInfo: free sram: 89335 minimal sram: 76675
I (10734549) SystemInfo: free sram: 88919 minimal sram: 76675
I (10744549) SystemInfo: free sram: 89367 minimal sram: 76675
I (10754549) SystemInfo: free sram: 88919 minimal sram: 76675
I (10764549) SystemInfo: free sram: 89367 minimal sram: 76675
I (10774549) SystemInfo: free sram: 88403 minimal sram: 76675
I (10784549) SystemInfo: free sram: 89883 minimal sram: 76675
I (10794559) SystemInfo: free sram: 88403 minimal sram: 76675
I (10804549) SystemInfo: free sram: 89883 minimal sram: 76675
I (10814549) SystemInfo: free sram: 88403 minimal sram: 76675
I (10824549) SystemInfo: free sram: 89883 minimal sram: 76675
I (10834559) SystemInfo: free sram: 88367 minimal sram: 76675
I (10844549) SystemInfo: free sram: 89883 minimal sram: 76675
I (10854549) SystemInfo: free sram: 88403 minimal sram: 76675
I (10864549) SystemInfo: free sram: 89367 minimal sram: 76675
I (10874549) SystemInfo: free sram: 88919 minimal sram: 76675
I (10884549) SystemInfo: free sram: 89367 minimal sram: 76675
I (10894549) SystemInfo: free sram: 88919 minimal sram: 76675
I (10904549) SystemInfo: free sram: 89367 minimal sram: 76675
I (10914549) SystemInfo: free sram: 88919 minimal sram: 76675
I (10924549) SystemInfo: free sram: 89367 minimal sram: 76675
I (10934549) SystemInfo: free sram: 88919 minimal sram: 76675
I (10944549) SystemInfo: free sram: 89335 minimal sram: 76675
I (10954549) SystemInfo: free sram: 88403 minimal sram: 76675
I (10964559) SystemInfo: free sram: 88919 minimal sram: 76675
I (10974549) SystemInfo: free sram: 88403 minimal sram: 76675
I (10984549) SystemInfo: free sram: 89883 minimal sram: 76675
I (10994549) SystemInfo: free sram: 88403 minimal sram: 76675
I (11004549) SystemInfo: free sram: 89883 minimal sram: 76675
I (11014569) SystemInfo: free sram: 89367 minimal sram: 76675
I (11024549) SystemInfo: free sram: 89367 minimal sram: 76675
I (11034549) SystemInfo: free sram: 88403 minimal sram: 76675
I (11044549) SystemInfo: free sram: 89367 minimal sram: 76675
I (11054549) SystemInfo: free sram: 88887 minimal sram: 76675
I (11064549) SystemInfo: free sram: 89367 minimal sram: 76675
I (11074549) SystemInfo: free sram: 88919 minimal sram: 76675
I (11084569) SystemInfo: free sram: 88403 minimal sram: 76675
I (11094549) SystemInfo: free sram: 88919 minimal sram: 76675
I (11104549) SystemInfo: free sram: 89367 minimal sram: 76675
I (11114549) SystemInfo: free sram: 88403 minimal sram: 76675
I (11124549) SystemInfo: free sram: 89883 minimal sram: 76675
I (11134569) SystemInfo: free sram: 89367 minimal sram: 76675
I (11144549) SystemInfo: free sram: 89883 minimal sram: 76675
I (11154549) SystemInfo: free sram: 88403 minimal sram: 76675
I (11164549) SystemInfo: free sram: 89851 minimal sram: 76675
I (11174549) SystemInfo: free sram: 88367 minimal sram: 76675
I (11184549) SystemInfo: free sram: 89883 minimal sram: 76675
I (11194549) SystemInfo: free sram: 88403 minimal sram: 76675
I (11204549) SystemInfo: free sram: 89367 minimal sram: 76675
I (11214549) SystemInfo: free sram: 88883 minimal sram: 76675
I (11224549) SystemInfo: free sram: 89367 minimal sram: 76675
I (11234569) SystemInfo: free sram: 89883 minimal sram: 76675
I (11244549) SystemInfo: free sram: 89367 minimal sram: 76675
I (11254549) SystemInfo: free sram: 88919 minimal sram: 76675
I (11264549) SystemInfo: free sram: 89367 minimal sram: 76675
I (11274549) SystemInfo: free sram: 88887 minimal sram: 76675
I (11284549) SystemInfo: free sram: 89367 minimal sram: 76675
I (11294549) SystemInfo: free sram: 88403 minimal sram: 76675
I (11304549) SystemInfo: free sram: 89883 minimal sram: 76675
I (11314549) SystemInfo: free sram: 88403 minimal sram: 76675
I (11324549) SystemInfo: free sram: 89883 minimal sram: 76675
I (11334549) SystemInfo: free sram: 88403 minimal sram: 76675
I (11344549) SystemInfo: free sram: 89883 minimal sram: 76675
I (11354559) SystemInfo: free sram: 88403 minimal sram: 76675
I (11364549) SystemInfo: free sram: 89367 minimal sram: 76675
I (11374549) SystemInfo: free sram: 88919 minimal sram: 76675
I (11384549) SystemInfo: free sram: 89335 minimal sram: 76675
I (11394549) SystemInfo: free sram: 88919 minimal sram: 76675
I (11404549) SystemInfo: free sram: 89367 minimal sram: 76675
I (11414549) SystemInfo: free sram: 88919 minimal sram: 76675
I (11424549) SystemInfo: free sram: 89367 minimal sram: 76675
I (11434549) SystemInfo: free sram: 88919 minimal sram: 76675
I (11444549) SystemInfo: free sram: 89367 minimal sram: 76675
I (11454549) SystemInfo: free sram: 88403 minimal sram: 76675
I (11464549) SystemInfo: free sram: 88919 minimal sram: 76675
I (11474549) SystemInfo: free sram: 88403 minimal sram: 76675
I (11484549) SystemInfo: free sram: 89883 minimal sram: 76675
I (11494549) SystemInfo: free sram: 88371 minimal sram: 76675
I (11504549) SystemInfo: free sram: 89883 minimal sram: 76675
I (11514549) SystemInfo: free sram: 88367 minimal sram: 76675
I (11524549) SystemInfo: free sram: 89883 minimal sram: 76675
I (11534549) SystemInfo: free sram: 88403 minimal sram: 76675
I (11544559) SystemInfo: free sram: 88403 minimal sram: 76675
I (11554549) SystemInfo: free sram: 88919 minimal sram: 76675
I (11564549) SystemInfo: free sram: 89367 minimal sram: 76675
I (11574559) SystemInfo: free sram: 88919 minimal sram: 76675
I (11584549) SystemInfo: free sram: 89367 minimal sram: 76675
I (11594549) SystemInfo: free sram: 88919 minimal sram: 76675
I (11604569) SystemInfo: free sram: 88371 minimal sram: 76675
I (11614549) SystemInfo: free sram: 88403 minimal sram: 76675
I (11624549) SystemInfo: free sram: 89883 minimal sram: 76675
I (11634549) SystemInfo: free sram: 88403 minimal sram: 76675
I (11644549) SystemInfo: free sram: 89883 minimal sram: 76675
I (11654559) SystemInfo: free sram: 88403 minimal sram: 76675
I (11664549) SystemInfo: free sram: 89883 minimal sram: 76675
I (11674549) SystemInfo: free sram: 88403 minimal sram: 76675
I (11684569) SystemInfo: free sram: 88919 minimal sram: 76675
I (11694549) SystemInfo: free sram: 88403 minimal sram: 76675
I (11704549) SystemInfo: free sram: 89367 minimal sram: 76675
I (11714549) SystemInfo: free sram: 88887 minimal sram: 76675
I (11724549) SystemInfo: free sram: 89367 minimal sram: 76675
I (11734549) SystemInfo: free sram: 88919 minimal sram: 76675
I (11744569) SystemInfo: free sram: 88403 minimal sram: 76675
I (11754549) SystemInfo: free sram: 88919 minimal sram: 76675
I (11764549) SystemInfo: free sram: 88403 minimal sram: 76675
I (11774549) SystemInfo: free sram: 88915 minimal sram: 76675
I (11784549) SystemInfo: free sram: 89367 minimal sram: 76675
I (11794549) SystemInfo: free sram: 88403 minimal sram: 76675
I (11804549) SystemInfo: free sram: 89883 minimal sram: 76675
I (11814569) SystemInfo: free sram: 89367 minimal sram: 76675
I (11824549) SystemInfo: free sram: 89851 minimal sram: 76675
I (11834549) SystemInfo: free sram: 88403 minimal sram: 76675
I (11844549) SystemInfo: free sram: 88919 minimal sram: 76675
I (11854549) SystemInfo: free sram: 88403 minimal sram: 76675
I (11864549) SystemInfo: free sram: 89367 minimal sram: 76675
I (11874549) SystemInfo: free sram: 88403 minimal sram: 76675
I (11884549) SystemInfo: free sram: 89367 minimal sram: 76675
I (11894549) SystemInfo: free sram: 88919 minimal sram: 76675
I (11904549) SystemInfo: free sram: 89367 minimal sram: 76675
I (11914549) SystemInfo: free sram: 88919 minimal sram: 76675
I (11924569) SystemInfo: free sram: 88403 minimal sram: 76675
I (11934549) SystemInfo: free sram: 88887 minimal sram: 76675
I (11944549) SystemInfo: free sram: 89367 minimal sram: 76675
I (11954549) SystemInfo: free sram: 88403 minimal sram: 76675
I (11964559) SystemInfo: free sram: 89947 minimal sram: 76675
I (11974549) SystemInfo: free sram: 88403 minimal sram: 76675
I (11984549) SystemInfo: free sram: 89883 minimal sram: 76675
I (11994549) SystemInfo: free sram: 89431 minimal sram: 76675
I (12004549) SystemInfo: free sram: 89883 minimal sram: 76675
I (12014569) SystemInfo: free sram: 88403 minimal sram: 76675
I (12024549) SystemInfo: free sram: 89883 minimal sram: 76675
I (12034549) SystemInfo: free sram: 88403 minimal sram: 76675
I (12044549) SystemInfo: free sram: 89335 minimal sram: 76675
I (12054549) SystemInfo: free sram: 88919 minimal sram: 76675
I (12064549) SystemInfo: free sram: 89367 minimal sram: 76675
I (12074559) SystemInfo: free sram: 88919 minimal sram: 76675
I (12084549) SystemInfo: free sram: 89367 minimal sram: 76675
I (12094549) SystemInfo: free sram: 88919 minimal sram: 76675
I (12104569) SystemInfo: free sram: 88403 minimal sram: 76675
I (12114549) SystemInfo: free sram: 88919 minimal sram: 76675
I (12124559) SystemInfo: free sram: 88403 minimal sram: 76675
I (12134549) SystemInfo: free sram: 88403 minimal sram: 76675
I (12144549) SystemInfo: free sram: 89883 minimal sram: 76675
I (12154549) SystemInfo: free sram: 88403 minimal sram: 76675
I (12164549) SystemInfo: free sram: 89851 minimal sram: 76675
I (12174549) SystemInfo: free sram: 88403 minimal sram: 76675
I (12184559) SystemInfo: free sram: 88919 minimal sram: 76675
I (12194549) SystemInfo: free sram: 88403 minimal sram: 76675
I (12204549) SystemInfo: free sram: 89367 minimal sram: 76675
I (12214549) SystemInfo: free sram: 88919 minimal sram: 76675
I (12224549) SystemInfo: free sram: 89367 minimal sram: 76675
I (12234559) SystemInfo: free sram: 88919 minimal sram: 76675
I (12244549) SystemInfo: free sram: 89367 minimal sram: 76675
I (12254549) SystemInfo: free sram: 88919 minimal sram: 76675
I (12264549) SystemInfo: free sram: 89367 minimal sram: 76675
I (12274549) SystemInfo: free sram: 88887 minimal sram: 76675
I (12284549) SystemInfo: free sram: 89363 minimal sram: 76675
I (12294569) SystemInfo: free sram: 88403 minimal sram: 76675
I (12304549) SystemInfo: free sram: 89883 minimal sram: 76675
I (12314549) SystemInfo: free sram: 88403 minimal sram: 76675
I (12324549) SystemInfo: free sram: 89883 minimal sram: 76675
I (12334549) SystemInfo: free sram: 88403 minimal sram: 76675
I (12344549) SystemInfo: free sram: 89883 minimal sram: 76675
I (12354559) SystemInfo: free sram: 88403 minimal sram: 76675
I (12364549) SystemInfo: free sram: 89883 minimal sram: 76675
I (12374549) SystemInfo: free sram: 88403 minimal sram: 76675
I (12384549) SystemInfo: free sram: 89335 minimal sram: 76675
I (12394549) SystemInfo: free sram: 88919 minimal sram: 76675
I (12404549) SystemInfo: free sram: 89367 minimal sram: 76675
I (12414559) SystemInfo: free sram: 88915 minimal sram: 76675
I (12424549) SystemInfo: free sram: 89367 minimal sram: 76675
I (12434549) SystemInfo: free sram: 88919 minimal sram: 76675
I (12444549) SystemInfo: free sram: 89367 minimal sram: 76675
I (12454549) SystemInfo: free sram: 88403 minimal sram: 76675
I (12464559) SystemInfo: free sram: 88919 minimal sram: 76675
I (12474549) SystemInfo: free sram: 88403 minimal sram: 76675
I (12484549) SystemInfo: free sram: 89883 minimal sram: 76675
I (12494549) SystemInfo: free sram: 88371 minimal sram: 76675
I (12504549) SystemInfo: free sram: 89883 minimal sram: 76675
I (12514549) SystemInfo: free sram: 88403 minimal sram: 76675
I (12524559) SystemInfo: free sram: 88919 minimal sram: 76675
I (12534549) SystemInfo: free sram: 88403 minimal sram: 76675
I (12544549) SystemInfo: free sram: 89367 minimal sram: 76675
I (12554549) SystemInfo: free sram: 88919 minimal sram: 76675
I (12564549) SystemInfo: free sram: 89367 minimal sram: 76675
I (12574549) SystemInfo: free sram: 88919 minimal sram: 76675
I (12584549) SystemInfo: free sram: 89367 minimal sram: 76675
I (12594549) SystemInfo: free sram: 88919 minimal sram: 76675
I (12604569) SystemInfo: free sram: 88371 minimal sram: 76675
I (12614549) SystemInfo: free sram: 88919 minimal sram: 76675
I (12624549) SystemInfo: free sram: 89331 minimal sram: 76675
I (12634559) SystemInfo: free sram: 88403 minimal sram: 76675
I (12644549) SystemInfo: free sram: 89883 minimal sram: 76675
I (12654559) SystemInfo: free sram: 88403 minimal sram: 76675
I (12664549) SystemInfo: free sram: 89883 minimal sram: 76675
I (12674549) SystemInfo: free sram: 88403 minimal sram: 76675
I (12684549) SystemInfo: free sram: 89883 minimal sram: 76675
I (12694549) SystemInfo: free sram: 88403 minimal sram: 76675
I (12704569) SystemInfo: free sram: 88403 minimal sram: 76675
I (12714549) SystemInfo: free sram: 88371 minimal sram: 76675
I (12724549) SystemInfo: free sram: 89367 minimal sram: 76675
I (12734569) SystemInfo: free sram: 89883 minimal sram: 76675
I (12744549) SystemInfo: free sram: 89367 minimal sram: 76675
I (12754549) SystemInfo: free sram: 88919 minimal sram: 76675
I (12764549) SystemInfo: free sram: 89367 minimal sram: 76675
I (12774549) SystemInfo: free sram: 88919 minimal sram: 76675
I (12784549) SystemInfo: free sram: 89367 minimal sram: 76675
I (12794549) SystemInfo: free sram: 88403 minimal sram: 76675
I (12804549) SystemInfo: free sram: 89883 minimal sram: 76675
I (12814549) SystemInfo: free sram: 88403 minimal sram: 76675
I (12824569) SystemInfo: free sram: 88887 minimal sram: 76675
I (12834549) SystemInfo: free sram: 88403 minimal sram: 76675
I (12844549) SystemInfo: free sram: 88919 minimal sram: 76675
I (12854549) SystemInfo: free sram: 88403 minimal sram: 76675
I (12864549) SystemInfo: free sram: 89883 minimal sram: 76675
I (12874559) SystemInfo: free sram: 88403 minimal sram: 76675
I (12884549) SystemInfo: free sram: 89367 minimal sram: 76675
I (12894549) SystemInfo: free sram: 88919 minimal sram: 76675
I (12904569) SystemInfo: free sram: 88403 minimal sram: 76675
I (12914549) SystemInfo: free sram: 88919 minimal sram: 76675
I (12924549) SystemInfo: free sram: 89363 minimal sram: 76675
I (12934549) SystemInfo: free sram: 88887 minimal sram: 76675
I (12944549) SystemInfo: free sram: 89367 minimal sram: 76675
I (12954549) SystemInfo: free sram: 88919 minimal sram: 76675
I (12964549) SystemInfo: free sram: 89367 minimal sram: 76675
I (12974549) SystemInfo: free sram: 88403 minimal sram: 76675
I (12984559) SystemInfo: free sram: 88919 minimal sram: 76675
I (12994549) SystemInfo: free sram: 88403 minimal sram: 76675
I (13004549) SystemInfo: free sram: 89883 minimal sram: 76675
I (13014569) SystemInfo: free sram: 89367 minimal sram: 76675
I (13024549) SystemInfo: free sram: 89883 minimal sram: 76675
I (13034549) SystemInfo: free sram: 88403 minimal sram: 76675
I (13044549) SystemInfo: free sram: 89335 minimal sram: 76675
I (13054549) SystemInfo: free sram: 88919 minimal sram: 76675
I (13064549) SystemInfo: free sram: 89367 minimal sram: 76675
I (13074549) SystemInfo: free sram: 88919 minimal sram: 76675
I (13084549) SystemInfo: free sram: 89367 minimal sram: 76675
I (13094549) SystemInfo: free sram: 88919 minimal sram: 76675
I (13104549) SystemInfo: free sram: 89367 minimal sram: 76675
I (13114549) SystemInfo: free sram: 88919 minimal sram: 76675
I (13124559) SystemInfo: free sram: 88403 minimal sram: 76675
I (13134549) SystemInfo: free sram: 88403 minimal sram: 76675
I (13144549) SystemInfo: free sram: 89883 minimal sram: 76675
I (13154549) SystemInfo: free sram: 88371 minimal sram: 76675
I (13164549) SystemInfo: free sram: 89883 minimal sram: 76675
I (13174569) SystemInfo: free sram: 88403 minimal sram: 76675
I (13184549) SystemInfo: free sram: 89883 minimal sram: 76675
I (13194559) SystemInfo: free sram: 88403 minimal sram: 76675
I (13204549) SystemInfo: free sram: 89883 minimal sram: 76675
I (13214549) SystemInfo: free sram: 88403 minimal sram: 76675
I (13224549) SystemInfo: free sram: 89367 minimal sram: 76675
I (13234569) SystemInfo: free sram: 88919 minimal sram: 76675
I (13244549) SystemInfo: free sram: 89367 minimal sram: 76675
I (13254549) SystemInfo: free sram: 88919 minimal sram: 76675
I (13264549) SystemInfo: free sram: 89335 minimal sram: 76675
I (13274549) SystemInfo: free sram: 88919 minimal sram: 76675
I (13284549) SystemInfo: free sram: 89367 minimal sram: 76675
I (13294549) SystemInfo: free sram: 88403 minimal sram: 76675
I (13304549) SystemInfo: free sram: 90911 minimal sram: 76675
I (13314549) SystemInfo: free sram: 88403 minimal sram: 76675
I (13324549) SystemInfo: free sram: 89883 minimal sram: 76675
I (13334569) SystemInfo: free sram: 90395 minimal sram: 76675
I (13344559) SystemInfo: free sram: 88919 minimal sram: 76675
I (13354549) SystemInfo: free sram: 88403 minimal sram: 76675
I (13364549) SystemInfo: free sram: 89883 minimal sram: 76675
I (13374549) SystemInfo: free sram: 88371 minimal sram: 76675
I (13384549) SystemInfo: free sram: 89367 minimal sram: 76675
I (13394549) SystemInfo: free sram: 88919 minimal sram: 76675
I (13404549) SystemInfo: free sram: 89367 minimal sram: 76675
I (13414549) SystemInfo: free sram: 88919 minimal sram: 76675
I (13424549) SystemInfo: free sram: 89367 minimal sram: 76675
I (13434549) SystemInfo: free sram: 88919 minimal sram: 76675
I (13444549) SystemInfo: free sram: 89367 minimal sram: 76675
I (13454559) SystemInfo: free sram: 88919 minimal sram: 76675
I (13464549) SystemInfo: free sram: 89367 minimal sram: 76675
I (13474549) SystemInfo: free sram: 88403 minimal sram: 76675
I (13484549) SystemInfo: free sram: 89851 minimal sram: 76675
I (13494549) SystemInfo: free sram: 88403 minimal sram: 76675
I (13504549) SystemInfo: free sram: 89883 minimal sram: 76675
I (13514549) SystemInfo: free sram: 88403 minimal sram: 76675
I (13524549) SystemInfo: free sram: 89883 minimal sram: 76675
I (13534549) SystemInfo: free sram: 88403 minimal sram: 76675
I (13544549) SystemInfo: free sram: 89367 minimal sram: 76675
I (13554549) SystemInfo: free sram: 88403 minimal sram: 76675
I (13564549) SystemInfo: free sram: 89367 minimal sram: 76675
I (13574549) SystemInfo: free sram: 88919 minimal sram: 76675
I (13584549) SystemInfo: free sram: 89367 minimal sram: 76675
I (13594549) SystemInfo: free sram: 88887 minimal sram: 76675
I (13604549) SystemInfo: free sram: 89367 minimal sram: 76675
I (13614549) SystemInfo: free sram: 88919 minimal sram: 76675
I (13624549) SystemInfo: free sram: 89367 minimal sram: 76675
I (13634549) SystemInfo: free sram: 88403 minimal sram: 76675
I (13644549) SystemInfo: free sram: 89883 minimal sram: 76675
I (13654549) SystemInfo: free sram: 88403 minimal sram: 76675
I (13664549) SystemInfo: free sram: 89887 minimal sram: 76675
I (13674549) SystemInfo: free sram: 88407 minimal sram: 76675
I (13684549) SystemInfo: free sram: 89887 minimal sram: 76675
I (13694549) SystemInfo: free sram: 88411 minimal sram: 76675
I (13704549) SystemInfo: free sram: 89855 minimal sram: 76675
I (13714549) SystemInfo: free sram: 88411 minimal sram: 76675
I (13724549) SystemInfo: free sram: 89371 minimal sram: 76675
I (13734549) SystemInfo: free sram: 88923 minimal sram: 76675
I (13744549) SystemInfo: free sram: 89371 minimal sram: 76675
I (13754549) SystemInfo: free sram: 88923 minimal sram: 76675
I (13764549) SystemInfo: free sram: 89371 minimal sram: 76675
I (13774549) SystemInfo: free sram: 88923 minimal sram: 76675
I (13784549) SystemInfo: free sram: 89371 minimal sram: 76675
I (13794549) SystemInfo: free sram: 88923 minimal sram: 76675
I (13804549) SystemInfo: free sram: 89375 minimal sram: 76675
I (13814549) SystemInfo: free sram: 88375 minimal sram: 76675
I (13824549) SystemInfo: free sram: 89887 minimal sram: 76675
I (13834549) SystemInfo: free sram: 88407 minimal sram: 76675
I (13844549) SystemInfo: free sram: 89887 minimal sram: 76675
I (13854549) SystemInfo: free sram: 88407 minimal sram: 76675
I (13864549) SystemInfo: free sram: 89887 minimal sram: 76675
I (13874549) SystemInfo: free sram: 88407 minimal sram: 76675
I (13884549) SystemInfo: free sram: 89371 minimal sram: 76675
I (13894549) SystemInfo: free sram: 88923 minimal sram: 76675
I (13904549) SystemInfo: free sram: 89335 minimal sram: 76675
I (13914549) SystemInfo: free sram: 88923 minimal sram: 76675
I (13924549) SystemInfo: free sram: 89339 minimal sram: 76675
I (13934549) SystemInfo: free sram: 88923 minimal sram: 76675
I (13944549) SystemInfo: free sram: 89371 minimal sram: 76675
I (13954549) SystemInfo: free sram: 88923 minimal sram: 76675
I (13964569) SystemInfo: free sram: 88407 minimal sram: 76675
I (13974549) SystemInfo: free sram: 88407 minimal sram: 76675
I (13984549) SystemInfo: free sram: 89887 minimal sram: 76675
I (13994569) SystemInfo: free sram: 89371 minimal sram: 76675
I (14004549) SystemInfo: free sram: 89887 minimal sram: 76675
I (14014549) SystemInfo: free sram: 88407 minimal sram: 76675
I (14024549) SystemInfo: free sram: 89887 minimal sram: 76675
I (14034569) SystemInfo: free sram: 88375 minimal sram: 76675
I (14044549) SystemInfo: free sram: 89887 minimal sram: 76675
I (14054549) SystemInfo: free sram: 88407 minimal sram: 76675
I (14064549) SystemInfo: free sram: 88407 minimal sram: 76675
I (14074549) SystemInfo: free sram: 88923 minimal sram: 76675
I (14084549) SystemInfo: free sram: 89371 minimal sram: 76675
I (14094549) SystemInfo: free sram: 88923 minimal sram: 76675
I (14104549) SystemInfo: free sram: 89375 minimal sram: 76675
I (14114559) SystemInfo: free sram: 88923 minimal sram: 76675
I (14124549) SystemInfo: free sram: 89371 minimal sram: 76675
I (14134549) SystemInfo: free sram: 88407 minimal sram: 76675
I (14144549) SystemInfo: free sram: 89855 minimal sram: 76675
I (14154549) SystemInfo: free sram: 88407 minimal sram: 76675
I (14164549) SystemInfo: free sram: 89887 minimal sram: 76675
I (14174549) SystemInfo: free sram: 88407 minimal sram: 76675
I (14184569) SystemInfo: free sram: 88923 minimal sram: 76675
I (14194549) SystemInfo: free sram: 88407 minimal sram: 76675
I (14204549) SystemInfo: free sram: 89887 minimal sram: 76675
I (14214559) SystemInfo: free sram: 88407 minimal sram: 76675
I (14224549) SystemInfo: free sram: 89371 minimal sram: 76675
I (14234549) SystemInfo: free sram: 88923 minimal sram: 76675
I (14244549) SystemInfo: free sram: 89335 minimal sram: 76675
I (14254549) SystemInfo: free sram: 88891 minimal sram: 76675
I (14264549) SystemInfo: free sram: 89371 minimal sram: 76675
I (14274569) SystemInfo: free sram: 88923 minimal sram: 76675
I (14284549) SystemInfo: free sram: 89371 minimal sram: 76675
I (14294569) SystemInfo: free sram: 89887 minimal sram: 76675
I (14304549) SystemInfo: free sram: 90399 minimal sram: 76675
I (14314549) SystemInfo: free sram: 88407 minimal sram: 76675
I (14324569) SystemInfo: free sram: 88923 minimal sram: 76675
I (14334549) SystemInfo: free sram: 89435 minimal sram: 76675
I (14344549) SystemInfo: free sram: 89887 minimal sram: 76675
I (14354549) SystemInfo: free sram: 88407 minimal sram: 76675
I (14364549) SystemInfo: free sram: 89891 minimal sram: 76675
I (14374549) SystemInfo: free sram: 88375 minimal sram: 76675
I (14384549) SystemInfo: free sram: 89371 minimal sram: 76675
I (14394549) SystemInfo: free sram: 88407 minimal sram: 76675
I (14404549) SystemInfo: free sram: 89371 minimal sram: 76675
I (14414549) SystemInfo: free sram: 88923 minimal sram: 76675
I (14424549) SystemInfo: free sram: 89371 minimal sram: 76675
I (14434559) SystemInfo: free sram: 88923 minimal sram: 76675
I (14444549) SystemInfo: free sram: 89371 minimal sram: 76675
I (14454549) SystemInfo: free sram: 88923 minimal sram: 76675
I (14464549) SystemInfo: free sram: 89371 minimal sram: 76675
I (14474549) SystemInfo: free sram: 88407 minimal sram: 76675
I (14484549) SystemInfo: free sram: 89887 minimal sram: 76675
I (14494569) SystemInfo: free sram: 88375 minimal sram: 76675
I (14504549) SystemInfo: free sram: 89887 minimal sram: 76675
I (14514569) SystemInfo: free sram: 88407 minimal sram: 76675
I (14524549) SystemInfo: free sram: 89887 minimal sram: 76675
I (14534549) SystemInfo: free sram: 88407 minimal sram: 76675
I (14544549) SystemInfo: free sram: 89851 minimal sram: 76675
I (14554549) SystemInfo: free sram: 88407 minimal sram: 76675
I (14564549) SystemInfo: free sram: 89371 minimal sram: 76675
I (14574549) SystemInfo: free sram: 88923 minimal sram: 76675
I (14584549) SystemInfo: free sram: 89371 minimal sram: 76675
I (14594549) SystemInfo: free sram: 88923 minimal sram: 76675
I (14604549) SystemInfo: free sram: 89339 minimal sram: 76675
I (14614549) SystemInfo: free sram: 88923 minimal sram: 76675
I (14624569) SystemInfo: free sram: 88407 minimal sram: 76675
I (14634549) SystemInfo: free sram: 88923 minimal sram: 76675
I (14644549) SystemInfo: free sram: 89371 minimal sram: 76675
I (14654569) SystemInfo: free sram: 89371 minimal sram: 76675
I (14664549) SystemInfo: free sram: 89887 minimal sram: 76675
I (14674549) SystemInfo: free sram: 88407 minimal sram: 76675
I (14684549) SystemInfo: free sram: 89887 minimal sram: 76675
I (14694549) SystemInfo: free sram: 88407 minimal sram: 76675
I (14704549) SystemInfo: free sram: 89887 minimal sram: 76675
I (14714569) SystemInfo: free sram: 89339 minimal sram: 76675
I (14724549) SystemInfo: free sram: 89371 minimal sram: 76675
I (14734549) SystemInfo: free sram: 88923 minimal sram: 76675
I (14744559) SystemInfo: free sram: 88407 minimal sram: 76675
I (14754549) SystemInfo: free sram: 88923 minimal sram: 76675
I (14764549) SystemInfo: free sram: 89371 minimal sram: 76675
I (14774549) SystemInfo: free sram: 88923 minimal sram: 76675
I (14784549) SystemInfo: free sram: 89371 minimal sram: 76675
I (14794549) SystemInfo: free sram: 88923 minimal sram: 76675
I (14804549) SystemInfo: free sram: 89371 minimal sram: 76675
I (14814549) SystemInfo: free sram: 88407 minimal sram: 76675
I (14824569) SystemInfo: free sram: 88923 minimal sram: 76675
I (14834549) SystemInfo: free sram: 88375 minimal sram: 76675
I (14844549) SystemInfo: free sram: 89887 minimal sram: 76675
I (14854549) SystemInfo: free sram: 88407 minimal sram: 76675
I (14864549) SystemInfo: free sram: 89887 minimal sram: 76675
I (14874549) SystemInfo: free sram: 88407 minimal sram: 76675
I (14884549) SystemInfo: free sram: 89887 minimal sram: 76675
I (14894549) SystemInfo: free sram: 88411 minimal sram: 76675
I (14904549) SystemInfo: free sram: 89371 minimal sram: 76675
I (14914559) SystemInfo: free sram: 88923 minimal sram: 76675
I (14924549) SystemInfo: free sram: 89371 minimal sram: 76675
I (14934549) SystemInfo: free sram: 88923 minimal sram: 76675
I (14944549) SystemInfo: free sram: 89339 minimal sram: 76675
I (14954549) SystemInfo: free sram: 88923 minimal sram: 76675
I (14964549) SystemInfo: free sram: 89371 minimal sram: 76675
I (14974549) SystemInfo: free sram: 88407 minimal sram: 76675
I (14984549) SystemInfo: free sram: 89887 minimal sram: 76675
I (14994549) SystemInfo: free sram: 88407 minimal sram: 76675
I (15004549) SystemInfo: free sram: 89883 minimal sram: 76675
I (15014549) SystemInfo: free sram: 88403 minimal sram: 76675
I (15024549) SystemInfo: free sram: 89883 minimal sram: 76675
I (15034549) SystemInfo: free sram: 88403 minimal sram: 76675
I (15044549) SystemInfo: free sram: 88919 minimal sram: 76675
I (15054549) SystemInfo: free sram: 88403 minimal sram: 76675
I (15064549) SystemInfo: free sram: 89367 minimal sram: 76675
I (15074549) SystemInfo: free sram: 88887 minimal sram: 76675
I (15084549) SystemInfo: free sram: 89367 minimal sram: 76675
I (15094549) SystemInfo: free sram: 88919 minimal sram: 76675
I (15104569) SystemInfo: free sram: 88403 minimal sram: 76675
I (15114549) SystemInfo: free sram: 88919 minimal sram: 76675
I (15124549) SystemInfo: free sram: 89367 minimal sram: 76675
I (15134549) SystemInfo: free sram: 88919 minimal sram: 76675
I (15144549) SystemInfo: free sram: 89363 minimal sram: 76675
I (15154569) SystemInfo: free sram: 88403 minimal sram: 76675
I (15164549) SystemInfo: free sram: 89883 minimal sram: 76675
I (15174559) SystemInfo: free sram: 88403 minimal sram: 76675
I (15184549) SystemInfo: free sram: 89807 minimal sram: 76675
I (15194549) SystemInfo: free sram: 88403 minimal sram: 76675
I (15204549) SystemInfo: free sram: 89883 minimal sram: 76675
I (15214559) SystemInfo: free sram: 88403 minimal sram: 76675
I (15224549) SystemInfo: free sram: 89367 minimal sram: 76675
I (15234549) SystemInfo: free sram: 88403 minimal sram: 76675
I (15244549) SystemInfo: free sram: 89367 minimal sram: 76675
I (15254549) SystemInfo: free sram: 88919 minimal sram: 76675
I (15264549) SystemInfo: free sram: 89367 minimal sram: 76675
I (15274549) SystemInfo: free sram: 88919 minimal sram: 76675
I (15284549) SystemInfo: free sram: 89367 minimal sram: 76675
I (15294549) SystemInfo: free sram: 88887 minimal sram: 76675
I (15304549) SystemInfo: free sram: 89367 minimal sram: 76675
I (15314569) SystemInfo: free sram: 89367 minimal sram: 76675
I (15324549) SystemInfo: free sram: 89883 minimal sram: 76675
I (15334549) SystemInfo: free sram: 88403 minimal sram: 76675
I (15344549) SystemInfo: free sram: 89883 minimal sram: 76675
I (15354549) SystemInfo: free sram: 88367 minimal sram: 76675
I (15364549) SystemInfo: free sram: 89883 minimal sram: 76675
I (15374549) SystemInfo: free sram: 88403 minimal sram: 76675
I (15384549) SystemInfo: free sram: 89883 minimal sram: 76675
I (15394569) SystemInfo: free sram: 89367 minimal sram: 76675
I (15404549) SystemInfo: free sram: 89335 minimal sram: 76675
I (15414549) SystemInfo: free sram: 88919 minimal sram: 76675
I (15424549) SystemInfo: free sram: 89367 minimal sram: 76675
I (15434559) SystemInfo: free sram: 88919 minimal sram: 76675
I (15444549) SystemInfo: free sram: 89367 minimal sram: 76675
I (15454549) SystemInfo: free sram: 88919 minimal sram: 76675
I (15464549) SystemInfo: free sram: 89367 minimal sram: 76675
I (15474549) SystemInfo: free sram: 88919 minimal sram: 76675
I (15484559) SystemInfo: free sram: 88403 minimal sram: 76675
I (15494549) SystemInfo: free sram: 88403 minimal sram: 76675
I (15504549) SystemInfo: free sram: 89883 minimal sram: 76675
I (15514549) SystemInfo: free sram: 88371 minimal sram: 76675
I (15524549) SystemInfo: free sram: 89883 minimal sram: 76675
I (15534549) SystemInfo: free sram: 88403 minimal sram: 76675
I (15544569) SystemInfo: free sram: 88919 minimal sram: 76675
I (15554549) SystemInfo: free sram: 88403 minimal sram: 76675
I (15564549) SystemInfo: free sram: 89367 minimal sram: 76675
I (15574559) SystemInfo: free sram: 88919 minimal sram: 76675
I (15584549) SystemInfo: free sram: 89367 minimal sram: 76675
I (15594549) SystemInfo: free sram: 88919 minimal sram: 76675
I (15604559) SystemInfo: free sram: 88919 minimal sram: 76675
I (15614549) SystemInfo: free sram: 88919 minimal sram: 76675
I (15624549) SystemInfo: free sram: 89335 minimal sram: 76675
I (15634549) SystemInfo: free sram: 88919 minimal sram: 76675
I (15644549) SystemInfo: free sram: 90395 minimal sram: 76675
I (15654549) SystemInfo: free sram: 88403 minimal sram: 76675
I (15664549) SystemInfo: free sram: 89883 minimal sram: 76675
I (15674549) SystemInfo: free sram: 89431 minimal sram: 76675
I (15684549) SystemInfo: free sram: 89883 minimal sram: 76675
I (15694549) SystemInfo: free sram: 88403 minimal sram: 76675
I (15704549) SystemInfo: free sram: 89883 minimal sram: 76675
I (15714559) SystemInfo: free sram: 88403 minimal sram: 76675
I (15724549) SystemInfo: free sram: 89883 minimal sram: 76675
I (15734549) SystemInfo: free sram: 88371 minimal sram: 76675
I (15744549) SystemInfo: free sram: 89367 minimal sram: 76675
I (15754549) SystemInfo: free sram: 88919 minimal sram: 76675
I (15764549) SystemInfo: free sram: 89367 minimal sram: 76675
I (15774549) SystemInfo: free sram: 88919 minimal sram: 76675
I (15784549) SystemInfo: free sram: 89367 minimal sram: 76675
I (15794549) SystemInfo: free sram: 88919 minimal sram: 76675
I (15804549) SystemInfo: free sram: 89367 minimal sram: 76675
I (15814549) SystemInfo: free sram: 88403 minimal sram: 76675
I (15824549) SystemInfo: free sram: 89883 minimal sram: 76675
I (15834549) SystemInfo: free sram: 88403 minimal sram: 76675
I (15844549) SystemInfo: free sram: 89851 minimal sram: 76675
I (15854549) SystemInfo: free sram: 88403 minimal sram: 76675
I (15864549) SystemInfo: free sram: 89883 minimal sram: 76675
I (15874549) SystemInfo: free sram: 88403 minimal sram: 76675
I (15884549) SystemInfo: free sram: 89883 minimal sram: 76675
I (15894549) SystemInfo: free sram: 88403 minimal sram: 76675
I (15904549) SystemInfo: free sram: 89367 minimal sram: 76675
I (15914549) SystemInfo: free sram: 88919 minimal sram: 76675
I (15924549) SystemInfo: free sram: 89367 minimal sram: 76675
I (15934549) SystemInfo: free sram: 88919 minimal sram: 76675
I (15944569) SystemInfo: free sram: 88403 minimal sram: 76675
I (15954549) SystemInfo: free sram: 88887 minimal sram: 76675
I (15964549) SystemInfo: free sram: 89367 minimal sram: 76675
I (15974549) SystemInfo: free sram: 88919 minimal sram: 76675
I (15984559) SystemInfo: free sram: 88403 minimal sram: 76675
I (15994549) SystemInfo: free sram: 88403 minimal sram: 76675
I (16004549) SystemInfo: free sram: 89883 minimal sram: 76675
I (16014549) SystemInfo: free sram: 88403 minimal sram: 76675
I (16024549) SystemInfo: free sram: 89883 minimal sram: 76675
I (16034549) SystemInfo: free sram: 88403 minimal sram: 76675
I (16044549) SystemInfo: free sram: 89883 minimal sram: 76675
I (16054549) SystemInfo: free sram: 88403 minimal sram: 76675
I (16064549) SystemInfo: free sram: 89335 minimal sram: 76675
I (16074549) SystemInfo: free sram: 88403 minimal sram: 76675
I (16084549) SystemInfo: free sram: 89367 minimal sram: 76675
I (16094559) SystemInfo: free sram: 88919 minimal sram: 76675
I (16104549) SystemInfo: free sram: 89367 minimal sram: 76675
I (16114549) SystemInfo: free sram: 88919 minimal sram: 76675
I (16124569) SystemInfo: free sram: 88403 minimal sram: 76675
I (16134549) SystemInfo: free sram: 88919 minimal sram: 76675
I (16144549) SystemInfo: free sram: 89367 minimal sram: 76675
I (16154549) SystemInfo: free sram: 88403 minimal sram: 76675
I (16164549) SystemInfo: free sram: 89883 minimal sram: 76675
I (16174549) SystemInfo: free sram: 88371 minimal sram: 76675
I (16184549) SystemInfo: free sram: 89883 minimal sram: 76675
I (16194549) SystemInfo: free sram: 88403 minimal sram: 76675
I (16204559) SystemInfo: free sram: 88919 minimal sram: 76675
I (16214549) SystemInfo: free sram: 88403 minimal sram: 76675
I (16224549) SystemInfo: free sram: 89883 minimal sram: 76675
I (16234559) SystemInfo: free sram: 88403 minimal sram: 76675
I (16244549) SystemInfo: free sram: 89367 minimal sram: 76675
I (16254549) SystemInfo: free sram: 88919 minimal sram: 76675
I (16264549) SystemInfo: free sram: 89367 minimal sram: 76675
I (16274549) SystemInfo: free sram: 88919 minimal sram: 76675
I (16284549) SystemInfo: free sram: 88371 minimal sram: 76675
I (16294549) SystemInfo: free sram: 88919 minimal sram: 76675
I (16304549) SystemInfo: free sram: 89367 minimal sram: 76675
I (16314549) SystemInfo: free sram: 88919 minimal sram: 76675
I (16324549) SystemInfo: free sram: 89367 minimal sram: 76675
I (16334549) SystemInfo: free sram: 88403 minimal sram: 76675
I (16344549) SystemInfo: free sram: 89883 minimal sram: 76675
I (16354549) SystemInfo: free sram: 88403 minimal sram: 76675
I (16364549) SystemInfo: free sram: 89883 minimal sram: 76675
I (16374549) SystemInfo: free sram: 88403 minimal sram: 76675
I (16384549) SystemInfo: free sram: 89883 minimal sram: 76675
I (16394549) SystemInfo: free sram: 88371 minimal sram: 76675
I (16404549) SystemInfo: free sram: 89367 minimal sram: 76675
I (16414549) SystemInfo: free sram: 88919 minimal sram: 76675
I (16424549) SystemInfo: free sram: 89367 minimal sram: 76675
I (16434549) SystemInfo: free sram: 88919 minimal sram: 76675
I (16444549) SystemInfo: free sram: 89367 minimal sram: 76675
I (16454549) SystemInfo: free sram: 88919 minimal sram: 76675
I (16464549) SystemInfo: free sram: 89367 minimal sram: 76675
I (16474549) SystemInfo: free sram: 88919 minimal sram: 76675
I (16484549) SystemInfo: free sram: 89367 minimal sram: 76675
I (16494559) SystemInfo: free sram: 88403 minimal sram: 76675
I (16504549) SystemInfo: free sram: 89851 minimal sram: 76675
I (16514549) SystemInfo: free sram: 88403 minimal sram: 76675
I (16524549) SystemInfo: free sram: 89883 minimal sram: 76675
I (16534559) SystemInfo: free sram: 88403 minimal sram: 76675
I (16544549) SystemInfo: free sram: 89883 minimal sram: 76675
I (16554549) SystemInfo: free sram: 88403 minimal sram: 76675
I (16564549) SystemInfo: free sram: 89883 minimal sram: 76675
I (16574549) SystemInfo: free sram: 88403 minimal sram: 76675
I (16584549) SystemInfo: free sram: 89367 minimal sram: 76675
I (16594549) SystemInfo: free sram: 88919 minimal sram: 76675
I (16604569) SystemInfo: free sram: 88403 minimal sram: 76675
I (16614549) SystemInfo: free sram: 88887 minimal sram: 76675
I (16624549) SystemInfo: free sram: 89367 minimal sram: 76675
I (16634569) SystemInfo: free sram: 89883 minimal sram: 76675
I (16644549) SystemInfo: free sram: 89367 minimal sram: 76675
I (16654549) SystemInfo: free sram: 88403 minimal sram: 76675
I (16664569) SystemInfo: free sram: 88919 minimal sram: 76675
I (16674549) SystemInfo: free sram: 88403 minimal sram: 76675
I (16684549) SystemInfo: free sram: 89883 minimal sram: 76675
I (16694549) SystemInfo: free sram: 88403 minimal sram: 76675
I (16704549) SystemInfo: free sram: 89883 minimal sram: 76675
I (16714549) SystemInfo: free sram: 88403 minimal sram: 76675
I (16724569) SystemInfo: free sram: 88887 minimal sram: 76675
I (16734549) SystemInfo: free sram: 88403 minimal sram: 76675
I (16744549) SystemInfo: free sram: 89367 minimal sram: 76675
I (16754549) SystemInfo: free sram: 88919 minimal sram: 76675
I (16764549) SystemInfo: free sram: 89367 minimal sram: 76675
I (16774549) SystemInfo: free sram: 88919 minimal sram: 76675
I (16784549) SystemInfo: free sram: 89367 minimal sram: 76675
I (16794549) SystemInfo: free sram: 88919 minimal sram: 76675
I (16804549) SystemInfo: free sram: 88403 minimal sram: 76675
I (16814549) SystemInfo: free sram: 88919 minimal sram: 76675
I (16824549) SystemInfo: free sram: 89367 minimal sram: 76675
I (16834549) SystemInfo: free sram: 88371 minimal sram: 76675
I (16844549) SystemInfo: free sram: 89883 minimal sram: 76675
I (16854549) SystemInfo: free sram: 88403 minimal sram: 76675
I (16864549) SystemInfo: free sram: 89883 minimal sram: 76675
I (16874549) SystemInfo: free sram: 88403 minimal sram: 76675
I (16884559) SystemInfo: free sram: 88919 minimal sram: 76675
I (16894549) SystemInfo: free sram: 88403 minimal sram: 76675
I (16904549) SystemInfo: free sram: 89367 minimal sram: 76675
I (16914549) SystemInfo: free sram: 88403 minimal sram: 76675
I (16924549) SystemInfo: free sram: 89367 minimal sram: 76675
I (16934549) SystemInfo: free sram: 88919 minimal sram: 76675
I (16944549) SystemInfo: free sram: 89335 minimal sram: 76675
I (16954549) SystemInfo: free sram: 88919 minimal sram: 76675
I (16964549) SystemInfo: free sram: 89367 minimal sram: 76675
I (16974549) SystemInfo: free sram: 88879 minimal sram: 76675
I (16984549) SystemInfo: free sram: 90395 minimal sram: 76675
I (16994559) SystemInfo: free sram: 88403 minimal sram: 76675
I (17004549) SystemInfo: free sram: 89883 minimal sram: 76675
I (17014549) SystemInfo: free sram: 89431 minimal sram: 76675
I (17024569) SystemInfo: free sram: 88919 minimal sram: 76675
I (17034549) SystemInfo: free sram: 88403 minimal sram: 76675
I (17044549) SystemInfo: free sram: 89883 minimal sram: 76675
I (17054549) SystemInfo: free sram: 88371 minimal sram: 76675
I (17064549) SystemInfo: free sram: 89883 minimal sram: 76675
I (17074569) SystemInfo: free sram: 88403 minimal sram: 76675
I (17084549) SystemInfo: free sram: 89367 minimal sram: 76675
I (17094569) SystemInfo: free sram: 88919 minimal sram: 76675
I (17104549) SystemInfo: free sram: 89367 minimal sram: 76675
I (17114549) SystemInfo: free sram: 88919 minimal sram: 76675
I (17124549) SystemInfo: free sram: 89367 minimal sram: 76675
I (17134549) SystemInfo: free sram: 88919 minimal sram: 76675
I (17144549) SystemInfo: free sram: 89367 minimal sram: 76675
I (17154549) SystemInfo: free sram: 88919 minimal sram: 76675
I (17164549) SystemInfo: free sram: 89335 minimal sram: 76675
I (17174549) SystemInfo: free sram: 88403 minimal sram: 76675
I (17184549) SystemInfo: free sram: 89883 minimal sram: 76675
I (17194549) SystemInfo: free sram: 88403 minimal sram: 76675
I (17204569) SystemInfo: free sram: 88919 minimal sram: 76675
I (17214549) SystemInfo: free sram: 88403 minimal sram: 76675
I (17224549) SystemInfo: free sram: 89883 minimal sram: 76675
I (17234549) SystemInfo: free sram: 88403 minimal sram: 76675
I (17244559) SystemInfo: free sram: 88403 minimal sram: 76675
I (17254549) SystemInfo: free sram: 88919 minimal sram: 76675
I (17264549) SystemInfo: free sram: 89367 minimal sram: 76675
I (17274549) SystemInfo: free sram: 88719 minimal sram: 76675
I (17284549) SystemInfo: free sram: 89367 minimal sram: 76675
I (17294569) SystemInfo: free sram: 88919 minimal sram: 76675
I (17304549) SystemInfo: free sram: 89367 minimal sram: 76675
I (17314549) SystemInfo: free sram: 88919 minimal sram: 76675
I (17324549) SystemInfo: free sram: 89883 minimal sram: 76675
I (17334549) SystemInfo: free sram: 88919 minimal sram: 76675
I (17344549) SystemInfo: free sram: 89883 minimal sram: 76675
I (17354569) SystemInfo: free sram: 89367 minimal sram: 76675
I (17364549) SystemInfo: free sram: 89883 minimal sram: 76675
I (17374549) SystemInfo: free sram: 88403 minimal sram: 76675
I (17384549) SystemInfo: free sram: 89851 minimal sram: 76675
I (17394549) SystemInfo: free sram: 88403 minimal sram: 76675
I (17404549) SystemInfo: free sram: 89883 minimal sram: 76675
I (17414549) SystemInfo: free sram: 88403 minimal sram: 76675
I (17424549) SystemInfo: free sram: 89367 minimal sram: 76675
I (17434559) SystemInfo: free sram: 88919 minimal sram: 76675
I (17444549) SystemInfo: free sram: 89367 minimal sram: 76675
I (17454549) SystemInfo: free sram: 88919 minimal sram: 76675
I (17464549) SystemInfo: free sram: 89367 minimal sram: 76675
I (17474549) SystemInfo: free sram: 88919 minimal sram: 76675
I (17484549) SystemInfo: free sram: 89367 minimal sram: 76675
I (17494549) SystemInfo: free sram: 88403 minimal sram: 76675
I (17504549) SystemInfo: free sram: 89883 minimal sram: 76675
I (17514559) SystemInfo: free sram: 88371 minimal sram: 76675
I (17524549) SystemInfo: free sram: 89883 minimal sram: 76675
I (17534549) SystemInfo: free sram: 88403 minimal sram: 76675
I (17544549) SystemInfo: free sram: 89883 minimal sram: 76675
I (17554549) SystemInfo: free sram: 88403 minimal sram: 76675
I (17564549) SystemInfo: free sram: 89883 minimal sram: 76675
I (17574559) SystemInfo: free sram: 88403 minimal sram: 76675
I (17584549) SystemInfo: free sram: 89367 minimal sram: 76675
I (17594549) SystemInfo: free sram: 88919 minimal sram: 76675
I (17604549) SystemInfo: free sram: 89367 minimal sram: 76675
I (17614549) SystemInfo: free sram: 88919 minimal sram: 76675
I (17624549) SystemInfo: free sram: 88371 minimal sram: 76675
I (17634549) SystemInfo: free sram: 88919 minimal sram: 76675
I (17644549) SystemInfo: free sram: 89367 minimal sram: 76675
I (17654569) SystemInfo: free sram: 89883 minimal sram: 76675
I (17664549) SystemInfo: free sram: 89367 minimal sram: 76675
I (17674569) SystemInfo: free sram: 88403 minimal sram: 76675
I (17684549) SystemInfo: free sram: 89883 minimal sram: 76675
I (17694549) SystemInfo: free sram: 88403 minimal sram: 76675
I (17704549) SystemInfo: free sram: 89883 minimal sram: 76675
I (17714549) SystemInfo: free sram: 88403 minimal sram: 76675
I (17724549) SystemInfo: free sram: 89883 minimal sram: 76675
I (17734549) SystemInfo: free sram: 88371 minimal sram: 76675
I (17744549) SystemInfo: free sram: 89367 minimal sram: 76675
I (17754559) SystemInfo: free sram: 88403 minimal sram: 76675
I (17764549) SystemInfo: free sram: 89367 minimal sram: 76675
I (17774549) SystemInfo: free sram: 88919 minimal sram: 76675
I (17784549) SystemInfo: free sram: 89367 minimal sram: 76675
I (17794569) SystemInfo: free sram: 88919 minimal sram: 76675
I (17804549) SystemInfo: free sram: 89367 minimal sram: 76675
I (17814549) SystemInfo: free sram: 88919 minimal sram: 76675
I (17824549) SystemInfo: free sram: 89367 minimal sram: 76675
I (17834549) SystemInfo: free sram: 88403 minimal sram: 76675
I (17844549) SystemInfo: free sram: 89851 minimal sram: 76675
I (17854549) SystemInfo: free sram: 88403 minimal sram: 76675
I (17864549) SystemInfo: free sram: 89883 minimal sram: 76675
I (17874559) SystemInfo: free sram: 88403 minimal sram: 76675
I (17884549) SystemInfo: free sram: 89883 minimal sram: 76675
I (17894549) SystemInfo: free sram: 88403 minimal sram: 76675
I (17904549) SystemInfo: free sram: 89883 minimal sram: 76675
I (17914549) SystemInfo: free sram: 88363 minimal sram: 76675
I (17924549) SystemInfo: free sram: 89367 minimal sram: 76675
I (17934559) SystemInfo: free sram: 88919 minimal sram: 76675
I (17944549) SystemInfo: free sram: 89367 minimal sram: 76675
I (17954549) SystemInfo: free sram: 88919 minimal sram: 76675
I (17964549) SystemInfo: free sram: 89335 minimal sram: 76675
I (17974549) SystemInfo: free sram: 88919 minimal sram: 76675
I (17984569) SystemInfo: free sram: 88403 minimal sram: 76675
I (17994549) SystemInfo: free sram: 88919 minimal sram: 76675
I (18004549) SystemInfo: free sram: 89367 minimal sram: 76675
I (18014549) SystemInfo: free sram: 88403 minimal sram: 76675
I (18024549) SystemInfo: free sram: 89883 minimal sram: 76675
I (18034549) SystemInfo: free sram: 88403 minimal sram: 76675
I (18044569) SystemInfo: free sram: 88919 minimal sram: 76675
I (18054549) SystemInfo: free sram: 88403 minimal sram: 76675
I (18064549) SystemInfo: free sram: 89883 minimal sram: 76675
I (18074559) SystemInfo: free sram: 88371 minimal sram: 76675
I (18084549) SystemInfo: free sram: 89367 minimal sram: 76675
I (18094549) SystemInfo: free sram: 88919 minimal sram: 76675
I (18104549) SystemInfo: free sram: 89367 minimal sram: 76675
I (18114549) SystemInfo: free sram: 88919 minimal sram: 76675
I (18124549) SystemInfo: free sram: 89367 minimal sram: 76675
I (18134549) SystemInfo: free sram: 88919 minimal sram: 76675
I (18144549) SystemInfo: free sram: 89367 minimal sram: 76675
I (18154549) SystemInfo: free sram: 88919 minimal sram: 76675
I (18164549) SystemInfo: free sram: 89367 minimal sram: 76675
I (18174549) SystemInfo: free sram: 88403 minimal sram: 76675
I (18184549) SystemInfo: free sram: 89851 minimal sram: 76675
I (18194549) SystemInfo: free sram: 88403 minimal sram: 76675
I (18204549) SystemInfo: free sram: 89883 minimal sram: 76675
I (18214549) SystemInfo: free sram: 88403 minimal sram: 76675
I (18224549) SystemInfo: free sram: 89883 minimal sram: 76675
I (18234559) SystemInfo: free sram: 88403 minimal sram: 76675
I (18244549) SystemInfo: free sram: 89883 minimal sram: 76675
I (18254549) SystemInfo: free sram: 88403 minimal sram: 76675
I (18264549) SystemInfo: free sram: 89367 minimal sram: 76675
I (18274549) SystemInfo: free sram: 88919 minimal sram: 76675
I (18284549) SystemInfo: free sram: 89367 minimal sram: 76675
I (18294549) SystemInfo: free sram: 88887 minimal sram: 76675
I (18304549) SystemInfo: free sram: 89367 minimal sram: 76675
I (18314549) SystemInfo: free sram: 88919 minimal sram: 76675
I (18324549) SystemInfo: free sram: 90395 minimal sram: 76675
I (18334549) SystemInfo: free sram: 88403 minimal sram: 76675
I (18344549) SystemInfo: free sram: 89883 minimal sram: 76675
I (18354549) SystemInfo: free sram: 89431 minimal sram: 76675
I (18364549) SystemInfo: free sram: 89883 minimal sram: 76675
I (18374549) SystemInfo: free sram: 88403 minimal sram: 76675
I (18384569) SystemInfo: free sram: 88879 minimal sram: 76675
I (18394549) SystemInfo: free sram: 88403 minimal sram: 76675
I (18404549) SystemInfo: free sram: 89883 minimal sram: 76675
I (18414549) SystemInfo: free sram: 88371 minimal sram: 76675
I (18424549) SystemInfo: free sram: 89367 minimal sram: 76675
I (18434569) SystemInfo: free sram: 88919 minimal sram: 76675
I (18444549) SystemInfo: free sram: 89367 minimal sram: 76675
I (18454549) SystemInfo: free sram: 88919 minimal sram: 76675
I (18464549) SystemInfo: free sram: 89367 minimal sram: 76675
I (18474549) SystemInfo: free sram: 88919 minimal sram: 76675
I (18484549) SystemInfo: free sram: 89367 minimal sram: 76675
I (18494549) SystemInfo: free sram: 88919 minimal sram: 76675
I (18504549) SystemInfo: free sram: 89367 minimal sram: 76675
I (18514559) SystemInfo: free sram: 88403 minimal sram: 76675
I (18524549) SystemInfo: free sram: 89851 minimal sram: 76675
I (18534549) SystemInfo: free sram: 88403 minimal sram: 76675
I (18544549) SystemInfo: free sram: 89883 minimal sram: 76675
I (18554549) SystemInfo: free sram: 88363 minimal sram: 76675
I (18564549) SystemInfo: free sram: 89883 minimal sram: 76675
I (18574549) SystemInfo: free sram: 88403 minimal sram: 76675
I (18584549) SystemInfo: free sram: 89367 minimal sram: 76675
I (18594559) SystemInfo: free sram: 88403 minimal sram: 76675
I (18604549) SystemInfo: free sram: 89367 minimal sram: 76675
I (18614549) SystemInfo: free sram: 88919 minimal sram: 76675
I (18624569) SystemInfo: free sram: 88403 minimal sram: 76675
I (18634559) SystemInfo: free sram: 88887 minimal sram: 76675
I (18644549) SystemInfo: free sram: 89367 minimal sram: 76675
I (18654549) SystemInfo: free sram: 88919 minimal sram: 76675
I (18664549) SystemInfo: free sram: 89367 minimal sram: 76675
I (18674549) SystemInfo: free sram: 88403 minimal sram: 76675
I (18684569) SystemInfo: free sram: 88919 minimal sram: 76675
I (18694549) SystemInfo: free sram: 88403 minimal sram: 76675
I (18704569) SystemInfo: free sram: 88919 minimal sram: 76675
I (18714549) SystemInfo: free sram: 88403 minimal sram: 76675
I (18724549) SystemInfo: free sram: 89883 minimal sram: 76675
I (18734569) SystemInfo: free sram: 89367 minimal sram: 76675
I (18744569) SystemInfo: free sram: 88887 minimal sram: 76675
I (18754549) SystemInfo: free sram: 88403 minimal sram: 76675
I (18764549) SystemInfo: free sram: 89367 minimal sram: 76675
I (18774549) SystemInfo: free sram: 88919 minimal sram: 76675
I (18784549) SystemInfo: free sram: 89367 minimal sram: 76675
I (18794549) SystemInfo: free sram: 88919 minimal sram: 76675
I (18804549) SystemInfo: free sram: 89367 minimal sram: 76675
I (18814549) SystemInfo: free sram: 88919 minimal sram: 76675
I (18824549) SystemInfo: free sram: 89883 minimal sram: 76675
I (18834549) SystemInfo: free sram: 89435 minimal sram: 76675
I (18844559) SystemInfo: free sram: 88403 minimal sram: 76675
I (18854549) SystemInfo: free sram: 88371 minimal sram: 76675
I (18864549) SystemInfo: free sram: 89883 minimal sram: 76675
I (18874549) SystemInfo: free sram: 88403 minimal sram: 76675
I (18884549) SystemInfo: free sram: 89883 minimal sram: 76675
I (18894549) SystemInfo: free sram: 88363 minimal sram: 76675
I (18904549) SystemInfo: free sram: 89883 minimal sram: 76675
I (18914549) SystemInfo: free sram: 88403 minimal sram: 76675
I (18924549) SystemInfo: free sram: 89367 minimal sram: 76675
I (18934549) SystemInfo: free sram: 88919 minimal sram: 76675
I (18944549) SystemInfo: free sram: 89367 minimal sram: 76675
I (18954549) SystemInfo: free sram: 88919 minimal sram: 76675
I (18964569) SystemInfo: free sram: 88371 minimal sram: 76675
I (18974549) SystemInfo: free sram: 88919 minimal sram: 76675
I (18984549) SystemInfo: free sram: 89367 minimal sram: 76675
I (18994549) SystemInfo: free sram: 88919 minimal sram: 76675
I (19004549) SystemInfo: free sram: 89367 minimal sram: 76675
I (19014549) SystemInfo: free sram: 88403 minimal sram: 76675
I (19024549) SystemInfo: free sram: 89883 minimal sram: 76675
I (19034569) SystemInfo: free sram: 89367 minimal sram: 76675
I (19044549) SystemInfo: free sram: 89883 minimal sram: 76675
I (19054549) SystemInfo: free sram: 88403 minimal sram: 76675
I (19064559) SystemInfo: free sram: 88919 minimal sram: 76675
I (19074549) SystemInfo: free sram: 88371 minimal sram: 76675
I (19084549) SystemInfo: free sram: 89883 minimal sram: 76675
I (19094549) SystemInfo: free sram: 88919 minimal sram: 76675
I (19104549) SystemInfo: free sram: 89367 minimal sram: 76675
I (19114549) SystemInfo: free sram: 88919 minimal sram: 76675
I (19124549) SystemInfo: free sram: 88403 minimal sram: 76675
I (19134549) SystemInfo: free sram: 88919 minimal sram: 76675
I (19144549) SystemInfo: free sram: 89367 minimal sram: 76675
I (19154549) SystemInfo: free sram: 88919 minimal sram: 76675
I (19164549) SystemInfo: free sram: 89367 minimal sram: 76675
I (19174549) SystemInfo: free sram: 88403 minimal sram: 76675
I (19184549) SystemInfo: free sram: 89851 minimal sram: 76675
I (19194549) SystemInfo: free sram: 88403 minimal sram: 76675
I (19204549) SystemInfo: free sram: 89883 minimal sram: 76675
I (19214569) SystemInfo: free sram: 89367 minimal sram: 76675
I (19224549) SystemInfo: free sram: 89883 minimal sram: 76675
I (19234549) SystemInfo: free sram: 88403 minimal sram: 76675
I (19244549) SystemInfo: free sram: 89883 minimal sram: 76675
I (19254549) SystemInfo: free sram: 88403 minimal sram: 76675
I (19264549) SystemInfo: free sram: 89367 minimal sram: 76675
I (19274549) SystemInfo: free sram: 88919 minimal sram: 76675
I (19284549) SystemInfo: free sram: 89367 minimal sram: 76675
I (19294569) SystemInfo: free sram: 88887 minimal sram: 76675
I (19304549) SystemInfo: free sram: 89367 minimal sram: 76675
I (19314549) SystemInfo: free sram: 88919 minimal sram: 76675
I (19324549) SystemInfo: free sram: 89367 minimal sram: 76675
I (19334549) SystemInfo: free sram: 88919 minimal sram: 76675
I (19344549) SystemInfo: free sram: 89367 minimal sram: 76675
I (19354569) SystemInfo: free sram: 89367 minimal sram: 76675
I (19364549) SystemInfo: free sram: 89883 minimal sram: 76675
I (19374549) SystemInfo: free sram: 88403 minimal sram: 76675
I (19384559) SystemInfo: free sram: 88919 minimal sram: 76675
I (19394549) SystemInfo: free sram: 88403 minimal sram: 76675
I (19404549) SystemInfo: free sram: 88919 minimal sram: 76675
I (19414549) SystemInfo: free sram: 88371 minimal sram: 76675
I (19424549) SystemInfo: free sram: 89367 minimal sram: 76675
I (19434549) SystemInfo: free sram: 88403 minimal sram: 76675
I (19444549) SystemInfo: free sram: 89367 minimal sram: 76675
I (19454549) SystemInfo: free sram: 88919 minimal sram: 76675
I (19464549) SystemInfo: free sram: 89367 minimal sram: 76675
I (19474549) SystemInfo: free sram: 88919 minimal sram: 76675
I (19484549) SystemInfo: free sram: 89367 minimal sram: 76675
I (19494549) SystemInfo: free sram: 88919 minimal sram: 76675
I (19504549) SystemInfo: free sram: 89367 minimal sram: 76675
I (19514549) SystemInfo: free sram: 88403 minimal sram: 76675
I (19524549) SystemInfo: free sram: 89851 minimal sram: 76675
I (19534549) SystemInfo: free sram: 88403 minimal sram: 76675
I (19544549) SystemInfo: free sram: 89883 minimal sram: 76675
I (19554549) SystemInfo: free sram: 88403 minimal sram: 76675
I (19564549) SystemInfo: free sram: 89883 minimal sram: 76675
I (19574549) SystemInfo: free sram: 88403 minimal sram: 76675
I (19584549) SystemInfo: free sram: 89883 minimal sram: 76675
I (19594569) SystemInfo: free sram: 89367 minimal sram: 76675
I (19604549) SystemInfo: free sram: 89367 minimal sram: 76675
I (19614549) SystemInfo: free sram: 88919 minimal sram: 76675
I (19624559) SystemInfo: free sram: 88403 minimal sram: 76675
I (19634549) SystemInfo: free sram: 88887 minimal sram: 76675
I (19644549) SystemInfo: free sram: 89367 minimal sram: 76675
I (19654549) SystemInfo: free sram: 88919 minimal sram: 76675
I (19664549) SystemInfo: free sram: 90395 minimal sram: 76675
I (19674549) SystemInfo: free sram: 88919 minimal sram: 76675
I (19684549) SystemInfo: free sram: 89367 minimal sram: 76675
I (19694549) SystemInfo: free sram: 89431 minimal sram: 76675
I (19704549) SystemInfo: free sram: 89883 minimal sram: 76675
I (19714549) SystemInfo: free sram: 88403 minimal sram: 76675
I (19724549) SystemInfo: free sram: 89883 minimal sram: 76675
I (19734549) SystemInfo: free sram: 88403 minimal sram: 76675
I (19744549) SystemInfo: free sram: 89851 minimal sram: 76675
I (19754549) SystemInfo: free sram: 88403 minimal sram: 76675
I (19764549) SystemInfo: free sram: 89367 minimal sram: 76675
I (19774549) SystemInfo: free sram: 88919 minimal sram: 76675
I (19784549) SystemInfo: free sram: 89367 minimal sram: 76675
I (19794549) SystemInfo: free sram: 88919 minimal sram: 76675
I (19804549) SystemInfo: free sram: 89367 minimal sram: 76675
I (19814549) SystemInfo: free sram: 88919 minimal sram: 76675
I (19824549) SystemInfo: free sram: 89367 minimal sram: 76675
I (19834549) SystemInfo: free sram: 88919 minimal sram: 76675
I (19844549) SystemInfo: free sram: 89367 minimal sram: 76675
I (19854549) SystemInfo: free sram: 88371 minimal sram: 76675
I (19864549) SystemInfo: free sram: 89883 minimal sram: 76675
I (19874549) SystemInfo: free sram: 88403 minimal sram: 76675
I (19884549) SystemInfo: free sram: 89883 minimal sram: 76675
I (19894549) SystemInfo: free sram: 88403 minimal sram: 76675
I (19904549) SystemInfo: free sram: 89883 minimal sram: 76675
I (19914549) SystemInfo: free sram: 88403 minimal sram: 76675
I (19924549) SystemInfo: free sram: 89883 minimal sram: 76675
I (19934549) SystemInfo: free sram: 88403 minimal sram: 76675
I (19944549) SystemInfo: free sram: 89367 minimal sram: 76675
I (19954569) SystemInfo: free sram: 89883 minimal sram: 76675
I (19964549) SystemInfo: free sram: 89335 minimal sram: 76675
I (19974549) SystemInfo: free sram: 88919 minimal sram: 76675
I (19984549) SystemInfo: free sram: 89367 minimal sram: 76675
I (19994549) SystemInfo: free sram: 88919 minimal sram: 76675
I (20004549) SystemInfo: free sram: 89367 minimal sram: 76675
I (20014569) SystemInfo: free sram: 88403 minimal sram: 76675
I (20024549) SystemInfo: free sram: 89883 minimal sram: 76675
I (20034559) SystemInfo: free sram: 88403 minimal sram: 76675
I (20044549) SystemInfo: free sram: 89883 minimal sram: 76675
I (20054549) SystemInfo: free sram: 88403 minimal sram: 76675
I (20064549) SystemInfo: free sram: 89883 minimal sram: 76675
I (20074549) SystemInfo: free sram: 88371 minimal sram: 76675
I (20084549) SystemInfo: free sram: 89883 minimal sram: 76675
I (20094549) SystemInfo: free sram: 88403 minimal sram: 76675
I (20104549) SystemInfo: free sram: 89367 minimal sram: 76675
I (20114549) SystemInfo: free sram: 88919 minimal sram: 76675
I (20124569) SystemInfo: free sram: 88403 minimal sram: 76675
I (20134549) SystemInfo: free sram: 88919 minimal sram: 76675
I (20144569) SystemInfo: free sram: 88403 minimal sram: 76675
I (20154549) SystemInfo: free sram: 88919 minimal sram: 76675
I (20164549) SystemInfo: free sram: 89367 minimal sram: 76675
I (20174569) SystemInfo: free sram: 89883 minimal sram: 76675
I (20184549) SystemInfo: free sram: 89851 minimal sram: 76675
I (20194549) SystemInfo: free sram: 88403 minimal sram: 76675
I (20204549) SystemInfo: free sram: 89883 minimal sram: 76675
I (20214549) SystemInfo: free sram: 88403 minimal sram: 76675
I (20224549) SystemInfo: free sram: 89883 minimal sram: 76675
I (20234569) SystemInfo: free sram: 89367 minimal sram: 76675
I (20244549) SystemInfo: free sram: 89883 minimal sram: 76675
I (20254569) SystemInfo: free sram: 89367 minimal sram: 76675
I (20264549) SystemInfo: free sram: 89367 minimal sram: 76675
I (20274549) SystemInfo: free sram: 88403 minimal sram: 76675
I (20284549) SystemInfo: free sram: 89367 minimal sram: 76675
I (20294559) SystemInfo: free sram: 88887 minimal sram: 76675
I (20304549) SystemInfo: free sram: 89367 minimal sram: 76675
I (20314549) SystemInfo: free sram: 88919 minimal sram: 76675
I (20324549) SystemInfo: free sram: 89367 minimal sram: 76675
I (20334549) SystemInfo: free sram: 88919 minimal sram: 76675
I (20344549) SystemInfo: free sram: 89367 minimal sram: 76675
I (20354549) SystemInfo: free sram: 88403 minimal sram: 76675
I (20364549) SystemInfo: free sram: 89883 minimal sram: 76675
I (20374549) SystemInfo: free sram: 88403 minimal sram: 76675
I (20384549) SystemInfo: free sram: 89883 minimal sram: 76675
I (20394549) SystemInfo: free sram: 88403 minimal sram: 76675
I (20404569) SystemInfo: free sram: 88887 minimal sram: 76675
I (20414549) SystemInfo: free sram: 88403 minimal sram: 76675
I (20424549) SystemInfo: free sram: 89883 minimal sram: 76675
I (20434559) SystemInfo: free sram: 88403 minimal sram: 76675
I (20444549) SystemInfo: free sram: 89367 minimal sram: 76675
I (20454549) SystemInfo: free sram: 88919 minimal sram: 76675
I (20464549) SystemInfo: free sram: 89367 minimal sram: 76675
I (20474549) SystemInfo: free sram: 88919 minimal sram: 76675
I (20484549) SystemInfo: free sram: 89367 minimal sram: 76675
I (20494549) SystemInfo: free sram: 88919 minimal sram: 76675
I (20504549) SystemInfo: free sram: 89367 minimal sram: 76675
I (20514569) SystemInfo: free sram: 89811 minimal sram: 76675
I (20524549) SystemInfo: free sram: 89367 minimal sram: 76675
I (20534549) SystemInfo: free sram: 88403 minimal sram: 76675
I (20544569) SystemInfo: free sram: 88919 minimal sram: 76675
I (20554549) SystemInfo: free sram: 88403 minimal sram: 76675
I (20564549) SystemInfo: free sram: 89883 minimal sram: 76675
I (20574559) SystemInfo: free sram: 88403 minimal sram: 76675
I (20584549) SystemInfo: free sram: 89883 minimal sram: 76675
I (20594549) SystemInfo: free sram: 88403 minimal sram: 76675
I (20604549) SystemInfo: free sram: 89367 minimal sram: 76675
I (20614549) SystemInfo: free sram: 88919 minimal sram: 76675
I (20624549) SystemInfo: free sram: 89335 minimal sram: 76675
I (20634549) SystemInfo: free sram: 88919 minimal sram: 76675
I (20644549) SystemInfo: free sram: 89327 minimal sram: 76675
I (20654559) SystemInfo: free sram: 88919 minimal sram: 76675
I (20664549) SystemInfo: free sram: 89367 minimal sram: 76675
I (20674549) SystemInfo: free sram: 88919 minimal sram: 76675
I (20684549) SystemInfo: free sram: 89367 minimal sram: 76675
I (20694549) SystemInfo: free sram: 88403 minimal sram: 76675
I (20704569) SystemInfo: free sram: 88919 minimal sram: 76675
I (20714549) SystemInfo: free sram: 88403 minimal sram: 76675
I (20724549) SystemInfo: free sram: 89883 minimal sram: 76675
I (20734549) SystemInfo: free sram: 88371 minimal sram: 76675
I (20744549) SystemInfo: free sram: 89883 minimal sram: 76675
I (20754569) SystemInfo: free sram: 88403 minimal sram: 76675
I (20764549) SystemInfo: free sram: 89883 minimal sram: 76675
I (20774549) SystemInfo: free sram: 88403 minimal sram: 76675
I (20784559) SystemInfo: free sram: 88403 minimal sram: 76675
I (20794549) SystemInfo: free sram: 88919 minimal sram: 76675
I (20804549) SystemInfo: free sram: 89367 minimal sram: 76675
I (20814549) SystemInfo: free sram: 88879 minimal sram: 76675
I (20824549) SystemInfo: free sram: 89367 minimal sram: 76675
I (20834549) SystemInfo: free sram: 88919 minimal sram: 76675
I (20844549) SystemInfo: free sram: 88371 minimal sram: 76675
I (20854549) SystemInfo: free sram: 88403 minimal sram: 76675
I (20864549) SystemInfo: free sram: 89883 minimal sram: 76675
I (20874549) SystemInfo: free sram: 88403 minimal sram: 76675
I (20884549) SystemInfo: free sram: 89883 minimal sram: 76675
I (20894549) SystemInfo: free sram: 88403 minimal sram: 76675
I (20904549) SystemInfo: free sram: 89883 minimal sram: 76675
I (20914549) SystemInfo: free sram: 88403 minimal sram: 76675
I (20924549) SystemInfo: free sram: 89883 minimal sram: 76675
I (20934549) SystemInfo: free sram: 88403 minimal sram: 76675
I (20944549) SystemInfo: free sram: 89367 minimal sram: 76675
I (20954549) SystemInfo: free sram: 88887 minimal sram: 76675
I (20964549) SystemInfo: free sram: 89367 minimal sram: 76675
I (20974569) SystemInfo: free sram: 89883 minimal sram: 76675
I (20984549) SystemInfo: free sram: 89367 minimal sram: 76675
I (20994549) SystemInfo: free sram: 88919 minimal sram: 76675
I (21004549) SystemInfo: free sram: 89431 minimal sram: 76675
I (21014549) SystemInfo: free sram: 88919 minimal sram: 76675
I (21024549) SystemInfo: free sram: 89367 minimal sram: 76675
I (21034549) SystemInfo: free sram: 89431 minimal sram: 76675
I (21044549) SystemInfo: free sram: 89883 minimal sram: 76675
I (21054549) SystemInfo: free sram: 88403 minimal sram: 76675
I (21064549) SystemInfo: free sram: 89851 minimal sram: 76675
I (21074549) SystemInfo: free sram: 88403 minimal sram: 76675
I (21084569) SystemInfo: free sram: 88919 minimal sram: 76675
I (21094549) SystemInfo: free sram: 88403 minimal sram: 76675
I (21104549) SystemInfo: free sram: 89367 minimal sram: 76675
I (21114559) SystemInfo: free sram: 88363 minimal sram: 76675
I (21124549) SystemInfo: free sram: 89367 minimal sram: 76675
I (21134549) SystemInfo: free sram: 88919 minimal sram: 76675
I (21144549) SystemInfo: free sram: 89367 minimal sram: 76675
I (21154549) SystemInfo: free sram: 88919 minimal sram: 76675
I (21164549) SystemInfo: free sram: 89367 minimal sram: 76675
I (21174549) SystemInfo: free sram: 88887 minimal sram: 76675
I (21184549) SystemInfo: free sram: 89367 minimal sram: 76675
I (21194549) SystemInfo: free sram: 88403 minimal sram: 76675
I (21204549) SystemInfo: free sram: 89883 minimal sram: 76675
I (21214549) SystemInfo: free sram: 88403 minimal sram: 76675
I (21224549) SystemInfo: free sram: 89883 minimal sram: 76675
I (21234549) SystemInfo: free sram: 88403 minimal sram: 76675
I (21244549) SystemInfo: free sram: 89883 minimal sram: 76675
I (21254549) SystemInfo: free sram: 88403 minimal sram: 76675
I (21264569) SystemInfo: free sram: 88919 minimal sram: 76675
I (21274549) SystemInfo: free sram: 88403 minimal sram: 76675
I (21284549) SystemInfo: free sram: 89327 minimal sram: 76675
I (21294549) SystemInfo: free sram: 88887 minimal sram: 76675
I (21304549) SystemInfo: free sram: 89367 minimal sram: 76675
I (21314549) SystemInfo: free sram: 88919 minimal sram: 76675
I (21324549) SystemInfo: free sram: 89367 minimal sram: 76675
I (21334549) SystemInfo: free sram: 88919 minimal sram: 76675
I (21344549) SystemInfo: free sram: 89367 minimal sram: 76675
I (21354549) SystemInfo: free sram: 88919 minimal sram: 76675
I (21364549) SystemInfo: free sram: 89367 minimal sram: 76675
I (21374549) SystemInfo: free sram: 88403 minimal sram: 76675
I (21384549) SystemInfo: free sram: 89883 minimal sram: 76675
I (21394559) SystemInfo: free sram: 88403 minimal sram: 76675
I (21404549) SystemInfo: free sram: 88887 minimal sram: 76675
I (21414549) SystemInfo: free sram: 88403 minimal sram: 76675
I (21424569) SystemInfo: free sram: 88919 minimal sram: 76675
I (21434549) SystemInfo: free sram: 88403 minimal sram: 76675
I (21444549) SystemInfo: free sram: 89367 minimal sram: 76675
I (21454549) SystemInfo: free sram: 88919 minimal sram: 76675
I (21464549) SystemInfo: free sram: 89367 minimal sram: 76675
I (21474549) SystemInfo: free sram: 88919 minimal sram: 76675
I (21484559) SystemInfo: free sram: 88403 minimal sram: 76675
I (21494549) SystemInfo: free sram: 88919 minimal sram: 76675
I (21504549) SystemInfo: free sram: 89367 minimal sram: 76675
I (21514549) SystemInfo: free sram: 88887 minimal sram: 76675
I (21524569) SystemInfo: free sram: 88371 minimal sram: 76675
I (21534549) SystemInfo: free sram: 88403 minimal sram: 76675
I (21544549) SystemInfo: free sram: 89883 minimal sram: 76675
I (21554569) SystemInfo: free sram: 89367 minimal sram: 76675
I (21564549) SystemInfo: free sram: 89883 minimal sram: 76675
I (21574549) SystemInfo: free sram: 88403 minimal sram: 76675
I (21584549) SystemInfo: free sram: 89883 minimal sram: 76675
I (21594549) SystemInfo: free sram: 88403 minimal sram: 76675
I (21604549) SystemInfo: free sram: 89883 minimal sram: 76675
I (21614569) SystemInfo: free sram: 88403 minimal sram: 76675
I (21624549) SystemInfo: free sram: 89367 minimal sram: 76675
I (21634569) SystemInfo: free sram: 89883 minimal sram: 76675
I (21644549) SystemInfo: free sram: 89335 minimal sram: 76675
I (21654549) SystemInfo: free sram: 88919 minimal sram: 76675
I (21664549) SystemInfo: free sram: 89367 minimal sram: 76675
I (21674559) SystemInfo: free sram: 88919 minimal sram: 76675
I (21684549) SystemInfo: free sram: 89367 minimal sram: 76675
I (21694549) SystemInfo: free sram: 88403 minimal sram: 76675
I (21704549) SystemInfo: free sram: 89883 minimal sram: 76675
I (21714549) SystemInfo: free sram: 88403 minimal sram: 76675
I (21724549) SystemInfo: free sram: 89883 minimal sram: 76675
I (21734549) SystemInfo: free sram: 88403 minimal sram: 76675
I (21744549) SystemInfo: free sram: 89883 minimal sram: 76675
I (21754569) SystemInfo: free sram: 89295 minimal sram: 76675
I (21764549) SystemInfo: free sram: 89883 minimal sram: 76675
I (21774549) SystemInfo: free sram: 88403 minimal sram: 76675
I (21784569) SystemInfo: free sram: 88403 minimal sram: 76675
I (21794549) SystemInfo: free sram: 88919 minimal sram: 76675
I (21804549) SystemInfo: free sram: 89367 minimal sram: 76675
I (21814559) SystemInfo: free sram: 88919 minimal sram: 76675
I (21824549) SystemInfo: free sram: 89367 minimal sram: 76675
I (21834549) SystemInfo: free sram: 88919 minimal sram: 76675
I (21844549) SystemInfo: free sram: 89367 minimal sram: 76675
I (21854549) SystemInfo: free sram: 88919 minimal sram: 76675
I (21864549) SystemInfo: free sram: 89335 minimal sram: 76675
I (21874549) SystemInfo: free sram: 88403 minimal sram: 76675
I (21884549) SystemInfo: free sram: 89883 minimal sram: 76675
I (21894559) SystemInfo: free sram: 88403 minimal sram: 76675
I (21904549) SystemInfo: free sram: 89883 minimal sram: 76675
I (21914549) SystemInfo: free sram: 88403 minimal sram: 76675
I (21924549) SystemInfo: free sram: 89843 minimal sram: 76675
I (21934549) SystemInfo: free sram: 88403 minimal sram: 76675
I (21944549) SystemInfo: free sram: 89367 minimal sram: 76675
I (21954549) SystemInfo: free sram: 88403 minimal sram: 76675
I (21964549) SystemInfo: free sram: 89367 minimal sram: 76675
I (21974559) SystemInfo: free sram: 88887 minimal sram: 76675
I (21984549) SystemInfo: free sram: 89367 minimal sram: 76675
I (21994549) SystemInfo: free sram: 88919 minimal sram: 76675
I (22004569) SystemInfo: free sram: 88403 minimal sram: 76675
I (22014549) SystemInfo: free sram: 88919 minimal sram: 76675
I (22024549) SystemInfo: free sram: 89367 minimal sram: 76675
I (22034549) SystemInfo: free sram: 88403 minimal sram: 76675
I (22044549) SystemInfo: free sram: 89883 minimal sram: 76675
I (22054549) SystemInfo: free sram: 88403 minimal sram: 76675
I (22064549) SystemInfo: free sram: 89883 minimal sram: 76675
I (22074549) SystemInfo: free sram: 88403 minimal sram: 76675
I (22084549) SystemInfo: free sram: 89851 minimal sram: 76675
I (22094549) SystemInfo: free sram: 88403 minimal sram: 76675
I (22104549) SystemInfo: free sram: 89883 minimal sram: 76675
I (22114569) SystemInfo: free sram: 88403 minimal sram: 76675
I (22124549) SystemInfo: free sram: 89367 minimal sram: 76675
I (22134549) SystemInfo: free sram: 88919 minimal sram: 76675
I (22144549) SystemInfo: free sram: 89367 minimal sram: 76675
I (22154549) SystemInfo: free sram: 88919 minimal sram: 76675
I (22164549) SystemInfo: free sram: 89367 minimal sram: 76675
I (22174549) SystemInfo: free sram: 88919 minimal sram: 76675
I (22184549) SystemInfo: free sram: 89367 minimal sram: 76675
I (22194559) SystemInfo: free sram: 88887 minimal sram: 76675
I (22204549) SystemInfo: free sram: 89367 minimal sram: 76675
I (22214549) SystemInfo: free sram: 88403 minimal sram: 76675
I (22224549) SystemInfo: free sram: 89883 minimal sram: 76675
I (22234549) SystemInfo: free sram: 88403 minimal sram: 76675
I (22244549) SystemInfo: free sram: 89883 minimal sram: 76675
I (22254549) SystemInfo: free sram: 88403 minimal sram: 76675
I (22264549) SystemInfo: free sram: 89843 minimal sram: 76675
I (22274569) SystemInfo: free sram: 89367 minimal sram: 76675
I (22284549) SystemInfo: free sram: 89367 minimal sram: 76675
I (22294549) SystemInfo: free sram: 88919 minimal sram: 76675
I (22304549) SystemInfo: free sram: 89367 minimal sram: 76675
I (22314549) SystemInfo: free sram: 88887 minimal sram: 76675
I (22324549) SystemInfo: free sram: 89367 minimal sram: 76675
I (22334549) SystemInfo: free sram: 88919 minimal sram: 76675
I (22344549) SystemInfo: free sram: 90395 minimal sram: 76675
I (22354549) SystemInfo: free sram: 88919 minimal sram: 76675
I (22364549) SystemInfo: free sram: 89367 minimal sram: 76675
I (22374549) SystemInfo: free sram: 89431 minimal sram: 76675
I (22384569) SystemInfo: free sram: 88919 minimal sram: 76675
I (22394559) SystemInfo: free sram: 88403 minimal sram: 76675
I (22404549) SystemInfo: free sram: 89883 minimal sram: 76675
I (22414549) SystemInfo: free sram: 88403 minimal sram: 76675
I (22424549) SystemInfo: free sram: 89851 minimal sram: 76675
I (22434549) SystemInfo: free sram: 88403 minimal sram: 76675
I (22444549) SystemInfo: free sram: 89883 minimal sram: 76675
I (22454549) SystemInfo: free sram: 88403 minimal sram: 76675
I (22464549) SystemInfo: free sram: 89367 minimal sram: 76675
I (22474549) SystemInfo: free sram: 88919 minimal sram: 76675
I (22484549) SystemInfo: free sram: 89367 minimal sram: 76675
I (22494559) SystemInfo: free sram: 88919 minimal sram: 76675
I (22504549) SystemInfo: free sram: 89367 minimal sram: 76675
I (22514549) SystemInfo: free sram: 88919 minimal sram: 76675
I (22524549) SystemInfo: free sram: 89367 minimal sram: 76675
I (22534549) SystemInfo: free sram: 88371 minimal sram: 76675
I (22544549) SystemInfo: free sram: 89883 minimal sram: 76675
I (22554549) SystemInfo: free sram: 88403 minimal sram: 76675
I (22564549) SystemInfo: free sram: 89843 minimal sram: 76675
I (22574549) SystemInfo: free sram: 88403 minimal sram: 76675
I (22584549) SystemInfo: free sram: 89883 minimal sram: 76675
I (22594549) SystemInfo: free sram: 88403 minimal sram: 76675
I (22604549) SystemInfo: free sram: 88919 minimal sram: 76675
I (22614549) SystemInfo: free sram: 88403 minimal sram: 76675
I (22624549) SystemInfo: free sram: 89367 minimal sram: 76675
I (22634549) SystemInfo: free sram: 88919 minimal sram: 76675
I (22644549) SystemInfo: free sram: 89335 minimal sram: 76675
I (22654549) SystemInfo: free sram: 88919 minimal sram: 76675
I (22664549) SystemInfo: free sram: 89367 minimal sram: 76675
I (22674549) SystemInfo: free sram: 88919 minimal sram: 76675
I (22684549) SystemInfo: free sram: 89367 minimal sram: 76675
I (22694549) SystemInfo: free sram: 88919 minimal sram: 76675
I (22704549) SystemInfo: free sram: 89367 minimal sram: 76675
I (22714569) SystemInfo: free sram: 89367 minimal sram: 76675
I (22724549) SystemInfo: free sram: 89883 minimal sram: 76675
I (22734549) SystemInfo: free sram: 88363 minimal sram: 76675
I (22744569) SystemInfo: free sram: 88919 minimal sram: 76675
I (22754549) SystemInfo: free sram: 88371 minimal sram: 76675
I (22764549) SystemInfo: free sram: 89883 minimal sram: 76675
I (22774569) SystemInfo: free sram: 89367 minimal sram: 76675
I (22784549) SystemInfo: free sram: 89367 minimal sram: 76675
I (22794549) SystemInfo: free sram: 88403 minimal sram: 76675
I (22804559) SystemInfo: free sram: 88403 minimal sram: 76675
I (22814549) SystemInfo: free sram: 88919 minimal sram: 76675
I (22824549) SystemInfo: free sram: 88403 minimal sram: 76675
I (22834549) SystemInfo: free sram: 88919 minimal sram: 76675
I (22844549) SystemInfo: free sram: 89367 minimal sram: 76675
I (22854549) SystemInfo: free sram: 88919 minimal sram: 76675
I (22864549) SystemInfo: free sram: 89367 minimal sram: 76675
I (22874549) SystemInfo: free sram: 88403 minimal sram: 76675
I (22884549) SystemInfo: free sram: 88887 minimal sram: 76675
I (22894549) SystemInfo: free sram: 88403 minimal sram: 76675
I (22904559) SystemInfo: free sram: 88919 minimal sram: 76675
I (22914549) SystemInfo: free sram: 88403 minimal sram: 76675
I (22924549) SystemInfo: free sram: 89883 minimal sram: 76675
I (22934549) SystemInfo: free sram: 88403 minimal sram: 76675
I (22944549) SystemInfo: free sram: 89883 minimal sram: 76675
I (22954549) SystemInfo: free sram: 88403 minimal sram: 76675
I (22964549) SystemInfo: free sram: 89367 minimal sram: 76675
I (22974549) SystemInfo: free sram: 88919 minimal sram: 76675
I (22984549) SystemInfo: free sram: 89367 minimal sram: 76675
I (22994569) SystemInfo: free sram: 89851 minimal sram: 76675
I (23004549) SystemInfo: free sram: 89367 minimal sram: 76675
I (23014549) SystemInfo: free sram: 88919 minimal sram: 76675
I (23024569) SystemInfo: free sram: 88403 minimal sram: 76675
I (23034549) SystemInfo: free sram: 88919 minimal sram: 76675
I (23044549) SystemInfo: free sram: 89367 minimal sram: 76675
I (23054549) SystemInfo: free sram: 88403 minimal sram: 76675
I (23064549) SystemInfo: free sram: 89883 minimal sram: 76675
I (23074549) SystemInfo: free sram: 88403 minimal sram: 76675
I (23084549) SystemInfo: free sram: 89883 minimal sram: 76675
I (23094549) SystemInfo: free sram: 88403 minimal sram: 76675
I (23104549) SystemInfo: free sram: 89851 minimal sram: 76675
I (23114549) SystemInfo: free sram: 88403 minimal sram: 76675
I (23124569) SystemInfo: free sram: 88403 minimal sram: 76675
I (23134549) SystemInfo: free sram: 88919 minimal sram: 76675
I (23144549) SystemInfo: free sram: 89367 minimal sram: 76675
I (23154559) SystemInfo: free sram: 88919 minimal sram: 76675
I (23164549) SystemInfo: free sram: 89367 minimal sram: 76675
I (23174549) SystemInfo: free sram: 88919 minimal sram: 76675
I (23184549) SystemInfo: free sram: 89367 minimal sram: 76675
I (23194549) SystemInfo: free sram: 88919 minimal sram: 76675
I (23204549) SystemInfo: free sram: 89367 minimal sram: 76675
I (23214569) SystemInfo: free sram: 88371 minimal sram: 76675
I (23224549) SystemInfo: free sram: 89883 minimal sram: 76675
I (23234549) SystemInfo: free sram: 88403 minimal sram: 76675
I (23244549) SystemInfo: free sram: 89883 minimal sram: 76675
I (23254549) SystemInfo: free sram: 88403 minimal sram: 76675
I (23264549) SystemInfo: free sram: 89883 minimal sram: 76675
I (23274559) SystemInfo: free sram: 88403 minimal sram: 76675
I (23284549) SystemInfo: free sram: 89883 minimal sram: 76675
I (23294549) SystemInfo: free sram: 88403 minimal sram: 76675
I (23304549) SystemInfo: free sram: 89367 minimal sram: 76675
I (23314549) SystemInfo: free sram: 88919 minimal sram: 76675
I (23324549) SystemInfo: free sram: 88371 minimal sram: 76675
I (23334549) SystemInfo: free sram: 88919 minimal sram: 76675
I (23344549) SystemInfo: free sram: 89367 minimal sram: 76675
I (23354549) SystemInfo: free sram: 88919 minimal sram: 76675
I (23364549) SystemInfo: free sram: 89367 minimal sram: 76675
I (23374569) SystemInfo: free sram: 89367 minimal sram: 76675
I (23384549) SystemInfo: free sram: 89883 minimal sram: 76675
I (23394549) SystemInfo: free sram: 88919 minimal sram: 76675
I (23404549) SystemInfo: free sram: 89883 minimal sram: 76675
I (23414549) SystemInfo: free sram: 88403 minimal sram: 76675
I (23424549) SystemInfo: free sram: 89883 minimal sram: 76675
I (23434549) SystemInfo: free sram: 88371 minimal sram: 76675
I (23444549) SystemInfo: free sram: 89883 minimal sram: 76675
I (23454549) SystemInfo: free sram: 88403 minimal sram: 76675
I (23464549) SystemInfo: free sram: 89367 minimal sram: 76675
I (23474549) SystemInfo: free sram: 88919 minimal sram: 76675
I (23484549) SystemInfo: free sram: 89367 minimal sram: 76675
I (23494569) SystemInfo: free sram: 88919 minimal sram: 76675
I (23504549) SystemInfo: free sram: 89367 minimal sram: 76675
I (23514549) SystemInfo: free sram: 88919 minimal sram: 76675
I (23524549) SystemInfo: free sram: 89367 minimal sram: 76675
I (23534549) SystemInfo: free sram: 88919 minimal sram: 76675
I (23544549) SystemInfo: free sram: 89335 minimal sram: 76675
I (23554549) SystemInfo: free sram: 88403 minimal sram: 76675
I (23564549) SystemInfo: free sram: 89883 minimal sram: 76675
I (23574549) SystemInfo: free sram: 88403 minimal sram: 76675
I (23584549) SystemInfo: free sram: 89883 minimal sram: 76675
I (23594549) SystemInfo: free sram: 88403 minimal sram: 76675
I (23604549) SystemInfo: free sram: 89883 minimal sram: 76675
I (23614549) SystemInfo: free sram: 88403 minimal sram: 76675
I (23624549) SystemInfo: free sram: 89367 minimal sram: 76675
I (23634549) SystemInfo: free sram: 88403 minimal sram: 76675
I (23644549) SystemInfo: free sram: 89367 minimal sram: 76675
I (23654549) SystemInfo: free sram: 88919 minimal sram: 76675
I (23664549) SystemInfo: free sram: 89335 minimal sram: 76675
I (23674549) SystemInfo: free sram: 88919 minimal sram: 76675
I (23684549) SystemInfo: free sram: 90395 minimal sram: 76675
I (23694549) SystemInfo: free sram: 88919 minimal sram: 76675
I (23704549) SystemInfo: free sram: 89367 minimal sram: 76675
I (23714569) SystemInfo: free sram: 89431 minimal sram: 76675
I (23724549) SystemInfo: free sram: 89883 minimal sram: 76675
I (23734549) SystemInfo: free sram: 88403 minimal sram: 76675
I (23744569) SystemInfo: free sram: 88919 minimal sram: 76675
I (23754549) SystemInfo: free sram: 88403 minimal sram: 76675
I (23764549) SystemInfo: free sram: 89883 minimal sram: 76675
I (23774549) SystemInfo: free sram: 88371 minimal sram: 76675
I (23784549) SystemInfo: free sram: 89883 minimal sram: 76675
I (23794549) SystemInfo: free sram: 88403 minimal sram: 76675
I (23804549) SystemInfo: free sram: 89367 minimal sram: 76675
I (23814549) SystemInfo: free sram: 88919 minimal sram: 76675
I (23824549) SystemInfo: free sram: 89367 minimal sram: 76675
I (23834549) SystemInfo: free sram: 88919 minimal sram: 76675
I (23844549) SystemInfo: free sram: 89367 minimal sram: 76675
I (23854549) SystemInfo: free sram: 88919 minimal sram: 76675
I (23864549) SystemInfo: free sram: 89367 minimal sram: 76675
I (23874559) SystemInfo: free sram: 88919 minimal sram: 76675
I (23884549) SystemInfo: free sram: 89335 minimal sram: 76675
I (23894549) SystemInfo: free sram: 88403 minimal sram: 76675
I (23904549) SystemInfo: free sram: 89883 minimal sram: 76675
I (23914549) SystemInfo: free sram: 88403 minimal sram: 76675
I (23924549) SystemInfo: free sram: 89883 minimal sram: 76675
I (23934569) SystemInfo: free sram: 88403 minimal sram: 76675
I (23944549) SystemInfo: free sram: 89883 minimal sram: 76675
I (23954549) SystemInfo: free sram: 88403 minimal sram: 76675
I (23964549) SystemInfo: free sram: 89367 minimal sram: 76675
I (23974549) SystemInfo: free sram: 88919 minimal sram: 76675
I (23984549) SystemInfo: free sram: 88403 minimal sram: 76675
I (23994549) SystemInfo: free sram: 88887 minimal sram: 76675
I (24004549) SystemInfo: free sram: 89367 minimal sram: 76675
I (24014549) SystemInfo: free sram: 88919 minimal sram: 76675
I (24024549) SystemInfo: free sram: 89367 minimal sram: 76675
I (24034549) SystemInfo: free sram: 88919 minimal sram: 76675
I (24044549) SystemInfo: free sram: 89367 minimal sram: 76675
I (24054549) SystemInfo: free sram: 88403 minimal sram: 76675
I (24064549) SystemInfo: free sram: 89883 minimal sram: 76675
I (24074549) SystemInfo: free sram: 88403 minimal sram: 76675
I (24084549) SystemInfo: free sram: 89883 minimal sram: 76675
I (24094569) SystemInfo: free sram: 88403 minimal sram: 76675
I (24104549) SystemInfo: free sram: 89851 minimal sram: 76675
I (24114549) SystemInfo: free sram: 88403 minimal sram: 76675
I (24124559) SystemInfo: free sram: 88919 minimal sram: 76675
I (24134549) SystemInfo: free sram: 88403 minimal sram: 76675
I (24144549) SystemInfo: free sram: 89367 minimal sram: 76675
I (24154569) SystemInfo: free sram: 89883 minimal sram: 76675
I (24164549) SystemInfo: free sram: 89367 minimal sram: 76675
I (24174549) SystemInfo: free sram: 88919 minimal sram: 76675
I (24184549) SystemInfo: free sram: 88403 minimal sram: 76675
I (24194549) SystemInfo: free sram: 88919 minimal sram: 76675
I (24204549) SystemInfo: free sram: 89367 minimal sram: 76675
I (24214549) SystemInfo: free sram: 88371 minimal sram: 76675
I (24224549) SystemInfo: free sram: 89883 minimal sram: 76675
I (24234559) SystemInfo: free sram: 88403 minimal sram: 76675
I (24244549) SystemInfo: free sram: 89883 minimal sram: 76675
I (24254549) SystemInfo: free sram: 88403 minimal sram: 76675
I (24264559) SystemInfo: free sram: 88919 minimal sram: 76675
I (24274549) SystemInfo: free sram: 88403 minimal sram: 76675
I (24284549) SystemInfo: free sram: 89883 minimal sram: 76675
I (24294549) SystemInfo: free sram: 88403 minimal sram: 76675
I (24304549) SystemInfo: free sram: 89367 minimal sram: 76675
I (24314559) SystemInfo: free sram: 88919 minimal sram: 76675
I (24324549) SystemInfo: free sram: 89335 minimal sram: 76675
I (24334549) SystemInfo: free sram: 88919 minimal sram: 76675
I (24344569) SystemInfo: free sram: 88403 minimal sram: 76675
I (24354549) SystemInfo: free sram: 88919 minimal sram: 76675
I (24364549) SystemInfo: free sram: 89367 minimal sram: 76675
I (24374549) SystemInfo: free sram: 88919 minimal sram: 76675
I (24384549) SystemInfo: free sram: 89367 minimal sram: 76675
I (24394569) SystemInfo: free sram: 89367 minimal sram: 76675
I (24404549) SystemInfo: free sram: 89883 minimal sram: 76675
I (24414549) SystemInfo: free sram: 88403 minimal sram: 76675
I (24424559) SystemInfo: free sram: 88919 minimal sram: 76675
I (24434549) SystemInfo: free sram: 88371 minimal sram: 76675
I (24444549) SystemInfo: free sram: 89883 minimal sram: 76675
I (24454549) SystemInfo: free sram: 88403 minimal sram: 76675
I (24464549) SystemInfo: free sram: 89367 minimal sram: 76675
I (24474549) SystemInfo: free sram: 88403 minimal sram: 76675
I (24484549) SystemInfo: free sram: 89367 minimal sram: 76675
I (24494549) SystemInfo: free sram: 88919 minimal sram: 76675
I (24504549) SystemInfo: free sram: 89367 minimal sram: 76675
I (24514549) SystemInfo: free sram: 88919 minimal sram: 76675
I (24524549) SystemInfo: free sram: 89367 minimal sram: 76675
I (24534549) SystemInfo: free sram: 88919 minimal sram: 76675
I (24544549) SystemInfo: free sram: 89335 minimal sram: 76675
I (24554549) SystemInfo: free sram: 88403 minimal sram: 76675
I (24564549) SystemInfo: free sram: 89883 minimal sram: 76675
I (24574549) SystemInfo: free sram: 88403 minimal sram: 76675
I (24584549) SystemInfo: free sram: 89883 minimal sram: 76675
I (24594549) SystemInfo: free sram: 88403 minimal sram: 76675
I (24604549) SystemInfo: free sram: 89883 minimal sram: 76675
I (24614549) SystemInfo: free sram: 88403 minimal sram: 76675
I (24624569) SystemInfo: free sram: 88919 minimal sram: 76675
I (24634549) SystemInfo: free sram: 88403 minimal sram: 76675
I (24644549) SystemInfo: free sram: 89367 minimal sram: 76675
I (24654549) SystemInfo: free sram: 88847 minimal sram: 76675
I (24664549) SystemInfo: free sram: 89367 minimal sram: 76675
I (24674549) SystemInfo: free sram: 88919 minimal sram: 76675
I (24684549) SystemInfo: free sram: 89367 minimal sram: 76675
I (24694549) SystemInfo: free sram: 88919 minimal sram: 76675
I (24704549) SystemInfo: free sram: 89367 minimal sram: 76675
I (24714549) SystemInfo: free sram: 88919 minimal sram: 76675
I (24724549) SystemInfo: free sram: 89367 minimal sram: 76675
I (24734549) SystemInfo: free sram: 88403 minimal sram: 76675
I (24744549) SystemInfo: free sram: 89883 minimal sram: 76675
I (24754559) SystemInfo: free sram: 88403 minimal sram: 76675
I (24764549) SystemInfo: free sram: 89851 minimal sram: 76675
I (24774549) SystemInfo: free sram: 88403 minimal sram: 76675
I (24784569) SystemInfo: free sram: 88919 minimal sram: 76675
I (24794549) SystemInfo: free sram: 88403 minimal sram: 76675
I (24804549) SystemInfo: free sram: 89367 minimal sram: 76675
I (24814569) SystemInfo: free sram: 88919 minimal sram: 76675
I (24824549) SystemInfo: free sram: 89367 minimal sram: 76675
I (24834559) SystemInfo: free sram: 88919 minimal sram: 76675
I (24844549) SystemInfo: free sram: 89367 minimal sram: 76675
I (24854549) SystemInfo: free sram: 88919 minimal sram: 76675
I (24864549) SystemInfo: free sram: 89367 minimal sram: 76675
I (24874569) SystemInfo: free sram: 88887 minimal sram: 76675
I (24884549) SystemInfo: free sram: 89367 minimal sram: 76675
I (24894549) SystemInfo: free sram: 88403 minimal sram: 76675
I (24904549) SystemInfo: free sram: 89883 minimal sram: 76675
I (24914549) SystemInfo: free sram: 88403 minimal sram: 76675
I (24924549) SystemInfo: free sram: 89883 minimal sram: 76675
I (24934569) SystemInfo: free sram: 88403 minimal sram: 76675
I (24944549) SystemInfo: free sram: 89883 minimal sram: 76675
I (24954559) SystemInfo: free sram: 88403 minimal sram: 76675
I (24964549) SystemInfo: free sram: 90911 minimal sram: 76675
I (24974549) SystemInfo: free sram: 88403 minimal sram: 76675
I (24984549) SystemInfo: free sram: 89335 minimal sram: 76675
I (24994549) SystemInfo: free sram: 89947 minimal sram: 76675
I (25004549) SystemInfo: free sram: 89367 minimal sram: 76675
I (25014549) SystemInfo: free sram: 88919 minimal sram: 76675
I (25024549) SystemInfo: free sram: 89367 minimal sram: 76675
I (25034549) SystemInfo: free sram: 88919 minimal sram: 76675
I (25044549) SystemInfo: free sram: 89367 minimal sram: 76675
I (25054549) SystemInfo: free sram: 88403 minimal sram: 76675
I (25064549) SystemInfo: free sram: 89883 minimal sram: 76675
I (25074549) SystemInfo: free sram: 88403 minimal sram: 76675
I (25084549) SystemInfo: free sram: 89883 minimal sram: 76675
I (25094549) SystemInfo: free sram: 88371 minimal sram: 76675
I (25104549) SystemInfo: free sram: 89883 minimal sram: 76675
I (25114569) SystemInfo: free sram: 89367 minimal sram: 76675
I (25124549) SystemInfo: free sram: 89883 minimal sram: 76675
I (25134549) SystemInfo: free sram: 88403 minimal sram: 76675
I (25144549) SystemInfo: free sram: 88403 minimal sram: 76675
I (25154549) SystemInfo: free sram: 88919 minimal sram: 76675
I (25164549) SystemInfo: free sram: 89367 minimal sram: 76675
I (25174549) SystemInfo: free sram: 88919 minimal sram: 76675
I (25184549) SystemInfo: free sram: 89367 minimal sram: 76675
I (25194549) SystemInfo: free sram: 88919 minimal sram: 76675
I (25204549) SystemInfo: free sram: 89335 minimal sram: 76675
I (25214549) SystemInfo: free sram: 88919 minimal sram: 76675
I (25224549) SystemInfo: free sram: 89367 minimal sram: 76675
I (25234549) SystemInfo: free sram: 88403 minimal sram: 76675
I (25244549) SystemInfo: free sram: 89883 minimal sram: 76675
I (25254559) SystemInfo: free sram: 88403 minimal sram: 76675
I (25264549) SystemInfo: free sram: 89883 minimal sram: 76675
I (25274549) SystemInfo: free sram: 88403 minimal sram: 76675
I (25284549) SystemInfo: free sram: 89883 minimal sram: 76675
I (25294549) SystemInfo: free sram: 88363 minimal sram: 76675
I (25304549) SystemInfo: free sram: 89367 minimal sram: 76675
I (25314549) SystemInfo: free sram: 88371 minimal sram: 76675
I (25324549) SystemInfo: free sram: 89367 minimal sram: 76675
I (25334549) SystemInfo: free sram: 88919 minimal sram: 76675
I (25344549) SystemInfo: free sram: 89367 minimal sram: 76675
I (25354549) SystemInfo: free sram: 88919 minimal sram: 76675
I (25364549) SystemInfo: free sram: 89367 minimal sram: 76675
I (25374549) SystemInfo: free sram: 88919 minimal sram: 76675
I (25384549) SystemInfo: free sram: 89367 minimal sram: 76675
I (25394549) SystemInfo: free sram: 88403 minimal sram: 76675
I (25404549) SystemInfo: free sram: 89883 minimal sram: 76675
I (25414549) SystemInfo: free sram: 88403 minimal sram: 76675
I (25424549) SystemInfo: free sram: 89883 minimal sram: 76675
I (25434549) SystemInfo: free sram: 88403 minimal sram: 76675
I (25444549) SystemInfo: free sram: 89851 minimal sram: 76675
I (25454549) SystemInfo: free sram: 88403 minimal sram: 76675
I (25464549) SystemInfo: free sram: 89883 minimal sram: 76675
I (25474549) SystemInfo: free sram: 88403 minimal sram: 76675
I (25484549) SystemInfo: free sram: 89367 minimal sram: 76675
I (25494549) SystemInfo: free sram: 88919 minimal sram: 76675
I (25504549) SystemInfo: free sram: 89367 minimal sram: 76675
I (25514549) SystemInfo: free sram: 88919 minimal sram: 76675
I (25524549) SystemInfo: free sram: 89367 minimal sram: 76675
I (25534549) SystemInfo: free sram: 88919 minimal sram: 76675
I (25544549) SystemInfo: free sram: 89367 minimal sram: 76675
I (25554549) SystemInfo: free sram: 88887 minimal sram: 76675
I (25564549) SystemInfo: free sram: 89367 minimal sram: 76675
I (25574549) SystemInfo: free sram: 88403 minimal sram: 76675
I (25584549) SystemInfo: free sram: 89883 minimal sram: 76675
I (25594549) SystemInfo: free sram: 88403 minimal sram: 76675
I (25604549) SystemInfo: free sram: 89883 minimal sram: 76675
I (25614549) SystemInfo: free sram: 88403 minimal sram: 76675
I (25624549) SystemInfo: free sram: 88919 minimal sram: 76675
I (25634549) SystemInfo: free sram: 88403 minimal sram: 76675
I (25644549) SystemInfo: free sram: 89367 minimal sram: 76675
I (25654549) SystemInfo: free sram: 88919 minimal sram: 76675
I (25664549) SystemInfo: free sram: 89367 minimal sram: 76675
I (25674569) SystemInfo: free sram: 88919 minimal sram: 76675
I (25684549) SystemInfo: free sram: 89335 minimal sram: 76675
I (25694549) SystemInfo: free sram: 88919 minimal sram: 76675
I (25704559) SystemInfo: free sram: 88403 minimal sram: 76675
I (25714549) SystemInfo: free sram: 88919 minimal sram: 76675
I (25724549) SystemInfo: free sram: 89367 minimal sram: 76675
I (25734549) SystemInfo: free sram: 88403 minimal sram: 76675
I (25744549) SystemInfo: free sram: 89883 minimal sram: 76675
I (25754549) SystemInfo: free sram: 88403 minimal sram: 76675
I (25764549) SystemInfo: free sram: 89883 minimal sram: 76675
I (25774549) SystemInfo: free sram: 88403 minimal sram: 76675
I (25784549) SystemInfo: free sram: 89883 minimal sram: 76675
I (25794569) SystemInfo: free sram: 88371 minimal sram: 76675
I (25804549) SystemInfo: free sram: 89883 minimal sram: 76675
I (25814549) SystemInfo: free sram: 88403 minimal sram: 76675
I (25824549) SystemInfo: free sram: 89367 minimal sram: 76675
I (25834549) SystemInfo: free sram: 88919 minimal sram: 76675
I (25844549) SystemInfo: free sram: 89367 minimal sram: 76675
I (25854549) SystemInfo: free sram: 88919 minimal sram: 76675
I (25864549) SystemInfo: free sram: 89367 minimal sram: 76675
I (25874559) SystemInfo: free sram: 88919 minimal sram: 76675
I (25884549) SystemInfo: free sram: 89367 minimal sram: 76675
I (25894549) SystemInfo: free sram: 88403 minimal sram: 76675
I (25904549) SystemInfo: free sram: 89851 minimal sram: 76675
I (25914549) SystemInfo: free sram: 88403 minimal sram: 76675
I (25924549) SystemInfo: free sram: 89883 minimal sram: 76675
I (25934549) SystemInfo: free sram: 88363 minimal sram: 76675
I (25944549) SystemInfo: free sram: 89883 minimal sram: 76675
I (25954549) SystemInfo: free sram: 88403 minimal sram: 76675
I (25964549) SystemInfo: free sram: 89883 minimal sram: 76675
I (25974559) SystemInfo: free sram: 88403 minimal sram: 76675
I (25984549) SystemInfo: free sram: 89367 minimal sram: 76675
I (25994549) SystemInfo: free sram: 88919 minimal sram: 76675
I (26004549) SystemInfo: free sram: 89367 minimal sram: 76675
I (26014549) SystemInfo: free sram: 88919 minimal sram: 76675
I (26024549) SystemInfo: free sram: 89367 minimal sram: 76675
I (26034569) SystemInfo: free sram: 88887 minimal sram: 76675
I (26044549) SystemInfo: free sram: 89367 minimal sram: 76675
I (26054569) SystemInfo: free sram: 89883 minimal sram: 76675
I (26064549) SystemInfo: free sram: 89367 minimal sram: 76675
I (26074549) SystemInfo: free sram: 88403 minimal sram: 76675
I (26084549) SystemInfo: free sram: 89883 minimal sram: 76675
I (26094559) SystemInfo: free sram: 88403 minimal sram: 76675
I (26104549) SystemInfo: free sram: 89883 minimal sram: 76675
I (26114549) SystemInfo: free sram: 88919 minimal sram: 76675
I (26124549) SystemInfo: free sram: 89883 minimal sram: 76675
I (26134549) SystemInfo: free sram: 88403 minimal sram: 76675
I (26144549) SystemInfo: free sram: 89367 minimal sram: 76675
I (26154549) SystemInfo: free sram: 88371 minimal sram: 76675
I (26164549) SystemInfo: free sram: 89367 minimal sram: 76675
I (26174549) SystemInfo: free sram: 88919 minimal sram: 76675
I (26184549) SystemInfo: free sram: 89367 minimal sram: 76675
I (26194549) SystemInfo: free sram: 88919 minimal sram: 76675
I (26204559) SystemInfo: free sram: 88403 minimal sram: 76675
I (26214549) SystemInfo: free sram: 88919 minimal sram: 76675
I (26224549) SystemInfo: free sram: 89367 minimal sram: 76675
I (26234549) SystemInfo: free sram: 88403 minimal sram: 76675
I (26244549) SystemInfo: free sram: 89883 minimal sram: 76675
I (26254569) SystemInfo: free sram: 89367 minimal sram: 76675
I (26264549) SystemInfo: free sram: 89851 minimal sram: 76675
I (26274549) SystemInfo: free sram: 88403 minimal sram: 76675
I (26284549) SystemInfo: free sram: 89883 minimal sram: 76675
I (26294549) SystemInfo: free sram: 88403 minimal sram: 76675
I (26304549) SystemInfo: free sram: 90911 minimal sram: 76675
I (26314549) SystemInfo: free sram: 88403 minimal sram: 76675
I (26324549) SystemInfo: free sram: 89367 minimal sram: 76675
I (26334569) SystemInfo: free sram: 89947 minimal sram: 76675
I (26344559) SystemInfo: free sram: 88403 minimal sram: 76675
I (26354549) SystemInfo: free sram: 88919 minimal sram: 76675
I (26364549) SystemInfo: free sram: 89367 minimal sram: 76675
I (26374549) SystemInfo: free sram: 88887 minimal sram: 76675
I (26384549) SystemInfo: free sram: 89367 minimal sram: 76675
I (26394549) SystemInfo: free sram: 88919 minimal sram: 76675
I (26404549) SystemInfo: free sram: 89367 minimal sram: 76675
I (26414549) SystemInfo: free sram: 88403 minimal sram: 76675
I (26424549) SystemInfo: free sram: 89883 minimal sram: 76675
I (26434549) SystemInfo: free sram: 88403 minimal sram: 76675
I (26444569) SystemInfo: free sram: 88919 minimal sram: 76675
I (26454549) SystemInfo: free sram: 88403 minimal sram: 76675
I (26464549) SystemInfo: free sram: 89883 minimal sram: 76675
I (26474569) SystemInfo: free sram: 89883 minimal sram: 76675
I (26484549) SystemInfo: free sram: 89335 minimal sram: 76675
I (26494549) SystemInfo: free sram: 88919 minimal sram: 76675
I (26504549) SystemInfo: free sram: 89367 minimal sram: 76675
I (26514549) SystemInfo: free sram: 88919 minimal sram: 76675
I (26524549) SystemInfo: free sram: 89367 minimal sram: 76675
I (26534569) SystemInfo: free sram: 88919 minimal sram: 76675
I (26544549) SystemInfo: free sram: 89367 minimal sram: 76675
I (26554549) SystemInfo: free sram: 88919 minimal sram: 76675
I (26564549) SystemInfo: free sram: 89367 minimal sram: 76675
I (26574549) SystemInfo: free sram: 88403 minimal sram: 76675
I (26584549) SystemInfo: free sram: 89883 minimal sram: 76675
I (26594549) SystemInfo: free sram: 88371 minimal sram: 76675
I (26604549) SystemInfo: free sram: 89883 minimal sram: 76675
I (26614549) SystemInfo: free sram: 88403 minimal sram: 76675
I (26624549) SystemInfo: free sram: 89883 minimal sram: 76675
I (26634549) SystemInfo: free sram: 88403 minimal sram: 76675
I (26644549) SystemInfo: free sram: 89883 minimal sram: 76675
I (26654559) SystemInfo: free sram: 88403 minimal sram: 76675
I (26664549) SystemInfo: free sram: 89367 minimal sram: 76675
I (26674569) SystemInfo: free sram: 89883 minimal sram: 76675
I (26684549) SystemInfo: free sram: 89367 minimal sram: 76675
I (26694549) SystemInfo: free sram: 88919 minimal sram: 76675
I (26704569) SystemInfo: free sram: 88371 minimal sram: 76675
I (26714549) SystemInfo: free sram: 88919 minimal sram: 76675
I (26724549) SystemInfo: free sram: 89367 minimal sram: 76675
I (26734549) SystemInfo: free sram: 88403 minimal sram: 76675
I (26744549) SystemInfo: free sram: 89883 minimal sram: 76675
I (26754569) SystemInfo: free sram: 88403 minimal sram: 76675
I (26764549) SystemInfo: free sram: 89883 minimal sram: 76675
I (26774549) SystemInfo: free sram: 88403 minimal sram: 76675
I (26784549) SystemInfo: free sram: 89883 minimal sram: 76675
I (26794549) SystemInfo: free sram: 88403 minimal sram: 76675
I (26804549) SystemInfo: free sram: 89883 minimal sram: 76675
I (26814569) SystemInfo: free sram: 88371 minimal sram: 76675
I (26824549) SystemInfo: free sram: 89367 minimal sram: 76675
I (26834549) SystemInfo: free sram: 88919 minimal sram: 76675
I (26844549) SystemInfo: free sram: 89367 minimal sram: 76675
I (26854549) SystemInfo: free sram: 88919 minimal sram: 76675
I (26864549) SystemInfo: free sram: 89367 minimal sram: 76675
I (26874549) SystemInfo: free sram: 88919 minimal sram: 76675
I (26884549) SystemInfo: free sram: 89367 minimal sram: 76675
I (26894549) SystemInfo: free sram: 88919 minimal sram: 76675
I (26904549) SystemInfo: free sram: 89367 minimal sram: 76675
I (26914549) SystemInfo: free sram: 88403 minimal sram: 76675
I (26924569) SystemInfo: free sram: 88887 minimal sram: 76675
I (26934549) SystemInfo: free sram: 88403 minimal sram: 76675
I (26944569) SystemInfo: free sram: 88919 minimal sram: 76675
I (26954549) SystemInfo: free sram: 88403 minimal sram: 76675
I (26964549) SystemInfo: free sram: 89883 minimal sram: 76675
I (26974549) SystemInfo: free sram: 88403 minimal sram: 76675
I (26984549) SystemInfo: free sram: 89367 minimal sram: 76675
I (26994549) SystemInfo: free sram: 88403 minimal sram: 76675
I (27004549) SystemInfo: free sram: 89367 minimal sram: 76675
I (27014549) SystemInfo: free sram: 88919 minimal sram: 76675
I (27024549) SystemInfo: free sram: 89367 minimal sram: 76675
I (27034549) SystemInfo: free sram: 88887 minimal sram: 76675
I (27044549) SystemInfo: free sram: 89335 minimal sram: 76675
I (27054549) SystemInfo: free sram: 88919 minimal sram: 76675
I (27064549) SystemInfo: free sram: 88403 minimal sram: 76675
I (27074549) SystemInfo: free sram: 88403 minimal sram: 76675
I (27084549) SystemInfo: free sram: 89843 minimal sram: 76675
I (27094549) SystemInfo: free sram: 88403 minimal sram: 76675
I (27104549) SystemInfo: free sram: 89883 minimal sram: 76675
I (27114549) SystemInfo: free sram: 88403 minimal sram: 76675
I (27124559) SystemInfo: free sram: 88919 minimal sram: 76675
I (27134549) SystemInfo: free sram: 88403 minimal sram: 76675
I (27144549) SystemInfo: free sram: 89883 minimal sram: 76675
I (27154549) SystemInfo: free sram: 88371 minimal sram: 76675
I (27164549) SystemInfo: free sram: 89367 minimal sram: 76675
I (27174549) SystemInfo: free sram: 88919 minimal sram: 76675
I (27184549) SystemInfo: free sram: 89367 minimal sram: 76675
I (27194549) SystemInfo: free sram: 88919 minimal sram: 76675
I (27204549) SystemInfo: free sram: 89367 minimal sram: 76675
I (27214549) SystemInfo: free sram: 88919 minimal sram: 76675
I (27224549) SystemInfo: free sram: 89367 minimal sram: 76675
I (27234559) SystemInfo: free sram: 88919 minimal sram: 76675
I (27244549) SystemInfo: free sram: 89367 minimal sram: 76675
I (27254549) SystemInfo: free sram: 88363 minimal sram: 76675
I (27264549) SystemInfo: free sram: 89851 minimal sram: 76675
I (27274549) SystemInfo: free sram: 88403 minimal sram: 76675
I (27284569) SystemInfo: free sram: 88919 minimal sram: 76675
I (27294549) SystemInfo: free sram: 88403 minimal sram: 76675
I (27304549) SystemInfo: free sram: 89883 minimal sram: 76675
I (27314549) SystemInfo: free sram: 88403 minimal sram: 76675
I (27324549) SystemInfo: free sram: 89367 minimal sram: 76675
I (27334549) SystemInfo: free sram: 88919 minimal sram: 76675
I (27344569) SystemInfo: free sram: 88403 minimal sram: 76675
I (27354549) SystemInfo: free sram: 88919 minimal sram: 76675
I (27364549) SystemInfo: free sram: 89367 minimal sram: 76675
I (27374559) SystemInfo: free sram: 88887 minimal sram: 76675
I (27384549) SystemInfo: free sram: 89367 minimal sram: 76675
I (27394549) SystemInfo: free sram: 88919 minimal sram: 76675
I (27404549) SystemInfo: free sram: 89367 minimal sram: 76675
I (27414549) SystemInfo: free sram: 88403 minimal sram: 76675
I (27424549) SystemInfo: free sram: 89883 minimal sram: 76675
I (27434549) SystemInfo: free sram: 88403 minimal sram: 76675
I (27444549) SystemInfo: free sram: 89883 minimal sram: 76675
I (27454549) SystemInfo: free sram: 88403 minimal sram: 76675
I (27464549) SystemInfo: free sram: 89883 minimal sram: 76675
I (27474549) SystemInfo: free sram: 88403 minimal sram: 76675
I (27484549) SystemInfo: free sram: 89851 minimal sram: 76675
I (27494549) SystemInfo: free sram: 88403 minimal sram: 76675
I (27504549) SystemInfo: free sram: 89367 minimal sram: 76675
I (27514549) SystemInfo: free sram: 88919 minimal sram: 76675
I (27524549) SystemInfo: free sram: 89367 minimal sram: 76675
I (27534559) SystemInfo: free sram: 88919 minimal sram: 76675
I (27544549) SystemInfo: free sram: 89367 minimal sram: 76675
I (27554569) SystemInfo: free sram: 89883 minimal sram: 76675
I (27564549) SystemInfo: free sram: 89367 minimal sram: 76675
I (27574549) SystemInfo: free sram: 88403 minimal sram: 76675
I (27584549) SystemInfo: free sram: 88919 minimal sram: 76675
I (27594549) SystemInfo: free sram: 88371 minimal sram: 76675
I (27604549) SystemInfo: free sram: 89883 minimal sram: 76675
I (27614549) SystemInfo: free sram: 88403 minimal sram: 76675
I (27624549) SystemInfo: free sram: 89883 minimal sram: 76675
I (27634549) SystemInfo: free sram: 88403 minimal sram: 76675
I (27644549) SystemInfo: free sram: 90911 minimal sram: 76675
I (27654549) SystemInfo: free sram: 88403 minimal sram: 76675
I (27664549) SystemInfo: free sram: 89367 minimal sram: 76675
I (27674549) SystemInfo: free sram: 89947 minimal sram: 76675
I (27684549) SystemInfo: free sram: 89367 minimal sram: 76675
I (27694549) SystemInfo: free sram: 88919 minimal sram: 76675
I (27704549) SystemInfo: free sram: 89335 minimal sram: 76675
I (27714549) SystemInfo: free sram: 88919 minimal sram: 76675
I (27724549) SystemInfo: free sram: 89367 minimal sram: 76675
I (27734549) SystemInfo: free sram: 88919 minimal sram: 76675
I (27744549) SystemInfo: free sram: 89367 minimal sram: 76675
I (27754549) SystemInfo: free sram: 89431 minimal sram: 76675
I (27764549) SystemInfo: free sram: 89883 minimal sram: 76675
I (27774549) SystemInfo: free sram: 88403 minimal sram: 76675
I (27784559) SystemInfo: free sram: 88919 minimal sram: 76675
I (27794549) SystemInfo: free sram: 88403 minimal sram: 76675
I (27804549) SystemInfo: free sram: 89883 minimal sram: 76675
I (27814549) SystemInfo: free sram: 88371 minimal sram: 76675
I (27824549) SystemInfo: free sram: 89367 minimal sram: 76675
I (27834549) SystemInfo: free sram: 88403 minimal sram: 76675
I (27844549) SystemInfo: free sram: 89367 minimal sram: 76675
I (27854549) SystemInfo: free sram: 88919 minimal sram: 76675
I (27864549) SystemInfo: free sram: 88403 minimal sram: 76675
I (27874549) SystemInfo: free sram: 88919 minimal sram: 76675
I (27884549) SystemInfo: free sram: 89367 minimal sram: 76675
I (27894549) SystemInfo: free sram: 88919 minimal sram: 76675
I (27904549) SystemInfo: free sram: 89367 minimal sram: 76675
I (27914549) SystemInfo: free sram: 88403 minimal sram: 76675
I (27924549) SystemInfo: free sram: 89851 minimal sram: 76675
I (27934549) SystemInfo: free sram: 88403 minimal sram: 76675
I (27944549) SystemInfo: free sram: 89883 minimal sram: 76675
I (27954549) SystemInfo: free sram: 88403 minimal sram: 76675
I (27964549) SystemInfo: free sram: 89883 minimal sram: 76675
I (27974569) SystemInfo: free sram: 89367 minimal sram: 76675
I (27984549) SystemInfo: free sram: 89883 minimal sram: 76675
I (27994549) SystemInfo: free sram: 88403 minimal sram: 76675
I (28004549) SystemInfo: free sram: 89367 minimal sram: 76675
I (28014549) SystemInfo: free sram: 88919 minimal sram: 76675
I (28024549) SystemInfo: free sram: 89367 minimal sram: 76675
I (28034549) SystemInfo: free sram: 88887 minimal sram: 76675
I (28044549) SystemInfo: free sram: 89367 minimal sram: 76675
I (28054549) SystemInfo: free sram: 88919 minimal sram: 76675
I (28064549) SystemInfo: free sram: 89367 minimal sram: 76675
I (28074549) SystemInfo: free sram: 88919 minimal sram: 76675
I (28084569) SystemInfo: free sram: 88403 minimal sram: 76675
I (28094559) SystemInfo: free sram: 88403 minimal sram: 76675
I (28104549) SystemInfo: free sram: 89883 minimal sram: 76675
I (28114549) SystemInfo: free sram: 88403 minimal sram: 76675
I (28124549) SystemInfo: free sram: 89883 minimal sram: 76675
I (28134549) SystemInfo: free sram: 88403 minimal sram: 76675
I (28144569) SystemInfo: free sram: 88887 minimal sram: 76675
I (28154549) SystemInfo: free sram: 88403 minimal sram: 76675
I (28164549) SystemInfo: free sram: 89367 minimal sram: 76675
I (28174549) SystemInfo: free sram: 88919 minimal sram: 76675
I (28184549) SystemInfo: free sram: 89367 minimal sram: 76675
I (28194549) SystemInfo: free sram: 88919 minimal sram: 76675
I (28204549) SystemInfo: free sram: 88403 minimal sram: 76675
I (28214549) SystemInfo: free sram: 88919 minimal sram: 76675
I (28224549) SystemInfo: free sram: 89367 minimal sram: 76675
I (28234549) SystemInfo: free sram: 88919 minimal sram: 76675
I (28244549) SystemInfo: free sram: 89367 minimal sram: 76675
I (28254569) SystemInfo: free sram: 88371 minimal sram: 76675
I (28264549) SystemInfo: free sram: 89883 minimal sram: 76675
I (28274549) SystemInfo: free sram: 88403 minimal sram: 76675
I (28284549) SystemInfo: free sram: 89883 minimal sram: 76675
I (28294549) SystemInfo: free sram: 88403 minimal sram: 76675
I (28304549) SystemInfo: free sram: 88919 minimal sram: 76675
I (28314549) SystemInfo: free sram: 88403 minimal sram: 76675
I (28324549) SystemInfo: free sram: 89883 minimal sram: 76675
I (28334549) SystemInfo: free sram: 88403 minimal sram: 76675
I (28344549) SystemInfo: free sram: 89367 minimal sram: 76675
I (28354549) SystemInfo: free sram: 88919 minimal sram: 76675
I (28364549) SystemInfo: free sram: 89335 minimal sram: 76675
I (28374549) SystemInfo: free sram: 88919 minimal sram: 76675
I (28384549) SystemInfo: free sram: 89367 minimal sram: 76675
I (28394549) SystemInfo: free sram: 88919 minimal sram: 76675
I (28404549) SystemInfo: free sram: 89367 minimal sram: 76675
I (28414549) SystemInfo: free sram: 88403 minimal sram: 76675
I (28424549) SystemInfo: free sram: 89883 minimal sram: 76675
I (28434549) SystemInfo: free sram: 88403 minimal sram: 76675
I (28444549) SystemInfo: free sram: 89883 minimal sram: 76675
I (28454549) SystemInfo: free sram: 88403 minimal sram: 76675
I (28464549) SystemInfo: free sram: 89883 minimal sram: 76675
I (28474549) SystemInfo: free sram: 88371 minimal sram: 76675
I (28484549) SystemInfo: free sram: 89883 minimal sram: 76675
I (28494549) SystemInfo: free sram: 88403 minimal sram: 76675
I (28504549) SystemInfo: free sram: 89367 minimal sram: 76675
I (28514549) SystemInfo: free sram: 88919 minimal sram: 76675
I (28524549) SystemInfo: free sram: 89367 minimal sram: 76675
I (28534569) SystemInfo: free sram: 88919 minimal sram: 76675
I (28544549) SystemInfo: free sram: 89367 minimal sram: 76675
I (28554549) SystemInfo: free sram: 88919 minimal sram: 76675
I (28564549) SystemInfo: free sram: 89367 minimal sram: 76675
I (28574549) SystemInfo: free sram: 88919 minimal sram: 76675
I (28584569) SystemInfo: free sram: 88371 minimal sram: 76675
I (28594549) SystemInfo: free sram: 88403 minimal sram: 76675
I (28604549) SystemInfo: free sram: 89883 minimal sram: 76675
I (28614549) SystemInfo: free sram: 88403 minimal sram: 76675
I (28624549) SystemInfo: free sram: 89883 minimal sram: 76675
I (28634569) SystemInfo: free sram: 88403 minimal sram: 76675
I (28644549) SystemInfo: free sram: 89883 minimal sram: 76675
I (28654549) SystemInfo: free sram: 88403 minimal sram: 76675
I (28664549) SystemInfo: free sram: 89327 minimal sram: 76675
I (28674549) SystemInfo: free sram: 88403 minimal sram: 76675
I (28684549) SystemInfo: free sram: 89367 minimal sram: 76675
I (28694559) SystemInfo: free sram: 88887 minimal sram: 76675
I (28704549) SystemInfo: free sram: 89367 minimal sram: 76675
I (28714549) SystemInfo: free sram: 88919 minimal sram: 76675
I (28724549) SystemInfo: free sram: 89367 minimal sram: 76675
I (28734549) SystemInfo: free sram: 88919 minimal sram: 76675
I (28744559) SystemInfo: free sram: 88403 minimal sram: 76675
I (28754549) SystemInfo: free sram: 88403 minimal sram: 76675
I (28764549) SystemInfo: free sram: 89883 minimal sram: 76675
I (28774549) SystemInfo: free sram: 88403 minimal sram: 76675
I (28784549) SystemInfo: free sram: 89883 minimal sram: 76675
I (28794549) SystemInfo: free sram: 88403 minimal sram: 76675
I (28804549) SystemInfo: free sram: 89851 minimal sram: 76675
I (28814549) SystemInfo: free sram: 88403 minimal sram: 76675
I (28824549) SystemInfo: free sram: 89883 minimal sram: 76675
I (28834549) SystemInfo: free sram: 88403 minimal sram: 76675
I (28844549) SystemInfo: free sram: 89367 minimal sram: 76675
I (28854559) SystemInfo: free sram: 88919 minimal sram: 76675
I (28864549) SystemInfo: free sram: 89367 minimal sram: 76675
I (28874549) SystemInfo: free sram: 88919 minimal sram: 76675
I (28884549) SystemInfo: free sram: 89367 minimal sram: 76675
I (28894549) SystemInfo: free sram: 88919 minimal sram: 76675
I (28904549) SystemInfo: free sram: 89367 minimal sram: 76675
I (28914549) SystemInfo: free sram: 88887 minimal sram: 76675
I (28924549) SystemInfo: free sram: 89367 minimal sram: 76675
I (28934569) SystemInfo: free sram: 89367 minimal sram: 76675
I (28944549) SystemInfo: free sram: 90911 minimal sram: 76675
I (28954549) SystemInfo: free sram: 88403 minimal sram: 76675
I (28964549) SystemInfo: free sram: 89883 minimal sram: 76675
I (28974549) SystemInfo: free sram: 89431 minimal sram: 76675
I (28984549) SystemInfo: free sram: 89883 minimal sram: 76675
I (28994549) SystemInfo: free sram: 88403 minimal sram: 76675
I (29004549) SystemInfo: free sram: 89327 minimal sram: 76675
I (29014549) SystemInfo: free sram: 88919 minimal sram: 76675
I (29024549) SystemInfo: free sram: 89367 minimal sram: 76675
I (29034549) SystemInfo: free sram: 88887 minimal sram: 76675
I (29044549) SystemInfo: free sram: 89367 minimal sram: 76675
I (29054549) SystemInfo: free sram: 88919 minimal sram: 76675
I (29064549) SystemInfo: free sram: 89367 minimal sram: 76675
I (29074549) SystemInfo: free sram: 88919 minimal sram: 76675
I (29084559) SystemInfo: free sram: 88403 minimal sram: 76675
I (29094549) SystemInfo: free sram: 88403 minimal sram: 76675
I (29104549) SystemInfo: free sram: 89883 minimal sram: 76675
I (29114549) SystemInfo: free sram: 88403 minimal sram: 76675
I (29124549) SystemInfo: free sram: 89883 minimal sram: 76675
I (29134559) SystemInfo: free sram: 88403 minimal sram: 76675
I (29144549) SystemInfo: free sram: 89851 minimal sram: 76675
I (29154549) SystemInfo: free sram: 88403 minimal sram: 76675
I (29164549) SystemInfo: free sram: 89883 minimal sram: 76675
I (29174549) SystemInfo: free sram: 88403 minimal sram: 76675
I (29184549) SystemInfo: free sram: 89367 minimal sram: 76675
I (29194549) SystemInfo: free sram: 88919 minimal sram: 76675
I (29204549) SystemInfo: free sram: 89367 minimal sram: 76675
I (29214559) SystemInfo: free sram: 88919 minimal sram: 76675
I (29224549) SystemInfo: free sram: 89367 minimal sram: 76675
I (29234549) SystemInfo: free sram: 88919 minimal sram: 76675
I (29244549) SystemInfo: free sram: 88403 minimal sram: 76675
I (29254569) SystemInfo: free sram: 88371 minimal sram: 76675
I (29264549) SystemInfo: free sram: 89883 minimal sram: 76675
I (29274559) SystemInfo: free sram: 88403 minimal sram: 76675
I (29284549) SystemInfo: free sram: 89883 minimal sram: 76675
I (29294549) SystemInfo: free sram: 88403 minimal sram: 76675
I (29304549) SystemInfo: free sram: 89843 minimal sram: 76675
I (29314549) SystemInfo: free sram: 88403 minimal sram: 76675
I (29324549) SystemInfo: free sram: 89883 minimal sram: 76675
I (29334549) SystemInfo: free sram: 88403 minimal sram: 76675
I (29344549) SystemInfo: free sram: 89367 minimal sram: 76675
I (29354549) SystemInfo: free sram: 88919 minimal sram: 76675
I (29364569) SystemInfo: free sram: 88371 minimal sram: 76675
I (29374549) SystemInfo: free sram: 88919 minimal sram: 76675
I (29384549) SystemInfo: free sram: 89367 minimal sram: 76675
I (29394549) SystemInfo: free sram: 88919 minimal sram: 76675
I (29404549) SystemInfo: free sram: 89367 minimal sram: 76675
I (29414549) SystemInfo: free sram: 88919 minimal sram: 76675
I (29424549) SystemInfo: free sram: 89367 minimal sram: 76675
I (29434549) SystemInfo: free sram: 88403 minimal sram: 76675
I (29444549) SystemInfo: free sram: 89883 minimal sram: 76675
I (29454549) SystemInfo: free sram: 88403 minimal sram: 76675
I (29464549) SystemInfo: free sram: 89883 minimal sram: 76675
I (29474549) SystemInfo: free sram: 88371 minimal sram: 76675
I (29484549) SystemInfo: free sram: 89883 minimal sram: 76675
I (29494569) SystemInfo: free sram: 89367 minimal sram: 76675
I (29504549) SystemInfo: free sram: 89367 minimal sram: 76675
I (29514549) SystemInfo: free sram: 88403 minimal sram: 76675
I (29524559) SystemInfo: free sram: 88403 minimal sram: 76675
I (29534549) SystemInfo: free sram: 88919 minimal sram: 76675
I (29544549) SystemInfo: free sram: 89367 minimal sram: 76675
I (29554559) SystemInfo: free sram: 88919 minimal sram: 76675
I (29564549) SystemInfo: free sram: 89367 minimal sram: 76675
I (29574549) SystemInfo: free sram: 88919 minimal sram: 76675
I (29584549) SystemInfo: free sram: 89335 minimal sram: 76675
I (29594549) SystemInfo: free sram: 88403 minimal sram: 76675
I (29604549) SystemInfo: free sram: 89883 minimal sram: 76675
I (29614549) SystemInfo: free sram: 88403 minimal sram: 76675
I (29624549) SystemInfo: free sram: 89883 minimal sram: 76675
I (29634559) SystemInfo: free sram: 88403 minimal sram: 76675
I (29644549) SystemInfo: free sram: 89883 minimal sram: 76675
I (29654549) SystemInfo: free sram: 88403 minimal sram: 76675
I (29664569) SystemInfo: free sram: 88919 minimal sram: 76675
I (29674549) SystemInfo: free sram: 88403 minimal sram: 76675
I (29684549) SystemInfo: free sram: 89367 minimal sram: 76675
I (29694549) SystemInfo: free sram: 88887 minimal sram: 76675
I (29704549) SystemInfo: free sram: 89367 minimal sram: 76675
I (29714549) SystemInfo: free sram: 88919 minimal sram: 76675
I (29724549) SystemInfo: free sram: 89883 minimal sram: 76675
I (29734549) SystemInfo: free sram: 88919 minimal sram: 76675
I (29744549) SystemInfo: free sram: 89367 minimal sram: 76675
I (29754549) SystemInfo: free sram: 88919 minimal sram: 76675
I (29764549) SystemInfo: free sram: 89367 minimal sram: 76675
I (29774549) SystemInfo: free sram: 88403 minimal sram: 76675
I (29784549) SystemInfo: free sram: 89883 minimal sram: 76675
I (29794549) SystemInfo: free sram: 88403 minimal sram: 76675
I (29804549) SystemInfo: free sram: 89851 minimal sram: 76675
I (29814549) SystemInfo: free sram: 88403 minimal sram: 76675
I (29824549) SystemInfo: free sram: 89883 minimal sram: 76675
I (29834549) SystemInfo: free sram: 88403 minimal sram: 76675
I (29844549) SystemInfo: free sram: 89367 minimal sram: 76675
I (29854569) SystemInfo: free sram: 89883 minimal sram: 76675
I (29864549) SystemInfo: free sram: 89367 minimal sram: 76675
I (29874549) SystemInfo: free sram: 88919 minimal sram: 76675
I (29884549) SystemInfo: free sram: 89367 minimal sram: 76675
I (29894549) SystemInfo: free sram: 88919 minimal sram: 76675
I (29904549) SystemInfo: free sram: 89367 minimal sram: 76675
I (29914569) SystemInfo: free sram: 88887 minimal sram: 76675
I (29924549) SystemInfo: free sram: 89367 minimal sram: 76675
I (29934559) SystemInfo: free sram: 88403 minimal sram: 76675
I (29944549) SystemInfo: free sram: 89843 minimal sram: 76675
I (29954549) SystemInfo: free sram: 88403 minimal sram: 76675
I (29964549) SystemInfo: free sram: 89883 minimal sram: 76675
I (29974549) SystemInfo: free sram: 88403 minimal sram: 76675
I (29984549) SystemInfo: free sram: 89843 minimal sram: 76675
I (29994549) SystemInfo: free sram: 88403 minimal sram: 76675
I (30004549) SystemInfo: free sram: 89883 minimal sram: 76675
I (30014549) SystemInfo: free sram: 88403 minimal sram: 76675
I (30024549) SystemInfo: free sram: 89335 minimal sram: 76675
I (30034549) SystemInfo: free sram: 88919 minimal sram: 76675
I (30044549) SystemInfo: free sram: 89367 minimal sram: 76675
I (30054549) SystemInfo: free sram: 88919 minimal sram: 76675
I (30064549) SystemInfo: free sram: 89367 minimal sram: 76675
I (30074549) SystemInfo: free sram: 88919 minimal sram: 76675
I (30084549) SystemInfo: free sram: 89367 minimal sram: 76675
I (30094549) SystemInfo: free sram: 88403 minimal sram: 76675
I (30104549) SystemInfo: free sram: 89883 minimal sram: 76675
I (30114549) SystemInfo: free sram: 88403 minimal sram: 76675
I (30124549) SystemInfo: free sram: 89883 minimal sram: 76675
I (30134549) SystemInfo: free sram: 88371 minimal sram: 76675
I (30144549) SystemInfo: free sram: 89883 minimal sram: 76675
I (30154549) SystemInfo: free sram: 88403 minimal sram: 76675
I (30164549) SystemInfo: free sram: 89883 minimal sram: 76675
I (30174549) SystemInfo: free sram: 88403 minimal sram: 76675
I (30184549) SystemInfo: free sram: 89367 minimal sram: 76675
I (30194569) SystemInfo: free sram: 89883 minimal sram: 76675
I (30204549) SystemInfo: free sram: 89367 minimal sram: 76675
I (30214549) SystemInfo: free sram: 88919 minimal sram: 76675
I (30224549) SystemInfo: free sram: 89367 minimal sram: 76675
I (30234549) SystemInfo: free sram: 89435 minimal sram: 76675
I (30244559) SystemInfo: free sram: 88371 minimal sram: 76675
I (30254549) SystemInfo: free sram: 88919 minimal sram: 76675
I (30264549) SystemInfo: free sram: 89367 minimal sram: 76675
I (30274549) SystemInfo: free sram: 88403 minimal sram: 76675
I (30284549) SystemInfo: free sram: 90911 minimal sram: 76675
I (30294549) SystemInfo: free sram: 88403 minimal sram: 76675
I (30304569) SystemInfo: free sram: 88919 minimal sram: 76675
I (30314549) SystemInfo: free sram: 89431 minimal sram: 76675
I (30324549) SystemInfo: free sram: 89883 minimal sram: 76675
I (30334559) SystemInfo: free sram: 88403 minimal sram: 76675
I (30344549) SystemInfo: free sram: 89367 minimal sram: 76675
I (30354549) SystemInfo: free sram: 88403 minimal sram: 76675
I (30364569) SystemInfo: free sram: 88371 minimal sram: 76675
I (30374549) SystemInfo: free sram: 88919 minimal sram: 76675
I (30384549) SystemInfo: free sram: 89367 minimal sram: 76675
I (30394549) SystemInfo: free sram: 88919 minimal sram: 76675
I (30404549) SystemInfo: free sram: 89367 minimal sram: 76675
I (30414549) SystemInfo: free sram: 88919 minimal sram: 76675
I (30424549) SystemInfo: free sram: 89367 minimal sram: 76675
I (30434549) SystemInfo: free sram: 88403 minimal sram: 76675
I (30444569) SystemInfo: free sram: 88919 minimal sram: 76675
I (30454549) SystemInfo: free sram: 88403 minimal sram: 76675
I (30464549) SystemInfo: free sram: 89883 minimal sram: 76675
I (30474569) SystemInfo: free sram: 88371 minimal sram: 76675
I (30484549) SystemInfo: free sram: 89883 minimal sram: 76675
I (30494559) SystemInfo: free sram: 88403 minimal sram: 76675
I (30504549) SystemInfo: free sram: 89883 minimal sram: 76675
I (30514549) SystemInfo: free sram: 88403 minimal sram: 76675
I (30524549) SystemInfo: free sram: 89367 minimal sram: 76675
I (30534549) SystemInfo: free sram: 88919 minimal sram: 76675
I (30544549) SystemInfo: free sram: 89367 minimal sram: 76675
I (30554549) SystemInfo: free sram: 88919 minimal sram: 76675
I (30564549) SystemInfo: free sram: 89367 minimal sram: 76675
I (30574549) SystemInfo: free sram: 88919 minimal sram: 76675
I (30584569) SystemInfo: free sram: 88371 minimal sram: 76675
I (30594549) SystemInfo: free sram: 88919 minimal sram: 76675
I (30604549) SystemInfo: free sram: 88403 minimal sram: 76675
I (30614549) SystemInfo: free sram: 88403 minimal sram: 76675
I (30624549) SystemInfo: free sram: 89883 minimal sram: 76675
I (30634549) SystemInfo: free sram: 88403 minimal sram: 76675
I (30644549) SystemInfo: free sram: 89883 minimal sram: 76675
I (30654549) SystemInfo: free sram: 88403 minimal sram: 76675
I (30664569) SystemInfo: free sram: 88919 minimal sram: 76675
I (30674549) SystemInfo: free sram: 88403 minimal sram: 76675
I (30684549) SystemInfo: free sram: 89367 minimal sram: 76675
I (30694549) SystemInfo: free sram: 88887 minimal sram: 76675
I (30704549) SystemInfo: free sram: 89367 minimal sram: 76675
I (30714549) SystemInfo: free sram: 88919 minimal sram: 76675
I (30724549) SystemInfo: free sram: 89367 minimal sram: 76675
I (30734549) SystemInfo: free sram: 88919 minimal sram: 76675
I (30744549) SystemInfo: free sram: 89367 minimal sram: 76675
I (30754549) SystemInfo: free sram: 88879 minimal sram: 76675
I (30764549) SystemInfo: free sram: 89367 minimal sram: 76675
I (30774549) SystemInfo: free sram: 88403 minimal sram: 76675
I (30784549) SystemInfo: free sram: 89883 minimal sram: 76675
I (30794569) SystemInfo: free sram: 89367 minimal sram: 76675
I (30804549) SystemInfo: free sram: 89851 minimal sram: 76675
I (30814549) SystemInfo: free sram: 88403 minimal sram: 76675
I (30824549) SystemInfo: free sram: 89883 minimal sram: 76675
I (30834549) SystemInfo: free sram: 88403 minimal sram: 76675
I (30844549) SystemInfo: free sram: 89883 minimal sram: 76675
I (30854549) SystemInfo: free sram: 88403 minimal sram: 76675
I (30864549) SystemInfo: free sram: 89367 minimal sram: 76675
I (30874549) SystemInfo: free sram: 88919 minimal sram: 76675
I (30884549) SystemInfo: free sram: 89367 minimal sram: 76675
I (30894549) SystemInfo: free sram: 88919 minimal sram: 76675
I (30904549) SystemInfo: free sram: 88403 minimal sram: 76675
I (30914549) SystemInfo: free sram: 88887 minimal sram: 76675
I (30924549) SystemInfo: free sram: 89367 minimal sram: 76675
I (30934549) SystemInfo: free sram: 88403 minimal sram: 76675
I (30944549) SystemInfo: free sram: 89883 minimal sram: 76675
I (30954549) SystemInfo: free sram: 88403 minimal sram: 76675
I (30964549) SystemInfo: free sram: 89883 minimal sram: 76675
I (30974549) SystemInfo: free sram: 88403 minimal sram: 76675
I (30984559) SystemInfo: free sram: 88919 minimal sram: 76675
I (30994549) SystemInfo: free sram: 88403 minimal sram: 76675
I (31004549) SystemInfo: free sram: 89883 minimal sram: 76675
I (31014549) SystemInfo: free sram: 88403 minimal sram: 76675
I (31024559) SystemInfo: free sram: 88371 minimal sram: 76675
I (31034549) SystemInfo: free sram: 88919 minimal sram: 76675
I (31044549) SystemInfo: free sram: 89367 minimal sram: 76675
I (31054559) SystemInfo: free sram: 88919 minimal sram: 76675
I (31064549) SystemInfo: free sram: 89367 minimal sram: 76675
I (31074549) SystemInfo: free sram: 88919 minimal sram: 76675
I (31084559) SystemInfo: free sram: 88403 minimal sram: 76675
I (31094549) SystemInfo: free sram: 88919 minimal sram: 76675
I (31104549) SystemInfo: free sram: 89367 minimal sram: 76675
I (31114549) SystemInfo: free sram: 88403 minimal sram: 76675
I (31124549) SystemInfo: free sram: 89883 minimal sram: 76675
I (31134569) SystemInfo: free sram: 89335 minimal sram: 76675
I (31144549) SystemInfo: free sram: 89883 minimal sram: 76675
I (31154549) SystemInfo: free sram: 88403 minimal sram: 76675
I (31164549) SystemInfo: free sram: 89883 minimal sram: 76675
I (31174549) SystemInfo: free sram: 88403 minimal sram: 76675
I (31184549) SystemInfo: free sram: 89367 minimal sram: 76675
I (31194559) SystemInfo: free sram: 88403 minimal sram: 76675
I (31204549) SystemInfo: free sram: 89367 minimal sram: 76675
I (31214549) SystemInfo: free sram: 88919 minimal sram: 76675
I (31224549) SystemInfo: free sram: 89367 minimal sram: 76675
I (31234549) SystemInfo: free sram: 88919 minimal sram: 76675
I (31244549) SystemInfo: free sram: 89335 minimal sram: 76675
I (31254549) SystemInfo: free sram: 88919 minimal sram: 76675
I (31264549) SystemInfo: free sram: 89367 minimal sram: 76675
I (31274549) SystemInfo: free sram: 88403 minimal sram: 76675
I (31284549) SystemInfo: free sram: 89883 minimal sram: 76675
I (31294549) SystemInfo: free sram: 88403 minimal sram: 76675
I (31304549) SystemInfo: free sram: 89883 minimal sram: 76675
I (31314549) SystemInfo: free sram: 88403 minimal sram: 76675
I (31324549) SystemInfo: free sram: 89883 minimal sram: 76675
I (31334549) SystemInfo: free sram: 88403 minimal sram: 76675
I (31344549) SystemInfo: free sram: 89883 minimal sram: 76675
I (31354549) SystemInfo: free sram: 88371 minimal sram: 76675
I (31364549) SystemInfo: free sram: 89367 minimal sram: 76675
I (31374549) SystemInfo: free sram: 88919 minimal sram: 76675
I (31384549) SystemInfo: free sram: 89367 minimal sram: 76675
I (31394549) SystemInfo: free sram: 88919 minimal sram: 76675
I (31404549) SystemInfo: free sram: 89367 minimal sram: 76675
I (31414549) SystemInfo: free sram: 88919 minimal sram: 76675
I (31424549) SystemInfo: free sram: 89367 minimal sram: 76675
I (31434549) SystemInfo: free sram: 88919 minimal sram: 76675
I (31444549) SystemInfo: free sram: 89367 minimal sram: 76675
I (31454549) SystemInfo: free sram: 88403 minimal sram: 76675
I (31464549) SystemInfo: free sram: 89851 minimal sram: 76675
I (31474549) SystemInfo: free sram: 88403 minimal sram: 76675
I (31484549) SystemInfo: free sram: 89883 minimal sram: 76675
I (31494559) SystemInfo: free sram: 88403 minimal sram: 76675
I (31504549) SystemInfo: free sram: 89883 minimal sram: 76675
I (31514549) SystemInfo: free sram: 88403 minimal sram: 76675
I (31524549) SystemInfo: free sram: 89367 minimal sram: 76675
I (31534549) SystemInfo: free sram: 88919 minimal sram: 76675
I (31544549) SystemInfo: free sram: 89367 minimal sram: 76675
I (31554549) SystemInfo: free sram: 88919 minimal sram: 76675
I (31564549) SystemInfo: free sram: 89367 minimal sram: 76675
I (31574549) SystemInfo: free sram: 88919 minimal sram: 76675
I (31584549) SystemInfo: free sram: 89335 minimal sram: 76675
I (31594549) SystemInfo: free sram: 88919 minimal sram: 76675
I (31604549) SystemInfo: free sram: 89367 minimal sram: 76675
I (31614549) SystemInfo: free sram: 88403 minimal sram: 76675
I (31624549) SystemInfo: free sram: 90911 minimal sram: 76675
I (31634559) SystemInfo: free sram: 88403 minimal sram: 76675
I (31644549) SystemInfo: free sram: 89883 minimal sram: 76675
I (31654549) SystemInfo: free sram: 89431 minimal sram: 76675
I (31664549) SystemInfo: free sram: 89883 minimal sram: 76675
I (31674549) SystemInfo: free sram: 88403 minimal sram: 76675
I (31684549) SystemInfo: free sram: 89883 minimal sram: 76675
I (31694559) SystemInfo: free sram: 88371 minimal sram: 76675
I (31704549) SystemInfo: free sram: 89367 minimal sram: 76675
I (31714549) SystemInfo: free sram: 88919 minimal sram: 76675
I (31724549) SystemInfo: free sram: 89367 minimal sram: 76675
I (31734549) SystemInfo: free sram: 88919 minimal sram: 76675
I (31744549) SystemInfo: free sram: 89367 minimal sram: 76675
I (31754549) SystemInfo: free sram: 88919 minimal sram: 76675
I (31764549) SystemInfo: free sram: 89367 minimal sram: 76675
I (31774549) SystemInfo: free sram: 88403 minimal sram: 76675
I (31784549) SystemInfo: free sram: 89883 minimal sram: 76675
I (31794549) SystemInfo: free sram: 88403 minimal sram: 76675
I (31804549) SystemInfo: free sram: 89851 minimal sram: 76675
I (31814549) SystemInfo: free sram: 88403 minimal sram: 76675
I (31824549) SystemInfo: free sram: 89883 minimal sram: 76675
I (31834549) SystemInfo: free sram: 88403 minimal sram: 76675
I (31844549) SystemInfo: free sram: 89883 minimal sram: 76675
I (31854549) SystemInfo: free sram: 88403 minimal sram: 76675
I (31864549) SystemInfo: free sram: 89367 minimal sram: 76675
I (31874549) SystemInfo: free sram: 88919 minimal sram: 76675
I (31884549) SystemInfo: free sram: 89367 minimal sram: 76675
I (31894549) SystemInfo: free sram: 88919 minimal sram: 76675
I (31904559) SystemInfo: free sram: 88403 minimal sram: 76675
I (31914549) SystemInfo: free sram: 88887 minimal sram: 76675
I (31924549) SystemInfo: free sram: 89367 minimal sram: 76675
I (31934549) SystemInfo: free sram: 88919 minimal sram: 76675
I (31944549) SystemInfo: free sram: 89367 minimal sram: 76675
I (31954549) SystemInfo: free sram: 88403 minimal sram: 76675
I (31964549) SystemInfo: free sram: 88919 minimal sram: 76675
I (31974549) SystemInfo: free sram: 88403 minimal sram: 76675
I (31984549) SystemInfo: free sram: 89883 minimal sram: 76675
I (31994549) SystemInfo: free sram: 88403 minimal sram: 76675
I (32004549) SystemInfo: free sram: 89883 minimal sram: 76675
I (32014569) SystemInfo: free sram: 88403 minimal sram: 76675
I (32024549) SystemInfo: free sram: 89335 minimal sram: 76675
I (32034549) SystemInfo: free sram: 88363 minimal sram: 76675
I (32044559) SystemInfo: free sram: 88403 minimal sram: 76675
I (32054549) SystemInfo: free sram: 88919 minimal sram: 76675
I (32064549) SystemInfo: free sram: 89367 minimal sram: 76675
I (32074569) SystemInfo: free sram: 88919 minimal sram: 76675
I (32084549) SystemInfo: free sram: 89367 minimal sram: 76675
I (32094549) SystemInfo: free sram: 88919 minimal sram: 76675
I (32104559) SystemInfo: free sram: 88403 minimal sram: 76675
I (32114549) SystemInfo: free sram: 88403 minimal sram: 76675
I (32124549) SystemInfo: free sram: 88919 minimal sram: 76675
I (32134549) SystemInfo: free sram: 88371 minimal sram: 76675
I (32144549) SystemInfo: free sram: 89883 minimal sram: 76675
I (32154549) SystemInfo: free sram: 88403 minimal sram: 76675
I (32164549) SystemInfo: free sram: 89883 minimal sram: 76675
I (32174549) SystemInfo: free sram: 88403 minimal sram: 76675
I (32184549) SystemInfo: free sram: 89883 minimal sram: 76675
I (32194549) SystemInfo: free sram: 88403 minimal sram: 76675
I (32204549) SystemInfo: free sram: 89367 minimal sram: 76675
I (32214559) SystemInfo: free sram: 88919 minimal sram: 76675
I (32224549) SystemInfo: free sram: 89367 minimal sram: 76675
I (32234559) SystemInfo: free sram: 88919 minimal sram: 76675
I (32244549) SystemInfo: free sram: 89335 minimal sram: 76675
I (32254549) SystemInfo: free sram: 88919 minimal sram: 76675
I (32264569) SystemInfo: free sram: 88403 minimal sram: 76675
I (32274549) SystemInfo: free sram: 88919 minimal sram: 76675
I (32284549) SystemInfo: free sram: 89367 minimal sram: 76675
I (32294549) SystemInfo: free sram: 88403 minimal sram: 76675
I (32304549) SystemInfo: free sram: 89883 minimal sram: 76675
I (32314569) SystemInfo: free sram: 89367 minimal sram: 76675
I (32324549) SystemInfo: free sram: 89883 minimal sram: 76675
I (32334549) SystemInfo: free sram: 88403 minimal sram: 76675
I (32344549) SystemInfo: free sram: 88919 minimal sram: 76675
I (32354549) SystemInfo: free sram: 88371 minimal sram: 76675
I (32364549) SystemInfo: free sram: 89367 minimal sram: 76675
I (32374549) SystemInfo: free sram: 88919 minimal sram: 76675
I (32384549) SystemInfo: free sram: 89367 minimal sram: 76675
I (32394549) SystemInfo: free sram: 88919 minimal sram: 76675
I (32404549) SystemInfo: free sram: 89367 minimal sram: 76675
I (32414549) SystemInfo: free sram: 88919 minimal sram: 76675
I (32424549) SystemInfo: free sram: 89367 minimal sram: 76675
I (32434549) SystemInfo: free sram: 88919 minimal sram: 76675
I (32444549) SystemInfo: free sram: 89367 minimal sram: 76675
I (32454549) SystemInfo: free sram: 88403 minimal sram: 76675
I (32464549) SystemInfo: free sram: 89851 minimal sram: 76675
I (32474549) SystemInfo: free sram: 88403 minimal sram: 76675
I (32484549) SystemInfo: free sram: 89883 minimal sram: 76675
I (32494549) SystemInfo: free sram: 88403 minimal sram: 76675
I (32504549) SystemInfo: free sram: 89883 minimal sram: 76675
I (32514549) SystemInfo: free sram: 88403 minimal sram: 76675
I (32524549) SystemInfo: free sram: 89883 minimal sram: 76675
I (32534549) SystemInfo: free sram: 88403 minimal sram: 76675
I (32544549) SystemInfo: free sram: 89367 minimal sram: 76675
I (32554549) SystemInfo: free sram: 88919 minimal sram: 76675
I (32564549) SystemInfo: free sram: 88403 minimal sram: 76675
I (32574559) SystemInfo: free sram: 88887 minimal sram: 76675
I (32584549) SystemInfo: free sram: 89367 minimal sram: 76675
I (32594549) SystemInfo: free sram: 88919 minimal sram: 76675
I (32604549) SystemInfo: free sram: 89367 minimal sram: 76675
I (32614549) SystemInfo: free sram: 88403 minimal sram: 76675
I (32624549) SystemInfo: free sram: 88919 minimal sram: 76675
I (32634549) SystemInfo: free sram: 88403 minimal sram: 76675
I (32644569) SystemInfo: free sram: 88919 minimal sram: 76675
I (32654549) SystemInfo: free sram: 88403 minimal sram: 76675
I (32664549) SystemInfo: free sram: 89883 minimal sram: 76675
I (32674549) SystemInfo: free sram: 88363 minimal sram: 76675
I (32684549) SystemInfo: free sram: 89851 minimal sram: 76675
I (32694549) SystemInfo: free sram: 88403 minimal sram: 76675
I (32704549) SystemInfo: free sram: 89367 minimal sram: 76675
I (32714549) SystemInfo: free sram: 88919 minimal sram: 76675
I (32724549) SystemInfo: free sram: 89367 minimal sram: 76675
I (32734549) SystemInfo: free sram: 88919 minimal sram: 76675
I (32744569) SystemInfo: free sram: 88403 minimal sram: 76675
I (32754549) SystemInfo: free sram: 88919 minimal sram: 76675
I (32764569) SystemInfo: free sram: 88403 minimal sram: 76675
I (32774549) SystemInfo: free sram: 88919 minimal sram: 76675
I (32784549) SystemInfo: free sram: 89367 minimal sram: 76675
I (32794569) SystemInfo: free sram: 89335 minimal sram: 76675
I (32804549) SystemInfo: free sram: 89883 minimal sram: 76675
I (32814549) SystemInfo: free sram: 88403 minimal sram: 76675
I (32824559) SystemInfo: free sram: 88919 minimal sram: 76675
I (32834549) SystemInfo: free sram: 88403 minimal sram: 76675
I (32844549) SystemInfo: free sram: 89843 minimal sram: 76675
I (32854549) SystemInfo: free sram: 88403 minimal sram: 76675
I (32864549) SystemInfo: free sram: 89367 minimal sram: 76675
I (32874549) SystemInfo: free sram: 88403 minimal sram: 76675
I (32884549) SystemInfo: free sram: 89367 minimal sram: 76675
I (32894549) SystemInfo: free sram: 88919 minimal sram: 76675
I (32904549) SystemInfo: free sram: 88371 minimal sram: 76675
I (32914549) SystemInfo: free sram: 88919 minimal sram: 76675
I (32924549) SystemInfo: free sram: 89367 minimal sram: 76675
I (32934549) SystemInfo: free sram: 88919 minimal sram: 76675
I (32944549) SystemInfo: free sram: 89367 minimal sram: 76675
I (32954569) SystemInfo: free sram: 89367 minimal sram: 76675
I (32964549) SystemInfo: free sram: 90911 minimal sram: 76675
I (32974549) SystemInfo: free sram: 88403 minimal sram: 76675
I (32984549) SystemInfo: free sram: 89883 minimal sram: 76675
I (32994549) SystemInfo: free sram: 89431 minimal sram: 76675
I (33004549) SystemInfo: free sram: 89883 minimal sram: 76675
I (33014549) SystemInfo: free sram: 88331 minimal sram: 76675
I (33024549) SystemInfo: free sram: 89883 minimal sram: 76675
I (33034569) SystemInfo: free sram: 89367 minimal sram: 76675
I (33044549) SystemInfo: free sram: 89367 minimal sram: 76675
I (33054549) SystemInfo: free sram: 88919 minimal sram: 76675
I (33064549) SystemInfo: free sram: 89367 minimal sram: 76675
I (33074549) SystemInfo: free sram: 88919 minimal sram: 76675
I (33084549) SystemInfo: free sram: 89367 minimal sram: 76675
I (33094549) SystemInfo: free sram: 88919 minimal sram: 76675
I (33104549) SystemInfo: free sram: 89367 minimal sram: 76675
I (33114549) SystemInfo: free sram: 88919 minimal sram: 76675
I (33124549) SystemInfo: free sram: 89335 minimal sram: 76675
I (33134549) SystemInfo: free sram: 88403 minimal sram: 76675
I (33144569) SystemInfo: free sram: 88879 minimal sram: 76675
I (33154549) SystemInfo: free sram: 88403 minimal sram: 76675
I (33164549) SystemInfo: free sram: 89883 minimal sram: 76675
I (33174549) SystemInfo: free sram: 88403 minimal sram: 76675
I (33184549) SystemInfo: free sram: 89883 minimal sram: 76675
I (33194549) SystemInfo: free sram: 88403 minimal sram: 76675
I (33204549) SystemInfo: free sram: 89367 minimal sram: 76675
I (33214549) SystemInfo: free sram: 88919 minimal sram: 76675
I (33224549) SystemInfo: free sram: 89367 minimal sram: 76675
I (33234569) SystemInfo: free sram: 88887 minimal sram: 76675
I (33244549) SystemInfo: free sram: 89367 minimal sram: 76675
I (33254569) SystemInfo: free sram: 89883 minimal sram: 76675
I (33264549) SystemInfo: free sram: 89367 minimal sram: 76675
I (33274549) SystemInfo: free sram: 88919 minimal sram: 76675
I (33284549) SystemInfo: free sram: 88403 minimal sram: 76675
I (33294549) SystemInfo: free sram: 88403 minimal sram: 76675
I (33304549) SystemInfo: free sram: 89883 minimal sram: 76675
I (33314549) SystemInfo: free sram: 88363 minimal sram: 76675
I (33324549) SystemInfo: free sram: 89883 minimal sram: 76675
I (33334549) SystemInfo: free sram: 88403 minimal sram: 76675
I (33344569) SystemInfo: free sram: 88887 minimal sram: 76675
I (33354549) SystemInfo: free sram: 88403 minimal sram: 76675
I (33364569) SystemInfo: free sram: 88919 minimal sram: 76675
I (33374549) SystemInfo: free sram: 88403 minimal sram: 76675
I (33384549) SystemInfo: free sram: 89367 minimal sram: 76675
I (33394549) SystemInfo: free sram: 88919 minimal sram: 76675
I (33404549) SystemInfo: free sram: 89367 minimal sram: 76675
I (33414549) SystemInfo: free sram: 88919 minimal sram: 76675
I (33424549) SystemInfo: free sram: 89367 minimal sram: 76675
I (33434549) SystemInfo: free sram: 88919 minimal sram: 76675
I (33444549) SystemInfo: free sram: 89367 minimal sram: 76675
I (33454549) SystemInfo: free sram: 88371 minimal sram: 76675
I (33464549) SystemInfo: free sram: 89883 minimal sram: 76675
I (33474549) SystemInfo: free sram: 88403 minimal sram: 76675
I (33484569) SystemInfo: free sram: 88919 minimal sram: 76675
I (33494549) SystemInfo: free sram: 88403 minimal sram: 76675
I (33504549) SystemInfo: free sram: 89883 minimal sram: 76675
I (33514559) SystemInfo: free sram: 88403 minimal sram: 76675
I (33524549) SystemInfo: free sram: 89883 minimal sram: 76675
I (33534559) SystemInfo: free sram: 88403 minimal sram: 76675
I (33544549) SystemInfo: free sram: 89367 minimal sram: 76675
I (33554549) SystemInfo: free sram: 88919 minimal sram: 76675
I (33564549) SystemInfo: free sram: 89335 minimal sram: 76675
I (33574549) SystemInfo: free sram: 88919 minimal sram: 76675
I (33584549) SystemInfo: free sram: 89367 minimal sram: 76675
I (33594549) SystemInfo: free sram: 88919 minimal sram: 76675
I (33604549) SystemInfo: free sram: 89367 minimal sram: 76675
I (33614569) SystemInfo: free sram: 89883 minimal sram: 76675
I (33624549) SystemInfo: free sram: 89367 minimal sram: 76675
I (33634549) SystemInfo: free sram: 88403 minimal sram: 76675
I (33644549) SystemInfo: free sram: 89883 minimal sram: 76675
I (33654549) SystemInfo: free sram: 88403 minimal sram: 76675
I (33664549) SystemInfo: free sram: 89883 minimal sram: 76675
I (33674569) SystemInfo: free sram: 88371 minimal sram: 76675
I (33684549) SystemInfo: free sram: 89883 minimal sram: 76675
I (33694549) SystemInfo: free sram: 88403 minimal sram: 76675
I (33704549) SystemInfo: free sram: 89367 minimal sram: 76675
I (33714549) SystemInfo: free sram: 88403 minimal sram: 76675
I (33724549) SystemInfo: free sram: 89367 minimal sram: 76675
I (33734559) SystemInfo: free sram: 88919 minimal sram: 76675
I (33744549) SystemInfo: free sram: 89367 minimal sram: 76675
I (33754549) SystemInfo: free sram: 88919 minimal sram: 76675
I (33764549) SystemInfo: free sram: 89367 minimal sram: 76675
I (33774549) SystemInfo: free sram: 88919 minimal sram: 76675
I (33784549) SystemInfo: free sram: 89367 minimal sram: 76675
I (33794559) SystemInfo: free sram: 88371 minimal sram: 76675
I (33804549) SystemInfo: free sram: 89883 minimal sram: 76675
I (33814549) SystemInfo: free sram: 88403 minimal sram: 76675
I (33824549) SystemInfo: free sram: 89843 minimal sram: 76675
I (33834549) SystemInfo: free sram: 88403 minimal sram: 76675
I (33844549) SystemInfo: free sram: 89883 minimal sram: 76675
I (33854549) SystemInfo: free sram: 88403 minimal sram: 76675
I (33864549) SystemInfo: free sram: 89883 minimal sram: 76675
I (33874559) SystemInfo: free sram: 88403 minimal sram: 76675
I (33884549) SystemInfo: free sram: 89367 minimal sram: 76675
I (33894549) SystemInfo: free sram: 88919 minimal sram: 76675
I (33904549) SystemInfo: free sram: 89335 minimal sram: 76675
I (33914549) SystemInfo: free sram: 88919 minimal sram: 76675
I (33924549) SystemInfo: free sram: 89367 minimal sram: 76675
I (33934549) SystemInfo: free sram: 88919 minimal sram: 76675
I (33944549) SystemInfo: free sram: 89367 minimal sram: 76675
I (33954549) SystemInfo: free sram: 88919 minimal sram: 76675
I (33964549) SystemInfo: free sram: 89367 minimal sram: 76675
I (33974549) SystemInfo: free sram: 88403 minimal sram: 76675
I (33984569) SystemInfo: free sram: 88919 minimal sram: 76675
I (33994549) SystemInfo: free sram: 88403 minimal sram: 76675
I (34004549) SystemInfo: free sram: 89883 minimal sram: 76675
I (34014559) SystemInfo: free sram: 88403 minimal sram: 76675
I (34024549) SystemInfo: free sram: 89883 minimal sram: 76675
I (34034549) SystemInfo: free sram: 88371 minimal sram: 76675
I (34044549) SystemInfo: free sram: 89367 minimal sram: 76675
I (34054549) SystemInfo: free sram: 88919 minimal sram: 76675
I (34064549) SystemInfo: free sram: 89367 minimal sram: 76675
I (34074549) SystemInfo: free sram: 88919 minimal sram: 76675
I (34084549) SystemInfo: free sram: 89367 minimal sram: 76675
I (34094549) SystemInfo: free sram: 88919 minimal sram: 76675
I (34104549) SystemInfo: free sram: 89367 minimal sram: 76675
I (34114569) SystemInfo: free sram: 89883 minimal sram: 76675
I (34124549) SystemInfo: free sram: 89367 minimal sram: 76675
I (34134549) SystemInfo: free sram: 88403 minimal sram: 76675
I (34144549) SystemInfo: free sram: 88887 minimal sram: 76675
I (34154549) SystemInfo: free sram: 88403 minimal sram: 76675
I (34164549) SystemInfo: free sram: 89883 minimal sram: 76675
I (34174549) SystemInfo: free sram: 88403 minimal sram: 76675
I (34184549) SystemInfo: free sram: 89883 minimal sram: 76675
I (34194549) SystemInfo: free sram: 88403 minimal sram: 76675
I (34204569) SystemInfo: free sram: 88919 minimal sram: 76675
I (34214549) SystemInfo: free sram: 88403 minimal sram: 76675
I (34224549) SystemInfo: free sram: 89367 minimal sram: 76675
I (34234549) SystemInfo: free sram: 88919 minimal sram: 76675
I (34244549) SystemInfo: free sram: 89367 minimal sram: 76675
I (34254559) SystemInfo: free sram: 88887 minimal sram: 76675
I (34264549) SystemInfo: free sram: 89367 minimal sram: 76675
I (34274549) SystemInfo: free sram: 88919 minimal sram: 76675
I (34284549) SystemInfo: free sram: 89367 minimal sram: 76675
I (34294549) SystemInfo: free sram: 88403 minimal sram: 76675
I (34304549) SystemInfo: free sram: 90911 minimal sram: 76675
I (34314559) SystemInfo: free sram: 88403 minimal sram: 76675
I (34324549) SystemInfo: free sram: 89883 minimal sram: 76675
I (34334559) SystemInfo: free sram: 89431 minimal sram: 76675
I (34344549) SystemInfo: free sram: 89883 minimal sram: 76675
I (34354549) SystemInfo: free sram: 88403 minimal sram: 76675
I (34364549) SystemInfo: free sram: 89883 minimal sram: 76675
I (34374549) SystemInfo: free sram: 88371 minimal sram: 76675
I (34384549) SystemInfo: free sram: 89367 minimal sram: 76675
I (34394549) SystemInfo: free sram: 88919 minimal sram: 76675
I (34404549) SystemInfo: free sram: 89367 minimal sram: 76675
I (34414549) SystemInfo: free sram: 88919 minimal sram: 76675
I (34424549) SystemInfo: free sram: 89367 minimal sram: 76675
I (34434549) SystemInfo: free sram: 88919 minimal sram: 76675
I (34444549) SystemInfo: free sram: 89367 minimal sram: 76675
I (34454559) SystemInfo: free sram: 88919 minimal sram: 76675
I (34464549) SystemInfo: free sram: 89367 minimal sram: 76675
I (34474549) SystemInfo: free sram: 88403 minimal sram: 76675
I (34484549) SystemInfo: free sram: 89851 minimal sram: 76675
I (34494549) SystemInfo: free sram: 88403 minimal sram: 76675
I (34504549) SystemInfo: free sram: 89883 minimal sram: 76675
I (34514559) SystemInfo: free sram: 88403 minimal sram: 76675
I (34524549) SystemInfo: free sram: 89883 minimal sram: 76675
I (34534549) SystemInfo: free sram: 88403 minimal sram: 76675
I (34544549) SystemInfo: free sram: 89367 minimal sram: 76675
I (34554549) SystemInfo: free sram: 88403 minimal sram: 76675
I (34564549) SystemInfo: free sram: 89367 minimal sram: 76675
I (34574549) SystemInfo: free sram: 88919 minimal sram: 76675
I (34584549) SystemInfo: free sram: 89367 minimal sram: 76675
I (34594549) SystemInfo: free sram: 88887 minimal sram: 76675
I (34604549) SystemInfo: free sram: 89367 minimal sram: 76675
I (34614549) SystemInfo: free sram: 88919 minimal sram: 76675
I (34624549) SystemInfo: free sram: 89367 minimal sram: 76675
I (34634549) SystemInfo: free sram: 88403 minimal sram: 76675
I (34644549) SystemInfo: free sram: 89883 minimal sram: 76675
I (34654549) SystemInfo: free sram: 88403 minimal sram: 76675
I (34664549) SystemInfo: free sram: 89883 minimal sram: 76675
I (34674549) SystemInfo: free sram: 88403 minimal sram: 76675
I (34684549) SystemInfo: free sram: 89883 minimal sram: 76675
I (34694549) SystemInfo: free sram: 88403 minimal sram: 76675
I (34704549) SystemInfo: free sram: 89851 minimal sram: 76675
I (34714549) SystemInfo: free sram: 88403 minimal sram: 76675
I (34724549) SystemInfo: free sram: 89367 minimal sram: 76675
I (34734549) SystemInfo: free sram: 88919 minimal sram: 76675
I (34744549) SystemInfo: free sram: 89367 minimal sram: 76675
I (34754549) SystemInfo: free sram: 88919 minimal sram: 76675
I (34764549) SystemInfo: free sram: 89327 minimal sram: 76675
I (34774549) SystemInfo: free sram: 88919 minimal sram: 76675
I (34784549) SystemInfo: free sram: 89367 minimal sram: 76675
I (34794549) SystemInfo: free sram: 88919 minimal sram: 76675
I (34804549) SystemInfo: free sram: 89367 minimal sram: 76675
I (34814549) SystemInfo: free sram: 88371 minimal sram: 76675
I (34824549) SystemInfo: free sram: 89883 minimal sram: 76675
I (34834569) SystemInfo: free sram: 89367 minimal sram: 76675
I (34844549) SystemInfo: free sram: 89883 minimal sram: 76675
I (34854549) SystemInfo: free sram: 88403 minimal sram: 76675
I (34864549) SystemInfo: free sram: 89883 minimal sram: 76675
I (34874549) SystemInfo: free sram: 88403 minimal sram: 76675
I (34884549) SystemInfo: free sram: 89367 minimal sram: 76675
I (34894569) SystemInfo: free sram: 89883 minimal sram: 76675
I (34904549) SystemInfo: free sram: 89367 minimal sram: 76675
I (34914569) SystemInfo: free sram: 88919 minimal sram: 76675
I (34924549) SystemInfo: free sram: 89335 minimal sram: 76675
I (34934549) SystemInfo: free sram: 88919 minimal sram: 76675
I (34944549) SystemInfo: free sram: 88403 minimal sram: 76675
I (34954549) SystemInfo: free sram: 88919 minimal sram: 76675
I (34964549) SystemInfo: free sram: 89367 minimal sram: 76675
I (34974549) SystemInfo: free sram: 88403 minimal sram: 76675
I (34984549) SystemInfo: free sram: 89883 minimal sram: 76675
I (34994549) SystemInfo: free sram: 88403 minimal sram: 76675
I (35004549) SystemInfo: free sram: 89883 minimal sram: 76675
I (35014549) SystemInfo: free sram: 88403 minimal sram: 76675
I (35024549) SystemInfo: free sram: 89883 minimal sram: 76675
I (35034549) SystemInfo: free sram: 88371 minimal sram: 76675
I (35044549) SystemInfo: free sram: 89883 minimal sram: 76675
I (35054569) SystemInfo: free sram: 89367 minimal sram: 76675
I (35064549) SystemInfo: free sram: 89367 minimal sram: 76675
I (35074549) SystemInfo: free sram: 88919 minimal sram: 76675
I (35084549) SystemInfo: free sram: 89367 minimal sram: 76675
I (35094549) SystemInfo: free sram: 88919 minimal sram: 76675
I (35104549) SystemInfo: free sram: 89367 minimal sram: 76675
I (35114549) SystemInfo: free sram: 88919 minimal sram: 76675
I (35124549) SystemInfo: free sram: 89367 minimal sram: 76675
I (35134569) SystemInfo: free sram: 89367 minimal sram: 76675
I (35144549) SystemInfo: free sram: 89851 minimal sram: 76675
I (35154549) SystemInfo: free sram: 88403 minimal sram: 76675
I (35164549) SystemInfo: free sram: 89883 minimal sram: 76675
I (35174559) SystemInfo: free sram: 88403 minimal sram: 76675
I (35184549) SystemInfo: free sram: 89883 minimal sram: 76675
I (35194549) SystemInfo: free sram: 88403 minimal sram: 76675
I (35204549) SystemInfo: free sram: 89883 minimal sram: 76675
I (35214549) SystemInfo: free sram: 88403 minimal sram: 76675
I (35224549) SystemInfo: free sram: 89367 minimal sram: 76675
I (35234549) SystemInfo: free sram: 88919 minimal sram: 76675
I (35244549) SystemInfo: free sram: 88403 minimal sram: 76675
I (35254549) SystemInfo: free sram: 88887 minimal sram: 76675
I (35264549) SystemInfo: free sram: 89367 minimal sram: 76675
I (35274549) SystemInfo: free sram: 88919 minimal sram: 76675
I (35284569) SystemInfo: free sram: 88403 minimal sram: 76675
I (35294549) SystemInfo: free sram: 88919 minimal sram: 76675
I (35304549) SystemInfo: free sram: 89367 minimal sram: 76675
I (35314549) SystemInfo: free sram: 88363 minimal sram: 76675
I (35324549) SystemInfo: free sram: 89883 minimal sram: 76675
I (35334569) SystemInfo: free sram: 88403 minimal sram: 76675
I (35344549) SystemInfo: free sram: 89883 minimal sram: 76675
I (35354549) SystemInfo: free sram: 88403 minimal sram: 76675
I (35364549) SystemInfo: free sram: 89851 minimal sram: 76675
I (35374549) SystemInfo: free sram: 88403 minimal sram: 76675
I (35384549) SystemInfo: free sram: 88403 minimal sram: 76675
I (35394549) SystemInfo: free sram: 88403 minimal sram: 76675
I (35404549) SystemInfo: free sram: 89367 minimal sram: 76675
I (35414549) SystemInfo: free sram: 88919 minimal sram: 76675
I (35424549) SystemInfo: free sram: 89883 minimal sram: 76675
I (35434549) SystemInfo: free sram: 88919 minimal sram: 76675
I (35444549) SystemInfo: free sram: 89367 minimal sram: 76675
I (35454549) SystemInfo: free sram: 88919 minimal sram: 76675
I (35464569) SystemInfo: free sram: 88403 minimal sram: 76675
I (35474549) SystemInfo: free sram: 88371 minimal sram: 76675
I (35484549) SystemInfo: free sram: 89883 minimal sram: 76675
I (35494549) SystemInfo: free sram: 88403 minimal sram: 76675
I (35504549) SystemInfo: free sram: 89883 minimal sram: 76675
I (35514549) SystemInfo: free sram: 88403 minimal sram: 76675
I (35524549) SystemInfo: free sram: 89883 minimal sram: 76675
I (35534549) SystemInfo: free sram: 88403 minimal sram: 76675
I (35544549) SystemInfo: free sram: 89883 minimal sram: 76675
I (35554549) SystemInfo: free sram: 88403 minimal sram: 76675
I (35564549) SystemInfo: free sram: 89367 minimal sram: 76675
I (35574549) SystemInfo: free sram: 88919 minimal sram: 76675
I (35584549) SystemInfo: free sram: 89335 minimal sram: 76675
I (35594549) SystemInfo: free sram: 88919 minimal sram: 76675
I (35604549) SystemInfo: free sram: 89367 minimal sram: 76675
I (35614569) SystemInfo: free sram: 89883 minimal sram: 76675
I (35624549) SystemInfo: free sram: 89367 minimal sram: 76675
I (35634549) SystemInfo: free sram: 88919 minimal sram: 76675
I (35644549) SystemInfo: free sram: 90395 minimal sram: 76675
I (35654549) SystemInfo: free sram: 88403 minimal sram: 76675
I (35664549) SystemInfo: free sram: 89883 minimal sram: 76675
I (35674559) SystemInfo: free sram: 89431 minimal sram: 76675
I (35684549) SystemInfo: free sram: 89883 minimal sram: 76675
I (35694559) SystemInfo: free sram: 88371 minimal sram: 76675
I (35704549) SystemInfo: free sram: 89883 minimal sram: 76675
I (35714549) SystemInfo: free sram: 88403 minimal sram: 76675
I (35724559) SystemInfo: free sram: 88403 minimal sram: 76675
I (35734549) SystemInfo: free sram: 88919 minimal sram: 76675
I (35744549) SystemInfo: free sram: 89367 minimal sram: 76675
I (35754549) SystemInfo: free sram: 88919 minimal sram: 76675
I (35764549) SystemInfo: free sram: 89367 minimal sram: 76675
I (35774549) SystemInfo: free sram: 88919 minimal sram: 76675
I (35784549) SystemInfo: free sram: 88403 minimal sram: 76675
I (35794549) SystemInfo: free sram: 88919 minimal sram: 76675
I (35804569) SystemInfo: free sram: 88371 minimal sram: 76675
I (35814549) SystemInfo: free sram: 88403 minimal sram: 76675
I (35824549) SystemInfo: free sram: 89883 minimal sram: 76675
I (35834559) SystemInfo: free sram: 88403 minimal sram: 76675
I (35844549) SystemInfo: free sram: 89883 minimal sram: 76675
I (35854549) SystemInfo: free sram: 88403 minimal sram: 76675
I (35864549) SystemInfo: free sram: 89883 minimal sram: 76675
I (35874549) SystemInfo: free sram: 88403 minimal sram: 76675
I (35884549) SystemInfo: free sram: 88919 minimal sram: 76675
I (35894549) SystemInfo: free sram: 88403 minimal sram: 76675
I (35904549) SystemInfo: free sram: 89367 minimal sram: 76675
I (35914549) SystemInfo: free sram: 88919 minimal sram: 76675
I (35924549) SystemInfo: free sram: 89335 minimal sram: 76675
I (35934549) SystemInfo: free sram: 88919 minimal sram: 76675
I (35944559) SystemInfo: free sram: 88403 minimal sram: 76675
I (35954549) SystemInfo: free sram: 88919 minimal sram: 76675
I (35964549) SystemInfo: free sram: 89367 minimal sram: 76675
I (35974549) SystemInfo: free sram: 88403 minimal sram: 76675
I (35984549) SystemInfo: free sram: 89883 minimal sram: 76675
I (35994559) SystemInfo: free sram: 88403 minimal sram: 76675
I (36004549) SystemInfo: free sram: 89883 minimal sram: 76675
I (36014549) SystemInfo: free sram: 88403 minimal sram: 76675
I (36024549) SystemInfo: free sram: 89883 minimal sram: 76675
I (36034549) SystemInfo: free sram: 88371 minimal sram: 76675
I (36044549) SystemInfo: free sram: 89843 minimal sram: 76675
I (36054549) SystemInfo: free sram: 88403 minimal sram: 76675
I (36064549) SystemInfo: free sram: 89367 minimal sram: 76675
I (36074549) SystemInfo: free sram: 88919 minimal sram: 76675
I (36084549) SystemInfo: free sram: 89367 minimal sram: 76675
I (36094549) SystemInfo: free sram: 88919 minimal sram: 76675
I (36104549) SystemInfo: free sram: 89367 minimal sram: 76675
I (36114549) SystemInfo: free sram: 88919 minimal sram: 76675
I (36124549) SystemInfo: free sram: 89367 minimal sram: 76675
I (36134549) SystemInfo: free sram: 88919 minimal sram: 76675
I (36144549) SystemInfo: free sram: 89335 minimal sram: 76675
I (36154549) SystemInfo: free sram: 88403 minimal sram: 76675
I (36164549) SystemInfo: free sram: 89883 minimal sram: 76675
I (36174549) SystemInfo: free sram: 88403 minimal sram: 76675
I (36184569) SystemInfo: free sram: 88919 minimal sram: 76675
I (36194549) SystemInfo: free sram: 88403 minimal sram: 76675
I (36204549) SystemInfo: free sram: 89883 minimal sram: 76675
I (36214549) SystemInfo: free sram: 88403 minimal sram: 76675
I (36224569) SystemInfo: free sram: 88403 minimal sram: 76675
I (36234549) SystemInfo: free sram: 88403 minimal sram: 76675
I (36244549) SystemInfo: free sram: 89367 minimal sram: 76675
I (36254549) SystemInfo: free sram: 88887 minimal sram: 76675
I (36264549) SystemInfo: free sram: 89367 minimal sram: 76675
I (36274549) SystemInfo: free sram: 88919 minimal sram: 76675
I (36284549) SystemInfo: free sram: 89367 minimal sram: 76675
I (36294549) SystemInfo: free sram: 88919 minimal sram: 76675
I (36304549) SystemInfo: free sram: 89367 minimal sram: 76675
I (36314549) SystemInfo: free sram: 88403 minimal sram: 76675
I (36324549) SystemInfo: free sram: 89883 minimal sram: 76675
I (36334549) SystemInfo: free sram: 88403 minimal sram: 76675
I (36344549) SystemInfo: free sram: 89883 minimal sram: 76675
I (36354549) SystemInfo: free sram: 88403 minimal sram: 76675
I (36364569) SystemInfo: free sram: 88887 minimal sram: 76675
I (36374549) SystemInfo: free sram: 88403 minimal sram: 76675
I (36384549) SystemInfo: free sram: 89883 minimal sram: 76675
I (36394549) SystemInfo: free sram: 88403 minimal sram: 76675
I (36404549) SystemInfo: free sram: 89367 minimal sram: 76675
I (36414549) SystemInfo: free sram: 88919 minimal sram: 76675
I (36424549) SystemInfo: free sram: 89367 minimal sram: 76675
I (36434549) SystemInfo: free sram: 88919 minimal sram: 76675
I (36444549) SystemInfo: free sram: 88403 minimal sram: 76675
I (36454549) SystemInfo: free sram: 88919 minimal sram: 76675
I (36464549) SystemInfo: free sram: 89367 minimal sram: 76675
I (36474549) SystemInfo: free sram: 88887 minimal sram: 76675
I (36484549) SystemInfo: free sram: 89367 minimal sram: 76675
I (36494569) SystemInfo: free sram: 89367 minimal sram: 76675
I (36504549) SystemInfo: free sram: 89883 minimal sram: 76675
I (36514549) SystemInfo: free sram: 88403 minimal sram: 76675
I (36524549) SystemInfo: free sram: 89883 minimal sram: 76675
I (36534549) SystemInfo: free sram: 88403 minimal sram: 76675
I (36544549) SystemInfo: free sram: 89883 minimal sram: 76675
I (36554549) SystemInfo: free sram: 88403 minimal sram: 76675
I (36564549) SystemInfo: free sram: 89367 minimal sram: 76675
I (36574549) SystemInfo: free sram: 88919 minimal sram: 76675
I (36584569) SystemInfo: free sram: 88371 minimal sram: 76675
I (36594549) SystemInfo: free sram: 88919 minimal sram: 76675
I (36604549) SystemInfo: free sram: 89367 minimal sram: 76675
I (36614569) SystemInfo: free sram: 89883 minimal sram: 76675
I (36624549) SystemInfo: free sram: 89367 minimal sram: 76675
I (36634559) SystemInfo: free sram: 88919 minimal sram: 76675
I (36644549) SystemInfo: free sram: 89367 minimal sram: 76675
I (36654549) SystemInfo: free sram: 88403 minimal sram: 76675
I (36664549) SystemInfo: free sram: 89883 minimal sram: 76675
I (36674549) SystemInfo: free sram: 88403 minimal sram: 76675
I (36684549) SystemInfo: free sram: 89843 minimal sram: 76675
I (36694559) SystemInfo: free sram: 88371 minimal sram: 76675
I (36704549) SystemInfo: free sram: 89883 minimal sram: 76675
I (36714549) SystemInfo: free sram: 88403 minimal sram: 76675
I (36724549) SystemInfo: free sram: 89883 minimal sram: 76675
I (36734549) SystemInfo: free sram: 88403 minimal sram: 76675
I (36744559) SystemInfo: free sram: 88403 minimal sram: 76675
I (36754549) SystemInfo: free sram: 88919 minimal sram: 76675
I (36764549) SystemInfo: free sram: 89367 minimal sram: 76675
I (36774569) SystemInfo: free sram: 89883 minimal sram: 76675
I (36784549) SystemInfo: free sram: 89367 minimal sram: 76675
I (36794549) SystemInfo: free sram: 88919 minimal sram: 76675
I (36804569) SystemInfo: free sram: 88371 minimal sram: 76675
I (36814549) SystemInfo: free sram: 88403 minimal sram: 76675
I (36824549) SystemInfo: free sram: 89883 minimal sram: 76675
I (36834549) SystemInfo: free sram: 88403 minimal sram: 76675
I (36844549) SystemInfo: free sram: 89883 minimal sram: 76675
I (36854559) SystemInfo: free sram: 88403 minimal sram: 76675
I (36864549) SystemInfo: free sram: 89883 minimal sram: 76675
I (36874549) SystemInfo: free sram: 88403 minimal sram: 76675
I (36884559) SystemInfo: free sram: 88919 minimal sram: 76675
I (36894549) SystemInfo: free sram: 88403 minimal sram: 76675
I (36904549) SystemInfo: free sram: 89367 minimal sram: 76675
I (36914549) SystemInfo: free sram: 88887 minimal sram: 76675
I (36924549) SystemInfo: free sram: 89367 minimal sram: 76675
I (36934549) SystemInfo: free sram: 88919 minimal sram: 76675
I (36944549) SystemInfo: free sram: 89367 minimal sram: 76675
I (36954549) SystemInfo: free sram: 88919 minimal sram: 76675
I (36964559) SystemInfo: free sram: 88403 minimal sram: 76675
I (36974549) SystemInfo: free sram: 88919 minimal sram: 76675
I (36984549) SystemInfo: free sram: 90395 minimal sram: 76675
I (36994549) SystemInfo: free sram: 88403 minimal sram: 76675
I (37004549) SystemInfo: free sram: 89883 minimal sram: 76675
I (37014549) SystemInfo: free sram: 89431 minimal sram: 76675
I (37024549) SystemInfo: free sram: 89851 minimal sram: 76675
I (37034549) SystemInfo: free sram: 88403 minimal sram: 76675
I (37044549) SystemInfo: free sram: 89883 minimal sram: 76675
I (37054549) SystemInfo: free sram: 88403 minimal sram: 76675
I (37064549) SystemInfo: free sram: 88403 minimal sram: 76675
I (37074549) SystemInfo: free sram: 88403 minimal sram: 76675
I (37084549) SystemInfo: free sram: 89367 minimal sram: 76675
I (37094549) SystemInfo: free sram: 88919 minimal sram: 76675
I (37104559) SystemInfo: free sram: 88403 minimal sram: 76675
I (37114549) SystemInfo: free sram: 88919 minimal sram: 76675
I (37124549) SystemInfo: free sram: 89367 minimal sram: 76675
I (37134549) SystemInfo: free sram: 88887 minimal sram: 76675
I (37144549) SystemInfo: free sram: 89367 minimal sram: 76675
I (37154549) SystemInfo: free sram: 88403 minimal sram: 76675
I (37164549) SystemInfo: free sram: 89883 minimal sram: 76675
I (37174549) SystemInfo: free sram: 88403 minimal sram: 76675
I (37184549) SystemInfo: free sram: 89883 minimal sram: 76675
I (37194549) SystemInfo: free sram: 88403 minimal sram: 76675
I (37204569) SystemInfo: free sram: 88919 minimal sram: 76675
I (37214549) SystemInfo: free sram: 88403 minimal sram: 76675
I (37224549) SystemInfo: free sram: 89883 minimal sram: 76675
I (37234549) SystemInfo: free sram: 88403 minimal sram: 76675
I (37244549) SystemInfo: free sram: 89335 minimal sram: 76675
I (37254549) SystemInfo: free sram: 88919 minimal sram: 76675
I (37264559) SystemInfo: free sram: 88403 minimal sram: 76675
I (37274549) SystemInfo: free sram: 88919 minimal sram: 76675
I (37284549) SystemInfo: free sram: 89367 minimal sram: 76675
I (37294549) SystemInfo: free sram: 88919 minimal sram: 76675
I (37304549) SystemInfo: free sram: 89367 minimal sram: 76675
I (37314559) SystemInfo: free sram: 88919 minimal sram: 76675
I (37324549) SystemInfo: free sram: 89327 minimal sram: 76675
I (37334549) SystemInfo: free sram: 88403 minimal sram: 76675
I (37344549) SystemInfo: free sram: 89883 minimal sram: 76675
I (37354549) SystemInfo: free sram: 88371 minimal sram: 76675
I (37364549) SystemInfo: free sram: 89883 minimal sram: 76675
I (37374549) SystemInfo: free sram: 88403 minimal sram: 76675
I (37384549) SystemInfo: free sram: 89883 minimal sram: 76675
I (37394549) SystemInfo: free sram: 88403 minimal sram: 76675
I (37404549) SystemInfo: free sram: 89367 minimal sram: 76675
I (37414549) SystemInfo: free sram: 88919 minimal sram: 76675
I (37424559) SystemInfo: free sram: 88403 minimal sram: 76675
I (37434549) SystemInfo: free sram: 88919 minimal sram: 76675
I (37444549) SystemInfo: free sram: 89367 minimal sram: 76675
I (37454549) SystemInfo: free sram: 88919 minimal sram: 76675
I (37464549) SystemInfo: free sram: 89335 minimal sram: 76675
I (37474549) SystemInfo: free sram: 88919 minimal sram: 76675
I (37484549) SystemInfo: free sram: 89367 minimal sram: 76675
I (37494549) SystemInfo: free sram: 88403 minimal sram: 76675
I (37504549) SystemInfo: free sram: 89883 minimal sram: 76675
I (37514549) SystemInfo: free sram: 88403 minimal sram: 76675
I (37524549) SystemInfo: free sram: 89883 minimal sram: 76675
I (37534569) SystemInfo: free sram: 89367 minimal sram: 76675
I (37544549) SystemInfo: free sram: 89883 minimal sram: 76675
I (37554549) SystemInfo: free sram: 88403 minimal sram: 76675
I (37564549) SystemInfo: free sram: 88919 minimal sram: 76675
I (37574549) SystemInfo: free sram: 88403 minimal sram: 76675
I (37584549) SystemInfo: free sram: 89335 minimal sram: 76675
I (37594549) SystemInfo: free sram: 88919 minimal sram: 76675
I (37604549) SystemInfo: free sram: 89367 minimal sram: 76675
I (37614549) SystemInfo: free sram: 88919 minimal sram: 76675
I (37624559) SystemInfo: free sram: 88403 minimal sram: 76675
I (37634549) SystemInfo: free sram: 88919 minimal sram: 76675
I (37644559) SystemInfo: free sram: 88403 minimal sram: 76675
I (37654549) SystemInfo: free sram: 88403 minimal sram: 76675
I (37664549) SystemInfo: free sram: 89883 minimal sram: 76675
I (37674549) SystemInfo: free sram: 88403 minimal sram: 76675
I (37684549) SystemInfo: free sram: 89883 minimal sram: 76675
I (37694549) SystemInfo: free sram: 88371 minimal sram: 76675
I (37704549) SystemInfo: free sram: 89883 minimal sram: 76675
I (37714549) SystemInfo: free sram: 88403 minimal sram: 76675
I (37724569) SystemInfo: free sram: 88919 minimal sram: 76675
I (37734549) SystemInfo: free sram: 88403 minimal sram: 76675
I (37744549) SystemInfo: free sram: 89367 minimal sram: 76675
I (37754569) SystemInfo: free sram: 89883 minimal sram: 76675
I (37764549) SystemInfo: free sram: 89367 minimal sram: 76675
I (37774549) SystemInfo: free sram: 88919 minimal sram: 76675
I (37784549) SystemInfo: free sram: 89367 minimal sram: 76675
I (37794549) SystemInfo: free sram: 88919 minimal sram: 76675
I (37804549) SystemInfo: free sram: 89367 minimal sram: 76675
I (37814549) SystemInfo: free sram: 88887 minimal sram: 76675
I (37824549) SystemInfo: free sram: 89367 minimal sram: 76675
I (37834569) SystemInfo: free sram: 89367 minimal sram: 76675
I (37844549) SystemInfo: free sram: 89883 minimal sram: 76675
I (37854549) SystemInfo: free sram: 88403 minimal sram: 76675
I (37864559) SystemInfo: free sram: 88919 minimal sram: 76675
I (37874549) SystemInfo: free sram: 88403 minimal sram: 76675
I (37884549) SystemInfo: free sram: 89883 minimal sram: 76675
I (37894549) SystemInfo: free sram: 88403 minimal sram: 76675
I (37904549) SystemInfo: free sram: 89367 minimal sram: 76675
I (37914549) SystemInfo: free sram: 88403 minimal sram: 76675
I (37924569) SystemInfo: free sram: 88371 minimal sram: 76675
I (37934549) SystemInfo: free sram: 88919 minimal sram: 76675
I (37944569) SystemInfo: free sram: 88403 minimal sram: 76675
I (37954549) SystemInfo: free sram: 88919 minimal sram: 76675
I (37964549) SystemInfo: free sram: 89367 minimal sram: 76675
I (37974549) SystemInfo: free sram: 88919 minimal sram: 76675
I (37984559) SystemInfo: free sram: 88403 minimal sram: 76675
I (37994549) SystemInfo: free sram: 88403 minimal sram: 76675
I (38004549) SystemInfo: free sram: 89843 minimal sram: 76675
I (38014549) SystemInfo: free sram: 88403 minimal sram: 76675
I (38024549) SystemInfo: free sram: 89883 minimal sram: 76675
I (38034569) SystemInfo: free sram: 88371 minimal sram: 76675
I (38044549) SystemInfo: free sram: 89883 minimal sram: 76675
I (38054549) SystemInfo: free sram: 88403 minimal sram: 76675
I (38064549) SystemInfo: free sram: 89883 minimal sram: 76675
I (38074549) SystemInfo: free sram: 88403 minimal sram: 76675
I (38084549) SystemInfo: free sram: 89367 minimal sram: 76675
I (38094549) SystemInfo: free sram: 88919 minimal sram: 76675
I (38104549) SystemInfo: free sram: 89367 minimal sram: 76675
I (38114549) SystemInfo: free sram: 88919 minimal sram: 76675
I (38124549) SystemInfo: free sram: 89367 minimal sram: 76675
I (38134549) SystemInfo: free sram: 88879 minimal sram: 76675
I (38144549) SystemInfo: free sram: 89335 minimal sram: 76675
I (38154549) SystemInfo: free sram: 88919 minimal sram: 76675
I (38164549) SystemInfo: free sram: 89367 minimal sram: 76675
I (38174549) SystemInfo: free sram: 88403 minimal sram: 76675
I (38184549) SystemInfo: free sram: 89883 minimal sram: 76675
I (38194549) SystemInfo: free sram: 88403 minimal sram: 76675
I (38204549) SystemInfo: free sram: 89883 minimal sram: 76675
I (38214549) SystemInfo: free sram: 88403 minimal sram: 76675
I (38224549) SystemInfo: free sram: 89883 minimal sram: 76675
I (38234549) SystemInfo: free sram: 88403 minimal sram: 76675
I (38244549) SystemInfo: free sram: 89367 minimal sram: 76675
I (38254569) SystemInfo: free sram: 88887 minimal sram: 76675
I (38264549) SystemInfo: free sram: 89367 minimal sram: 76675
I (38274559) SystemInfo: free sram: 88919 minimal sram: 76675
I (38284549) SystemInfo: free sram: 89367 minimal sram: 76675
I (38294549) SystemInfo: free sram: 88919 minimal sram: 76675
I (38304549) SystemInfo: free sram: 89367 minimal sram: 76675
I (38314549) SystemInfo: free sram: 88919 minimal sram: 76675
I (38324549) SystemInfo: free sram: 90395 minimal sram: 76675
I (38334549) SystemInfo: free sram: 88403 minimal sram: 76675
I (38344549) SystemInfo: free sram: 89883 minimal sram: 76675
I (38354549) SystemInfo: free sram: 89431 minimal sram: 76675
I (38364549) SystemInfo: free sram: 89851 minimal sram: 76675
I (38374549) SystemInfo: free sram: 88403 minimal sram: 76675
I (38384549) SystemInfo: free sram: 89883 minimal sram: 76675
I (38394549) SystemInfo: free sram: 88403 minimal sram: 76675
I (38404549) SystemInfo: free sram: 89883 minimal sram: 76675
I (38414569) SystemInfo: free sram: 89367 minimal sram: 76675
I (38424549) SystemInfo: free sram: 89367 minimal sram: 76675
I (38434549) SystemInfo: free sram: 88919 minimal sram: 76675
I (38444549) SystemInfo: free sram: 89367 minimal sram: 76675
I (38454549) SystemInfo: free sram: 88919 minimal sram: 76675
I (38464549) SystemInfo: free sram: 89367 minimal sram: 76675
I (38474549) SystemInfo: free sram: 88887 minimal sram: 76675
I (38484549) SystemInfo: free sram: 89367 minimal sram: 76675
I (38494549) SystemInfo: free sram: 88403 minimal sram: 76675
I (38504549) SystemInfo: free sram: 89883 minimal sram: 76675
I (38514549) SystemInfo: free sram: 88403 minimal sram: 76675
I (38524549) SystemInfo: free sram: 88919 minimal sram: 76675
I (38534549) SystemInfo: free sram: 88403 minimal sram: 76675
I (38544549) SystemInfo: free sram: 89883 minimal sram: 76675
I (38554549) SystemInfo: free sram: 88403 minimal sram: 76675
I (38564549) SystemInfo: free sram: 89883 minimal sram: 76675
I (38574549) SystemInfo: free sram: 88403 minimal sram: 76675
I (38584559) SystemInfo: free sram: 88371 minimal sram: 76675
I (38594549) SystemInfo: free sram: 88919 minimal sram: 76675
I (38604569) SystemInfo: free sram: 88403 minimal sram: 76675
I (38614549) SystemInfo: free sram: 88919 minimal sram: 76675
I (38624549) SystemInfo: free sram: 89367 minimal sram: 76675
I (38634549) SystemInfo: free sram: 88919 minimal sram: 76675
I (38644549) SystemInfo: free sram: 89367 minimal sram: 76675
I (38654549) SystemInfo: free sram: 88919 minimal sram: 76675
I (38664549) SystemInfo: free sram: 89367 minimal sram: 76675
I (38674549) SystemInfo: free sram: 88403 minimal sram: 76675
I (38684549) SystemInfo: free sram: 89883 minimal sram: 76675
I (38694569) SystemInfo: free sram: 88371 minimal sram: 76675
I (38704549) SystemInfo: free sram: 89883 minimal sram: 76675
I (38714549) SystemInfo: free sram: 88403 minimal sram: 76675
I (38724569) SystemInfo: free sram: 88919 minimal sram: 76675
I (38734549) SystemInfo: free sram: 88403 minimal sram: 76675
I (38744549) SystemInfo: free sram: 89367 minimal sram: 76675
I (38754549) SystemInfo: free sram: 88403 minimal sram: 76675
I (38764549) SystemInfo: free sram: 89367 minimal sram: 76675
I (38774549) SystemInfo: free sram: 88919 minimal sram: 76675
I (38784549) SystemInfo: free sram: 89367 minimal sram: 76675
I (38794549) SystemInfo: free sram: 88919 minimal sram: 76675
I (38804549) SystemInfo: free sram: 89335 minimal sram: 76675
I (38814549) SystemInfo: free sram: 88919 minimal sram: 76675
I (38824549) SystemInfo: free sram: 89367 minimal sram: 76675
I (38834549) SystemInfo: free sram: 88403 minimal sram: 76675
I (38844549) SystemInfo: free sram: 89883 minimal sram: 76675
I (38854569) SystemInfo: free sram: 88403 minimal sram: 76675
I (38864549) SystemInfo: free sram: 89883 minimal sram: 76675
I (38874549) SystemInfo: free sram: 88403 minimal sram: 76675
I (38884549) SystemInfo: free sram: 89883 minimal sram: 76675
I (38894549) SystemInfo: free sram: 88403 minimal sram: 76675
I (38904549) SystemInfo: free sram: 89883 minimal sram: 76675
I (38914549) SystemInfo: free sram: 88371 minimal sram: 76675
I (38924549) SystemInfo: free sram: 89367 minimal sram: 76675
I (38934549) SystemInfo: free sram: 88919 minimal sram: 76675
I (38944569) SystemInfo: free sram: 88403 minimal sram: 76675
I (38954549) SystemInfo: free sram: 88919 minimal sram: 76675
I (38964559) SystemInfo: free sram: 88403 minimal sram: 76675
I (38974549) SystemInfo: free sram: 88919 minimal sram: 76675
I (38984549) SystemInfo: free sram: 89367 minimal sram: 76675
I (38994549) SystemInfo: free sram: 88919 minimal sram: 76675
I (39004549) SystemInfo: free sram: 89367 minimal sram: 76675
I (39014549) SystemInfo: free sram: 88403 minimal sram: 76675
I (39024549) SystemInfo: free sram: 89851 minimal sram: 76675
I (39034549) SystemInfo: free sram: 88403 minimal sram: 76675
I (39044569) SystemInfo: free sram: 88919 minimal sram: 76675
I (39054549) SystemInfo: free sram: 88403 minimal sram: 76675
I (39064549) SystemInfo: free sram: 89883 minimal sram: 76675
I (39074569) SystemInfo: free sram: 89883 minimal sram: 76675
I (39084549) SystemInfo: free sram: 89367 minimal sram: 76675
I (39094549) SystemInfo: free sram: 88919 minimal sram: 76675
I (39104549) SystemInfo: free sram: 89367 minimal sram: 76675
I (39114549) SystemInfo: free sram: 88919 minimal sram: 76675
I (39124549) SystemInfo: free sram: 89367 minimal sram: 76675
I (39134549) SystemInfo: free sram: 88887 minimal sram: 76675
I (39144549) SystemInfo: free sram: 89367 minimal sram: 76675
I (39154549) SystemInfo: free sram: 88919 minimal sram: 76675
I (39164559) SystemInfo: free sram: 88403 minimal sram: 76675
I (39174549) SystemInfo: free sram: 88403 minimal sram: 76675
I (39184549) SystemInfo: free sram: 89883 minimal sram: 76675
I (39194569) SystemInfo: free sram: 89367 minimal sram: 76675
I (39204549) SystemInfo: free sram: 89883 minimal sram: 76675
I (39214549) SystemInfo: free sram: 88403 minimal sram: 76675
I (39224569) SystemInfo: free sram: 88919 minimal sram: 76675
I (39234549) SystemInfo: free sram: 88403 minimal sram: 76675
I (39244549) SystemInfo: free sram: 89883 minimal sram: 76675
I (39254559) SystemInfo: free sram: 88371 minimal sram: 76675
I (39264549) SystemInfo: free sram: 89367 minimal sram: 76675
I (39274569) SystemInfo: free sram: 88919 minimal sram: 76675
I (39284549) SystemInfo: free sram: 89367 minimal sram: 76675
I (39294549) SystemInfo: free sram: 88919 minimal sram: 76675
I (39304549) SystemInfo: free sram: 89367 minimal sram: 76675
I (39314549) SystemInfo: free sram: 88919 minimal sram: 76675
I (39324549) SystemInfo: free sram: 89367 minimal sram: 76675
I (39334549) SystemInfo: free sram: 88403 minimal sram: 76675
I (39344549) SystemInfo: free sram: 89883 minimal sram: 76675
I (39354559) SystemInfo: free sram: 88403 minimal sram: 76675
I (39364549) SystemInfo: free sram: 89883 minimal sram: 76675
I (39374549) SystemInfo: free sram: 88403 minimal sram: 76675
I (39384549) SystemInfo: free sram: 89851 minimal sram: 76675
I (39394549) SystemInfo: free sram: 88403 minimal sram: 76675
I (39404549) SystemInfo: free sram: 89883 minimal sram: 76675
I (39414569) SystemInfo: free sram: 89367 minimal sram: 76675
I (39424549) SystemInfo: free sram: 89367 minimal sram: 76675
I (39434569) SystemInfo: free sram: 89883 minimal sram: 76675
I (39444549) SystemInfo: free sram: 89367 minimal sram: 76675
I (39454549) SystemInfo: free sram: 88919 minimal sram: 76675
I (39464549) SystemInfo: free sram: 88403 minimal sram: 76675
I (39474549) SystemInfo: free sram: 88919 minimal sram: 76675
I (39484549) SystemInfo: free sram: 89367 minimal sram: 76675
I (39494549) SystemInfo: free sram: 88919 minimal sram: 76675
I (39504549) SystemInfo: free sram: 89335 minimal sram: 76675
I (39514549) SystemInfo: free sram: 88403 minimal sram: 76675
I (39524549) SystemInfo: free sram: 89883 minimal sram: 76675
I (39534549) SystemInfo: free sram: 88403 minimal sram: 76675
I (39544549) SystemInfo: free sram: 89883 minimal sram: 76675
I (39554549) SystemInfo: free sram: 88403 minimal sram: 76675
I (39564549) SystemInfo: free sram: 89883 minimal sram: 76675
I (39574569) SystemInfo: free sram: 89367 minimal sram: 76675
I (39584549) SystemInfo: free sram: 89367 minimal sram: 76675
I (39594549) SystemInfo: free sram: 88403 minimal sram: 76675
I (39604549) SystemInfo: free sram: 89367 minimal sram: 76675
I (39614549) SystemInfo: free sram: 88887 minimal sram: 76675
I (39624549) SystemInfo: free sram: 89367 minimal sram: 76675
I (39634549) SystemInfo: free sram: 88919 minimal sram: 76675
I (39644549) SystemInfo: free sram: 89367 minimal sram: 76675
I (39654549) SystemInfo: free sram: 88919 minimal sram: 76675
I (39664569) SystemInfo: free sram: 89431 minimal sram: 76675
I (39674549) SystemInfo: free sram: 88403 minimal sram: 76675
I (39684559) SystemInfo: free sram: 88919 minimal sram: 76675
I (39694549) SystemInfo: free sram: 89431 minimal sram: 76675
I (39704549) SystemInfo: free sram: 89883 minimal sram: 76675
I (39714549) SystemInfo: free sram: 88403 minimal sram: 76675
I (39724549) SystemInfo: free sram: 89883 minimal sram: 76675
I (39734549) SystemInfo: free sram: 88371 minimal sram: 76675
I (39744549) SystemInfo: free sram: 89883 minimal sram: 76675
I (39754549) SystemInfo: free sram: 88403 minimal sram: 76675
I (39764549) SystemInfo: free sram: 89367 minimal sram: 76675
I (39774549) SystemInfo: free sram: 88919 minimal sram: 76675
I (39784549) SystemInfo: free sram: 89367 minimal sram: 76675
I (39794549) SystemInfo: free sram: 88919 minimal sram: 76675
I (39804549) SystemInfo: free sram: 89367 minimal sram: 76675
I (39814549) SystemInfo: free sram: 88919 minimal sram: 76675
I (39824549) SystemInfo: free sram: 89367 minimal sram: 76675
I (39834549) SystemInfo: free sram: 88919 minimal sram: 76675
I (39844549) SystemInfo: free sram: 89367 minimal sram: 76675
I (39854559) SystemInfo: free sram: 88371 minimal sram: 76675
I (39864549) SystemInfo: free sram: 89883 minimal sram: 76675
I (39874549) SystemInfo: free sram: 88403 minimal sram: 76675
I (39884549) SystemInfo: free sram: 89883 minimal sram: 76675
I (39894549) SystemInfo: free sram: 88403 minimal sram: 76675
I (39904549) SystemInfo: free sram: 89883 minimal sram: 76675
I (39914559) SystemInfo: free sram: 88403 minimal sram: 76675
I (39924549) SystemInfo: free sram: 89367 minimal sram: 76675
I (39934549) SystemInfo: free sram: 88919 minimal sram: 76675
I (39944549) SystemInfo: free sram: 89367 minimal sram: 76675
I (39954549) SystemInfo: free sram: 88919 minimal sram: 76675
I (39964549) SystemInfo: free sram: 89367 minimal sram: 76675
I (39974559) SystemInfo: free sram: 88887 minimal sram: 76675
I (39984549) SystemInfo: free sram: 89367 minimal sram: 76675
I (39994549) SystemInfo: free sram: 88919 minimal sram: 76675
I (40004549) SystemInfo: free sram: 89367 minimal sram: 76675
I (40014549) SystemInfo: free sram: 88403 minimal sram: 76675
I (40024549) SystemInfo: free sram: 89883 minimal sram: 76675
I (40034549) SystemInfo: free sram: 88403 minimal sram: 76675
I (40044549) SystemInfo: free sram: 89883 minimal sram: 76675
I (40054549) SystemInfo: free sram: 88363 minimal sram: 76675
I (40064549) SystemInfo: free sram: 89883 minimal sram: 76675
I (40074559) SystemInfo: free sram: 88403 minimal sram: 76675
I (40084549) SystemInfo: free sram: 89851 minimal sram: 76675
I (40094549) SystemInfo: free sram: 88403 minimal sram: 76675
I (40104549) SystemInfo: free sram: 89367 minimal sram: 76675
I (40114549) SystemInfo: free sram: 88919 minimal sram: 76675
I (40124549) SystemInfo: free sram: 89367 minimal sram: 76675
I (40134549) SystemInfo: free sram: 88919 minimal sram: 76675
I (40144549) SystemInfo: free sram: 89367 minimal sram: 76675
I (40154549) SystemInfo: free sram: 88919 minimal sram: 76675
I (40164569) SystemInfo: free sram: 88403 minimal sram: 76675
I (40174549) SystemInfo: free sram: 88403 minimal sram: 76675
I (40184549) SystemInfo: free sram: 89883 minimal sram: 76675
I (40194549) SystemInfo: free sram: 88371 minimal sram: 76675
I (40204549) SystemInfo: free sram: 89883 minimal sram: 76675
I (40214549) SystemInfo: free sram: 88403 minimal sram: 76675
I (40224549) SystemInfo: free sram: 89883 minimal sram: 76675
I (40234549) SystemInfo: free sram: 88403 minimal sram: 76675
I (40244549) SystemInfo: free sram: 89883 minimal sram: 76675
I (40254549) SystemInfo: free sram: 88403 minimal sram: 76675
I (40264549) SystemInfo: free sram: 89367 minimal sram: 76675
I (40274549) SystemInfo: free sram: 88919 minimal sram: 76675
I (40284549) SystemInfo: free sram: 89367 minimal sram: 76675
I (40294569) SystemInfo: free sram: 88919 minimal sram: 76675
I (40304549) SystemInfo: free sram: 89335 minimal sram: 76675
I (40314549) SystemInfo: free sram: 88919 minimal sram: 76675
I (40324549) SystemInfo: free sram: 88403 minimal sram: 76675
I (40334549) SystemInfo: free sram: 88919 minimal sram: 76675
I (40344549) SystemInfo: free sram: 89367 minimal sram: 76675
I (40354549) SystemInfo: free sram: 88403 minimal sram: 76675
I (40364549) SystemInfo: free sram: 89883 minimal sram: 76675
I (40374549) SystemInfo: free sram: 88403 minimal sram: 76675
I (40384559) SystemInfo: free sram: 88919 minimal sram: 76675
I (40394549) SystemInfo: free sram: 88403 minimal sram: 76675
I (40404549) SystemInfo: free sram: 89883 minimal sram: 76675
I (40414549) SystemInfo: free sram: 88371 minimal sram: 76675
I (40424549) SystemInfo: free sram: 89367 minimal sram: 76675
I (40434549) SystemInfo: free sram: 88403 minimal sram: 76675
I (40444549) SystemInfo: free sram: 89367 minimal sram: 76675
I (40454549) SystemInfo: free sram: 88919 minimal sram: 76675
I (40464549) SystemInfo: free sram: 89367 minimal sram: 76675
I (40474549) SystemInfo: free sram: 88919 minimal sram: 76675
I (40484549) SystemInfo: free sram: 89367 minimal sram: 76675
I (40494549) SystemInfo: free sram: 88919 minimal sram: 76675
I (40504549) SystemInfo: free sram: 89367 minimal sram: 76675
I (40514549) SystemInfo: free sram: 88403 minimal sram: 76675
I (40524549) SystemInfo: free sram: 89851 minimal sram: 76675
I (40534549) SystemInfo: free sram: 88403 minimal sram: 76675
I (40544549) SystemInfo: free sram: 89883 minimal sram: 76675
I (40554549) SystemInfo: free sram: 88403 minimal sram: 76675
I (40564549) SystemInfo: free sram: 89883 minimal sram: 76675
I (40574569) SystemInfo: free sram: 88403 minimal sram: 76675
I (40584549) SystemInfo: free sram: 89883 minimal sram: 76675
I (40594549) SystemInfo: free sram: 88403 minimal sram: 76675
I (40604569) SystemInfo: free sram: 88403 minimal sram: 76675
I (40614549) SystemInfo: free sram: 88919 minimal sram: 76675
I (40624549) SystemInfo: free sram: 89367 minimal sram: 76675
I (40634549) SystemInfo: free sram: 88887 minimal sram: 76675
I (40644549) SystemInfo: free sram: 89367 minimal sram: 76675
I (40654549) SystemInfo: free sram: 88919 minimal sram: 76675
I (40664549) SystemInfo: free sram: 89367 minimal sram: 76675
I (40674549) SystemInfo: free sram: 88919 minimal sram: 76675
I (40684549) SystemInfo: free sram: 89367 minimal sram: 76675
I (40694549) SystemInfo: free sram: 88363 minimal sram: 76675
I (40704549) SystemInfo: free sram: 89883 minimal sram: 76675
I (40714549) SystemInfo: free sram: 88403 minimal sram: 76675
I (40724549) SystemInfo: free sram: 89883 minimal sram: 76675
I (40734549) SystemInfo: free sram: 88403 minimal sram: 76675
I (40744549) SystemInfo: free sram: 89851 minimal sram: 76675
I (40754549) SystemInfo: free sram: 88403 minimal sram: 76675
I (40764549) SystemInfo: free sram: 89367 minimal sram: 76675
I (40774549) SystemInfo: free sram: 88919 minimal sram: 76675
I (40784549) SystemInfo: free sram: 89367 minimal sram: 76675
I (40794549) SystemInfo: free sram: 88919 minimal sram: 76675
I (40804549) SystemInfo: free sram: 89367 minimal sram: 76675
I (40814569) SystemInfo: free sram: 89883 minimal sram: 76675
I (40824549) SystemInfo: free sram: 89367 minimal sram: 76675
I (40834549) SystemInfo: free sram: 88919 minimal sram: 76675
I (40844569) SystemInfo: free sram: 88403 minimal sram: 76675
I (40854549) SystemInfo: free sram: 88371 minimal sram: 76675
I (40864549) SystemInfo: free sram: 89883 minimal sram: 76675
I (40874549) SystemInfo: free sram: 88403 minimal sram: 76675
I (40884549) SystemInfo: free sram: 89883 minimal sram: 76675
I (40894549) SystemInfo: free sram: 88403 minimal sram: 76675
I (40904549) SystemInfo: free sram: 89883 minimal sram: 76675
I (40914549) SystemInfo: free sram: 88403 minimal sram: 76675
I (40924549) SystemInfo: free sram: 89883 minimal sram: 76675
I (40934549) SystemInfo: free sram: 88403 minimal sram: 76675
I (40944549) SystemInfo: free sram: 89367 minimal sram: 76675
I (40954569) SystemInfo: free sram: 88919 minimal sram: 76675
I (40964549) SystemInfo: free sram: 89335 minimal sram: 76675
I (40974549) SystemInfo: free sram: 88919 minimal sram: 76675
I (40984549) SystemInfo: free sram: 89367 minimal sram: 76675
I (40994549) SystemInfo: free sram: 88919 minimal sram: 76675
I (41004549) SystemInfo: free sram: 90395 minimal sram: 76675
I (41014549) SystemInfo: free sram: 88403 minimal sram: 76675
I (41024549) SystemInfo: free sram: 89883 minimal sram: 76675
I (41034559) SystemInfo: free sram: 89431 minimal sram: 76675
I (41044549) SystemInfo: free sram: 89883 minimal sram: 76675
I (41054549) SystemInfo: free sram: 88403 minimal sram: 76675
I (41064549) SystemInfo: free sram: 89883 minimal sram: 76675
I (41074569) SystemInfo: free sram: 89335 minimal sram: 76675
I (41084549) SystemInfo: free sram: 89883 minimal sram: 76675
I (41094549) SystemInfo: free sram: 88403 minimal sram: 76675
I (41104549) SystemInfo: free sram: 89367 minimal sram: 76675
I (41114549) SystemInfo: free sram: 88919 minimal sram: 76675
I (41124549) SystemInfo: free sram: 89367 minimal sram: 76675
I (41134549) SystemInfo: free sram: 88919 minimal sram: 76675
I (41144569) SystemInfo: free sram: 88403 minimal sram: 76675
I (41154549) SystemInfo: free sram: 88919 minimal sram: 76675
I (41164549) SystemInfo: free sram: 89367 minimal sram: 76675
I (41174549) SystemInfo: free sram: 88919 minimal sram: 76675
I (41184569) SystemInfo: free sram: 88371 minimal sram: 76675
I (41194549) SystemInfo: free sram: 88403 minimal sram: 76675
I (41204549) SystemInfo: free sram: 89883 minimal sram: 76675
I (41214549) SystemInfo: free sram: 88403 minimal sram: 76675
I (41224549) SystemInfo: free sram: 89883 minimal sram: 76675
I (41234549) SystemInfo: free sram: 88403 minimal sram: 76675
I (41244549) SystemInfo: free sram: 88919 minimal sram: 76675
I (41254549) SystemInfo: free sram: 88403 minimal sram: 76675
I (41264549) SystemInfo: free sram: 89367 minimal sram: 76675
I (41274549) SystemInfo: free sram: 88403 minimal sram: 76675
I (41284549) SystemInfo: free sram: 89367 minimal sram: 76675
I (41294549) SystemInfo: free sram: 88887 minimal sram: 76675
I (41304549) SystemInfo: free sram: 89367 minimal sram: 76675
I (41314549) SystemInfo: free sram: 88919 minimal sram: 76675
I (41324549) SystemInfo: free sram: 89367 minimal sram: 76675
I (41334549) SystemInfo: free sram: 88919 minimal sram: 76675
I (41344549) SystemInfo: free sram: 88403 minimal sram: 76675
I (41354549) SystemInfo: free sram: 88403 minimal sram: 76675
I (41364549) SystemInfo: free sram: 89883 minimal sram: 76675
I (41374549) SystemInfo: free sram: 88403 minimal sram: 76675
I (41384549) SystemInfo: free sram: 89883 minimal sram: 76675
I (41394549) SystemInfo: free sram: 88403 minimal sram: 76675
I (41404549) SystemInfo: free sram: 89851 minimal sram: 76675
I (41414549) SystemInfo: free sram: 88403 minimal sram: 76675
I (41424549) SystemInfo: free sram: 89883 minimal sram: 76675
I (41434549) SystemInfo: free sram: 88403 minimal sram: 76675
I (41444549) SystemInfo: free sram: 89367 minimal sram: 76675
I (41454559) SystemInfo: free sram: 88919 minimal sram: 76675
I (41464549) SystemInfo: free sram: 89367 minimal sram: 76675
I (41474549) SystemInfo: free sram: 88919 minimal sram: 76675
I (41484549) SystemInfo: free sram: 89367 minimal sram: 76675
I (41494549) SystemInfo: free sram: 88919 minimal sram: 76675
I (41504549) SystemInfo: free sram: 89367 minimal sram: 76675
I (41514549) SystemInfo: free sram: 88887 minimal sram: 76675
I (41524549) SystemInfo: free sram: 89367 minimal sram: 76675
I (41534549) SystemInfo: free sram: 88403 minimal sram: 76675
I (41544549) SystemInfo: free sram: 89883 minimal sram: 76675
I (41554549) SystemInfo: free sram: 88403 minimal sram: 76675
I (41564559) SystemInfo: free sram: 88919 minimal sram: 76675
I (41574549) SystemInfo: free sram: 88403 minimal sram: 76675
I (41584549) SystemInfo: free sram: 89883 minimal sram: 76675
I (41594549) SystemInfo: free sram: 88403 minimal sram: 76675
I (41604549) SystemInfo: free sram: 89367 minimal sram: 76675
I (41614549) SystemInfo: free sram: 88919 minimal sram: 76675
I (41624549) SystemInfo: free sram: 89335 minimal sram: 76675
I (41634559) SystemInfo: free sram: 88887 minimal sram: 76675
I (41644549) SystemInfo: free sram: 89367 minimal sram: 76675
I (41654549) SystemInfo: free sram: 88919 minimal sram: 76675
I (41664549) SystemInfo: free sram: 89367 minimal sram: 76675
I (41674549) SystemInfo: free sram: 88919 minimal sram: 76675
I (41684549) SystemInfo: free sram: 89367 minimal sram: 76675
I (41694549) SystemInfo: free sram: 88403 minimal sram: 76675
I (41704549) SystemInfo: free sram: 89883 minimal sram: 76675
I (41714549) SystemInfo: free sram: 88403 minimal sram: 76675
I (41724549) SystemInfo: free sram: 89883 minimal sram: 76675
I (41734559) SystemInfo: free sram: 88403 minimal sram: 76675
I (41744549) SystemInfo: free sram: 89851 minimal sram: 76675
I (41754549) SystemInfo: free sram: 88403 minimal sram: 76675
I (41764549) SystemInfo: free sram: 89883 minimal sram: 76675
I (41774549) SystemInfo: free sram: 88403 minimal sram: 76675
I (41784549) SystemInfo: free sram: 89367 minimal sram: 76675
I (41794549) SystemInfo: free sram: 88919 minimal sram: 76675
I (41804549) SystemInfo: free sram: 89367 minimal sram: 76675
I (41814549) SystemInfo: free sram: 88919 minimal sram: 76675
I (41824549) SystemInfo: free sram: 89367 minimal sram: 76675
I (41834549) SystemInfo: free sram: 88919 minimal sram: 76675
I (41844549) SystemInfo: free sram: 89367 minimal sram: 76675
I (41854569) SystemInfo: free sram: 89335 minimal sram: 76675
I (41864549) SystemInfo: free sram: 89883 minimal sram: 76675
I (41874549) SystemInfo: free sram: 88403 minimal sram: 76675
I (41884549) SystemInfo: free sram: 89883 minimal sram: 76675
I (41894549) SystemInfo: free sram: 88403 minimal sram: 76675
I (41904549) SystemInfo: free sram: 89883 minimal sram: 76675
I (41914549) SystemInfo: free sram: 88403 minimal sram: 76675
I (41924549) SystemInfo: free sram: 89883 minimal sram: 76675
I (41934549) SystemInfo: free sram: 88403 minimal sram: 76675
I (41944549) SystemInfo: free sram: 89367 minimal sram: 76675
I (41954549) SystemInfo: free sram: 88919 minimal sram: 76675
I (41964569) SystemInfo: free sram: 88371 minimal sram: 76675
I (41974549) SystemInfo: free sram: 88919 minimal sram: 76675
I (41984549) SystemInfo: free sram: 89367 minimal sram: 76675
I (41994549) SystemInfo: free sram: 88919 minimal sram: 76675
I (42004549) SystemInfo: free sram: 89367 minimal sram: 76675
I (42014549) SystemInfo: free sram: 88919 minimal sram: 76675
I (42024549) SystemInfo: free sram: 88403 minimal sram: 76675
I (42034549) SystemInfo: free sram: 88403 minimal sram: 76675
I (42044549) SystemInfo: free sram: 89883 minimal sram: 76675
I (42054549) SystemInfo: free sram: 88403 minimal sram: 76675
I (42064549) SystemInfo: free sram: 89883 minimal sram: 76675
I (42074569) SystemInfo: free sram: 89335 minimal sram: 76675
I (42084549) SystemInfo: free sram: 89883 minimal sram: 76675
I (42094549) SystemInfo: free sram: 88403 minimal sram: 76675
I (42104549) SystemInfo: free sram: 89367 minimal sram: 76675
I (42114549) SystemInfo: free sram: 88403 minimal sram: 76675
I (42124549) SystemInfo: free sram: 89367 minimal sram: 76675
I (42134569) SystemInfo: free sram: 89883 minimal sram: 76675
I (42144549) SystemInfo: free sram: 89367 minimal sram: 76675
I (42154549) SystemInfo: free sram: 88919 minimal sram: 76675
I (42164549) SystemInfo: free sram: 89367 minimal sram: 76675
I (42174549) SystemInfo: free sram: 88919 minimal sram: 76675
I (42184549) SystemInfo: free sram: 89335 minimal sram: 76675
I (42194549) SystemInfo: free sram: 88403 minimal sram: 76675
I (42204549) SystemInfo: free sram: 89883 minimal sram: 76675
I (42214549) SystemInfo: free sram: 88403 minimal sram: 76675
I (42224549) SystemInfo: free sram: 89883 minimal sram: 76675
I (42234559) SystemInfo: free sram: 88403 minimal sram: 76675
I (42244549) SystemInfo: free sram: 89883 minimal sram: 76675
I (42254549) SystemInfo: free sram: 88403 minimal sram: 76675
I (42264549) SystemInfo: free sram: 89883 minimal sram: 76675
I (42274549) SystemInfo: free sram: 88403 minimal sram: 76675
I (42284549) SystemInfo: free sram: 89367 minimal sram: 76675
I (42294549) SystemInfo: free sram: 88887 minimal sram: 76675
I (42304549) SystemInfo: free sram: 89367 minimal sram: 76675
I (42314569) SystemInfo: free sram: 89883 minimal sram: 76675
I (42324549) SystemInfo: free sram: 89367 minimal sram: 76675
I (42334549) SystemInfo: free sram: 88919 minimal sram: 76675
I (42344549) SystemInfo: free sram: 90395 minimal sram: 76675
I (42354569) SystemInfo: free sram: 88919 minimal sram: 76675
I (42364549) SystemInfo: free sram: 89367 minimal sram: 76675
I (42374549) SystemInfo: free sram: 89431 minimal sram: 76675
I (42384569) SystemInfo: free sram: 88919 minimal sram: 76675
I (42394549) SystemInfo: free sram: 88403 minimal sram: 76675
I (42404549) SystemInfo: free sram: 89883 minimal sram: 76675
I (42414569) SystemInfo: free sram: 88371 minimal sram: 76675
I (42424549) SystemInfo: free sram: 89883 minimal sram: 76675
I (42434549) SystemInfo: free sram: 88403 minimal sram: 76675
I (42444549) SystemInfo: free sram: 89367 minimal sram: 76675
I (42454549) SystemInfo: free sram: 88919 minimal sram: 76675
I (42464549) SystemInfo: free sram: 89367 minimal sram: 76675
I (42474549) SystemInfo: free sram: 88919 minimal sram: 76675
I (42484549) SystemInfo: free sram: 89367 minimal sram: 76675
I (42494569) SystemInfo: free sram: 89883 minimal sram: 76675
I (42504549) SystemInfo: free sram: 89367 minimal sram: 76675
I (42514569) SystemInfo: free sram: 88919 minimal sram: 76675
I (42524549) SystemInfo: free sram: 89335 minimal sram: 76675
I (42534549) SystemInfo: free sram: 88403 minimal sram: 76675
I (42544549) SystemInfo: free sram: 89883 minimal sram: 76675
I (42554549) SystemInfo: free sram: 88403 minimal sram: 76675
I (42564549) SystemInfo: free sram: 89883 minimal sram: 76675
I (42574549) SystemInfo: free sram: 88403 minimal sram: 76675
I (42584549) SystemInfo: free sram: 89883 minimal sram: 76675
I (42594549) SystemInfo: free sram: 88403 minimal sram: 76675
I (42604559) SystemInfo: free sram: 88919 minimal sram: 76675
I (42614549) SystemInfo: free sram: 88403 minimal sram: 76675
I (42624549) SystemInfo: free sram: 89367 minimal sram: 76675
I (42634569) SystemInfo: free sram: 89851 minimal sram: 76675
I (42644549) SystemInfo: free sram: 89367 minimal sram: 76675
I (42654549) SystemInfo: free sram: 88919 minimal sram: 76675
I (42664559) SystemInfo: free sram: 88403 minimal sram: 76675
I (42674549) SystemInfo: free sram: 88919 minimal sram: 76675
I (42684549) SystemInfo: free sram: 89367 minimal sram: 76675
I (42694559) SystemInfo: free sram: 88403 minimal sram: 76675
I (42704549) SystemInfo: free sram: 89883 minimal sram: 76675
I (42714559) SystemInfo: free sram: 88403 minimal sram: 76675
I (42724549) SystemInfo: free sram: 89883 minimal sram: 76675
I (42734549) SystemInfo: free sram: 88403 minimal sram: 76675
I (42744549) SystemInfo: free sram: 89851 minimal sram: 76675
I (42754549) SystemInfo: free sram: 88403 minimal sram: 76675
I (42764549) SystemInfo: free sram: 89883 minimal sram: 76675
I (42774549) SystemInfo: free sram: 88403 minimal sram: 76675
I (42784549) SystemInfo: free sram: 89367 minimal sram: 76675
I (42794549) SystemInfo: free sram: 88919 minimal sram: 76675
I (42804549) SystemInfo: free sram: 89367 minimal sram: 76675
I (42814549) SystemInfo: free sram: 88919 minimal sram: 76675
I (42824549) SystemInfo: free sram: 89367 minimal sram: 76675
I (42834549) SystemInfo: free sram: 88919 minimal sram: 76675
I (42844549) SystemInfo: free sram: 89367 minimal sram: 76675
I (42854569) SystemInfo: free sram: 89851 minimal sram: 76675
I (42864549) SystemInfo: free sram: 89367 minimal sram: 76675
I (42874549) SystemInfo: free sram: 88403 minimal sram: 76675
I (42884569) SystemInfo: free sram: 88919 minimal sram: 76675
I (42894549) SystemInfo: free sram: 88403 minimal sram: 76675
I (42904549) SystemInfo: free sram: 89883 minimal sram: 76675
I (42914559) SystemInfo: free sram: 88403 minimal sram: 76675
I (42924549) SystemInfo: free sram: 89883 minimal sram: 76675
I (42934559) SystemInfo: free sram: 88403 minimal sram: 76675
I (42944549) SystemInfo: free sram: 89367 minimal sram: 76675
I (42954549) SystemInfo: free sram: 88403 minimal sram: 76675
I (42964549) SystemInfo: free sram: 89335 minimal sram: 76675
I (42974549) SystemInfo: free sram: 88919 minimal sram: 76675
I (42984549) SystemInfo: free sram: 89367 minimal sram: 76675
I (42994549) SystemInfo: free sram: 88919 minimal sram: 76675
I (43004549) SystemInfo: free sram: 89367 minimal sram: 76675
I (43014559) SystemInfo: free sram: 88919 minimal sram: 76675
I (43024549) SystemInfo: free sram: 89367 minimal sram: 76675
I (43034549) SystemInfo: free sram: 88403 minimal sram: 76675
I (43044549) SystemInfo: free sram: 89883 minimal sram: 76675
I (43054549) SystemInfo: free sram: 88403 minimal sram: 76675
I (43064549) SystemInfo: free sram: 89883 minimal sram: 76675
I (43074569) SystemInfo: free sram: 88371 minimal sram: 76675
I (43084549) SystemInfo: free sram: 89883 minimal sram: 76675
I (43094569) SystemInfo: free sram: 89367 minimal sram: 76675
I (43104549) SystemInfo: free sram: 89883 minimal sram: 76675
I (43114549) SystemInfo: free sram: 88403 minimal sram: 76675
I (43124559) SystemInfo: free sram: 88403 minimal sram: 76675
I (43134549) SystemInfo: free sram: 88919 minimal sram: 76675
I (43144549) SystemInfo: free sram: 89367 minimal sram: 76675
I (43154549) SystemInfo: free sram: 88919 minimal sram: 76675
I (43164549) SystemInfo: free sram: 89367 minimal sram: 76675
I (43174549) SystemInfo: free sram: 88919 minimal sram: 76675
I (43184549) SystemInfo: free sram: 88371 minimal sram: 76675
I (43194549) SystemInfo: free sram: 88919 minimal sram: 76675
I (43204549) SystemInfo: free sram: 89367 minimal sram: 76675
I (43214549) SystemInfo: free sram: 88403 minimal sram: 76675
I (43224549) SystemInfo: free sram: 89883 minimal sram: 76675
I (43234569) SystemInfo: free sram: 88403 minimal sram: 76675
I (43244549) SystemInfo: free sram: 89883 minimal sram: 76675
I (43254549) SystemInfo: free sram: 88403 minimal sram: 76675
I (43264549) SystemInfo: free sram: 89883 minimal sram: 76675
I (43274549) SystemInfo: free sram: 88403 minimal sram: 76675
I (43284549) SystemInfo: free sram: 89367 minimal sram: 76675
I (43294549) SystemInfo: free sram: 88887 minimal sram: 76675
I (43304549) SystemInfo: free sram: 89367 minimal sram: 76675
I (43314549) SystemInfo: free sram: 88919 minimal sram: 76675
I (43324549) SystemInfo: free sram: 89367 minimal sram: 76675
I (43334549) SystemInfo: free sram: 88919 minimal sram: 76675
I (43344549) SystemInfo: free sram: 89367 minimal sram: 76675
I (43354559) SystemInfo: free sram: 88919 minimal sram: 76675
I (43364549) SystemInfo: free sram: 89367 minimal sram: 76675
I (43374549) SystemInfo: free sram: 88403 minimal sram: 76675
I (43384549) SystemInfo: free sram: 89883 minimal sram: 76675
I (43394549) SystemInfo: free sram: 88403 minimal sram: 76675
I (43404549) SystemInfo: free sram: 89851 minimal sram: 76675
I (43414549) SystemInfo: free sram: 88403 minimal sram: 76675
I (43424549) SystemInfo: free sram: 89843 minimal sram: 76675
I (43434559) SystemInfo: free sram: 88403 minimal sram: 76675
I (43444549) SystemInfo: free sram: 89883 minimal sram: 76675
I (43454549) SystemInfo: free sram: 88403 minimal sram: 76675
I (43464549) SystemInfo: free sram: 89367 minimal sram: 76675
I (43474549) SystemInfo: free sram: 88919 minimal sram: 76675
I (43484549) SystemInfo: free sram: 89367 minimal sram: 76675
I (43494559) SystemInfo: free sram: 88919 minimal sram: 76675
I (43504549) SystemInfo: free sram: 89367 minimal sram: 76675
I (43514569) SystemInfo: free sram: 89883 minimal sram: 76675
I (43524549) SystemInfo: free sram: 89335 minimal sram: 76675
I (43534549) SystemInfo: free sram: 88403 minimal sram: 76675
I (43544549) SystemInfo: free sram: 89883 minimal sram: 76675
I (43554549) SystemInfo: free sram: 88403 minimal sram: 76675
I (43564549) SystemInfo: free sram: 89883 minimal sram: 76675
I (43574549) SystemInfo: free sram: 88403 minimal sram: 76675
I (43584549) SystemInfo: free sram: 89883 minimal sram: 76675
I (43594549) SystemInfo: free sram: 88403 minimal sram: 76675
I (43604569) SystemInfo: free sram: 88919 minimal sram: 76675
I (43614549) SystemInfo: free sram: 88403 minimal sram: 76675
I (43624549) SystemInfo: free sram: 89367 minimal sram: 76675
I (43634549) SystemInfo: free sram: 88887 minimal sram: 76675
I (43644549) SystemInfo: free sram: 89367 minimal sram: 76675
I (43654549) SystemInfo: free sram: 88919 minimal sram: 76675
I (43664549) SystemInfo: free sram: 89367 minimal sram: 76675
I (43674549) SystemInfo: free sram: 88919 minimal sram: 76675
I (43684549) SystemInfo: free sram: 90395 minimal sram: 76675
I (43694549) SystemInfo: free sram: 88919 minimal sram: 76675
I (43704549) SystemInfo: free sram: 89367 minimal sram: 76675
I (43714549) SystemInfo: free sram: 89431 minimal sram: 76675
I (43724549) SystemInfo: free sram: 89883 minimal sram: 76675
I (43734549) SystemInfo: free sram: 88403 minimal sram: 76675
I (43744549) SystemInfo: free sram: 89851 minimal sram: 76675
I (43754549) SystemInfo: free sram: 88403 minimal sram: 76675
I (43764549) SystemInfo: free sram: 89843 minimal sram: 76675
I (43774549) SystemInfo: free sram: 88403 minimal sram: 76675
I (43784549) SystemInfo: free sram: 89367 minimal sram: 76675
I (43794549) SystemInfo: free sram: 88403 minimal sram: 76675
I (43804549) SystemInfo: free sram: 89367 minimal sram: 76675
I (43814549) SystemInfo: free sram: 88919 minimal sram: 76675
I (43824549) SystemInfo: free sram: 89367 minimal sram: 76675
I (43834549) SystemInfo: free sram: 88919 minimal sram: 76675
I (43844549) SystemInfo: free sram: 89367 minimal sram: 76675
I (43854549) SystemInfo: free sram: 88887 minimal sram: 76675
I (43864549) SystemInfo: free sram: 89367 minimal sram: 76675
I (43874549) SystemInfo: free sram: 88403 minimal sram: 76675
I (43884549) SystemInfo: free sram: 89883 minimal sram: 76675
I (43894549) SystemInfo: free sram: 88403 minimal sram: 76675
I (43904549) SystemInfo: free sram: 89883 minimal sram: 76675
I (43914549) SystemInfo: free sram: 88403 minimal sram: 76675
I (43924549) SystemInfo: free sram: 89883 minimal sram: 76675
I (43934569) SystemInfo: free sram: 89367 minimal sram: 76675
I (43944549) SystemInfo: free sram: 89883 minimal sram: 76675
I (43954559) SystemInfo: free sram: 88403 minimal sram: 76675
I (43964549) SystemInfo: free sram: 89335 minimal sram: 76675
I (43974549) SystemInfo: free sram: 88919 minimal sram: 76675
I (43984549) SystemInfo: free sram: 89367 minimal sram: 76675
I (43994549) SystemInfo: free sram: 88919 minimal sram: 76675
I (44004549) SystemInfo: free sram: 89367 minimal sram: 76675
I (44014569) SystemInfo: free sram: 88919 minimal sram: 76675
I (44024549) SystemInfo: free sram: 89367 minimal sram: 76675
I (44034559) SystemInfo: free sram: 88919 minimal sram: 76675
I (44044549) SystemInfo: free sram: 89367 minimal sram: 76675
I (44054549) SystemInfo: free sram: 88403 minimal sram: 76675
I (44064549) SystemInfo: free sram: 89843 minimal sram: 76675
I (44074569) SystemInfo: free sram: 89335 minimal sram: 76675
I (44084549) SystemInfo: free sram: 89883 minimal sram: 76675
I (44094549) SystemInfo: free sram: 88403 minimal sram: 76675
I (44104549) SystemInfo: free sram: 89883 minimal sram: 76675
I (44114549) SystemInfo: free sram: 88403 minimal sram: 76675
I (44124549) SystemInfo: free sram: 89367 minimal sram: 76675
I (44134559) SystemInfo: free sram: 88919 minimal sram: 76675
I (44144549) SystemInfo: free sram: 89367 minimal sram: 76675
I (44154549) SystemInfo: free sram: 88919 minimal sram: 76675
I (44164549) SystemInfo: free sram: 89367 minimal sram: 76675
I (44174549) SystemInfo: free sram: 88919 minimal sram: 76675
I (44184549) SystemInfo: free sram: 89335 minimal sram: 76675
I (44194549) SystemInfo: free sram: 88919 minimal sram: 76675
I (44204549) SystemInfo: free sram: 89367 minimal sram: 76675
I (44214549) SystemInfo: free sram: 88403 minimal sram: 76675
I (44224549) SystemInfo: free sram: 89883 minimal sram: 76675
I (44234549) SystemInfo: free sram: 88403 minimal sram: 76675
I (44244549) SystemInfo: free sram: 89883 minimal sram: 76675
I (44254549) SystemInfo: free sram: 88403 minimal sram: 76675
I (44264549) SystemInfo: free sram: 89883 minimal sram: 76675
I (44274549) SystemInfo: free sram: 88403 minimal sram: 76675
I (44284549) SystemInfo: free sram: 89883 minimal sram: 76675
I (44294559) SystemInfo: free sram: 88371 minimal sram: 76675
I (44304549) SystemInfo: free sram: 89367 minimal sram: 76675
I (44314549) SystemInfo: free sram: 88919 minimal sram: 76675
I (44324549) SystemInfo: free sram: 89367 minimal sram: 76675
I (44334549) SystemInfo: free sram: 88919 minimal sram: 76675
I (44344549) SystemInfo: free sram: 89367 minimal sram: 76675
I (44354569) SystemInfo: free sram: 89883 minimal sram: 76675
I (44364549) SystemInfo: free sram: 89367 minimal sram: 76675
I (44374549) SystemInfo: free sram: 88403 minimal sram: 76675
I (44384549) SystemInfo: free sram: 89883 minimal sram: 76675
I (44394549) SystemInfo: free sram: 88403 minimal sram: 76675
I (44404549) SystemInfo: free sram: 89851 minimal sram: 76675
I (44414569) SystemInfo: free sram: 89335 minimal sram: 76675
I (44424549) SystemInfo: free sram: 89883 minimal sram: 76675
I (44434549) SystemInfo: free sram: 88403 minimal sram: 76675
I (44444549) SystemInfo: free sram: 89883 minimal sram: 76675
I (44454549) SystemInfo: free sram: 88403 minimal sram: 76675
I (44464549) SystemInfo: free sram: 89367 minimal sram: 76675
I (44474549) SystemInfo: free sram: 88919 minimal sram: 76675
I (44484549) SystemInfo: free sram: 89367 minimal sram: 76675
I (44494549) SystemInfo: free sram: 88919 minimal sram: 76675
I (44504549) SystemInfo: free sram: 89367 minimal sram: 76675
I (44514549) SystemInfo: free sram: 88919 minimal sram: 76675
I (44524549) SystemInfo: free sram: 89335 minimal sram: 76675
I (44534549) SystemInfo: free sram: 88919 minimal sram: 76675
I (44544549) SystemInfo: free sram: 89367 minimal sram: 76675
I (44554549) SystemInfo: free sram: 88403 minimal sram: 76675
I (44564549) SystemInfo: free sram: 89883 minimal sram: 76675
I (44574549) SystemInfo: free sram: 88403 minimal sram: 76675
I (44584549) SystemInfo: free sram: 89883 minimal sram: 76675
I (44594549) SystemInfo: free sram: 88403 minimal sram: 76675
I (44604569) SystemInfo: free sram: 88919 minimal sram: 76675
I (44614549) SystemInfo: free sram: 88403 minimal sram: 76675
I (44624549) SystemInfo: free sram: 89367 minimal sram: 76675
I (44634549) SystemInfo: free sram: 88371 minimal sram: 76675
I (44644549) SystemInfo: free sram: 89367 minimal sram: 76675
I (44654549) SystemInfo: free sram: 88919 minimal sram: 76675
I (44664549) SystemInfo: free sram: 89367 minimal sram: 76675
I (44674549) SystemInfo: free sram: 88919 minimal sram: 76675
I (44684559) SystemInfo: free sram: 88403 minimal sram: 76675
I (44694549) SystemInfo: free sram: 88919 minimal sram: 76675
I (44704549) SystemInfo: free sram: 89327 minimal sram: 76675
I (44714559) SystemInfo: free sram: 88403 minimal sram: 76675
I (44724549) SystemInfo: free sram: 89883 minimal sram: 76675
I (44734549) SystemInfo: free sram: 88403 minimal sram: 76675
I (44744549) SystemInfo: free sram: 89851 minimal sram: 76675
I (44754549) SystemInfo: free sram: 88403 minimal sram: 76675
I (44764549) SystemInfo: free sram: 88919 minimal sram: 76675
I (44774549) SystemInfo: free sram: 88403 minimal sram: 76675
I (44784549) SystemInfo: free sram: 89883 minimal sram: 76675
I (44794569) SystemInfo: free sram: 88403 minimal sram: 76675
I (44804549) SystemInfo: free sram: 89367 minimal sram: 76675
I (44814569) SystemInfo: free sram: 88731 minimal sram: 76675
I (44824549) SystemInfo: free sram: 89179 minimal sram: 76675
I (44834549) SystemInfo: free sram: 88731 minimal sram: 76675
I (44844569) SystemInfo: free sram: 88215 minimal sram: 76675
I (44854549) SystemInfo: free sram: 88699 minimal sram: 76675
I (44864549) SystemInfo: free sram: 89179 minimal sram: 76675
I (44874549) SystemInfo: free sram: 88731 minimal sram: 76675
I (44884549) SystemInfo: free sram: 89179 minimal sram: 76675
I (44894549) SystemInfo: free sram: 88215 minimal sram: 76675
I (44904549) SystemInfo: free sram: 89695 minimal sram: 76675
I (44914549) SystemInfo: free sram: 88215 minimal sram: 76675
I (44924569) SystemInfo: free sram: 88731 minimal sram: 76675
I (44934549) SystemInfo: free sram: 88215 minimal sram: 76675
I (44944549) SystemInfo: free sram: 89695 minimal sram: 76675
I (44954549) SystemInfo: free sram: 88215 minimal sram: 76675
I (44964549) SystemInfo: free sram: 89147 minimal sram: 76675
I (44974549) SystemInfo: free sram: 88731 minimal sram: 76675
I (44984549) SystemInfo: free sram: 89179 minimal sram: 76675
I (44994559) SystemInfo: free sram: 88731 minimal sram: 76675
I (45004549) SystemInfo: free sram: 89179 minimal sram: 76675
I (45014549) SystemInfo: free sram: 88731 minimal sram: 76675
I (45024549) SystemInfo: free sram: 90207 minimal sram: 76675
I (45034549) SystemInfo: free sram: 88731 minimal sram: 76675
I (45044549) SystemInfo: free sram: 89139 minimal sram: 76675
I (45054549) SystemInfo: free sram: 89243 minimal sram: 76675
I (45064549) SystemInfo: free sram: 89695 minimal sram: 76675
I (45074549) SystemInfo: free sram: 88183 minimal sram: 76675
I (45084549) SystemInfo: free sram: 90211 minimal sram: 76675
I (45094549) SystemInfo: free sram: 88215 minimal sram: 76675
I (45104549) SystemInfo: free sram: 89695 minimal sram: 76675
I (45114549) SystemInfo: free sram: 88215 minimal sram: 76675
I (45124549) SystemInfo: free sram: 89695 minimal sram: 76675
I (45134549) SystemInfo: free sram: 88215 minimal sram: 76675
I (45144549) SystemInfo: free sram: 89179 minimal sram: 76675
I (45154549) SystemInfo: free sram: 88731 minimal sram: 76675
I (45164569) SystemInfo: free sram: 88215 minimal sram: 76675
I (45174549) SystemInfo: free sram: 88731 minimal sram: 76675
I (45184569) SystemInfo: free sram: 88215 minimal sram: 76675
I (45194549) SystemInfo: free sram: 88699 minimal sram: 76675
I (45204549) SystemInfo: free sram: 89695 minimal sram: 76675
I (45214549) SystemInfo: free sram: 88215 minimal sram: 76675
I (45224549) SystemInfo: free sram: 89695 minimal sram: 76675
I (45234549) SystemInfo: free sram: 88215 minimal sram: 76675
I (45244549) SystemInfo: free sram: 89695 minimal sram: 76675
I (45254549) SystemInfo: free sram: 88731 minimal sram: 76675
I (45264549) SystemInfo: free sram: 89695 minimal sram: 76675
I (45274549) SystemInfo: free sram: 88215 minimal sram: 76675
I (45284549) SystemInfo: free sram: 89695 minimal sram: 76675
I (45294569) SystemInfo: free sram: 88215 minimal sram: 76675
I (45304549) SystemInfo: free sram: 89147 minimal sram: 76675
I (45314549) SystemInfo: free sram: 88731 minimal sram: 76675
I (45324549) SystemInfo: free sram: 89179 minimal sram: 76675
I (45334549) SystemInfo: free sram: 88731 minimal sram: 76675
I (45344549) SystemInfo: free sram: 89179 minimal sram: 76675
I (45354569) SystemInfo: free sram: 88731 minimal sram: 76675
I (45364549) SystemInfo: free sram: 89695 minimal sram: 76675
I (45374549) SystemInfo: free sram: 89247 minimal sram: 76675
I (45384549) SystemInfo: free sram: 89179 minimal sram: 76675
I (45394549) SystemInfo: free sram: 88731 minimal sram: 76675
I (45404549) SystemInfo: free sram: 89695 minimal sram: 76675
I (45414549) SystemInfo: free sram: 88183 minimal sram: 76675
I (45424549) SystemInfo: free sram: 89695 minimal sram: 76675
I (45434549) SystemInfo: free sram: 88215 minimal sram: 76675
I (45444549) SystemInfo: free sram: 89695 minimal sram: 76675
I (45454549) SystemInfo: free sram: 88215 minimal sram: 76675
I (45464549) SystemInfo: free sram: 89179 minimal sram: 76675
I (45474549) SystemInfo: free sram: 88215 minimal sram: 76675
I (45484549) SystemInfo: free sram: 89179 minimal sram: 76675
I (45494549) SystemInfo: free sram: 88731 minimal sram: 76675
I (45504549) SystemInfo: free sram: 89179 minimal sram: 76675
I (45514569) SystemInfo: free sram: 89695 minimal sram: 76675
I (45524549) SystemInfo: free sram: 89147 minimal sram: 76675
I (45534549) SystemInfo: free sram: 88731 minimal sram: 76675
I (45544549) SystemInfo: free sram: 88215 minimal sram: 76675
I (45554549) SystemInfo: free sram: 88215 minimal sram: 76675
I (45564549) SystemInfo: free sram: 89695 minimal sram: 76675
I (45574549) SystemInfo: free sram: 88215 minimal sram: 76675
I (45584549) SystemInfo: free sram: 89695 minimal sram: 76675
I (45594559) SystemInfo: free sram: 88215 minimal sram: 76675
I (45604549) SystemInfo: free sram: 89695 minimal sram: 76675
I (45614549) SystemInfo: free sram: 88215 minimal sram: 76675
I (45624549) SystemInfo: free sram: 89695 minimal sram: 76675
I (45634549) SystemInfo: free sram: 88183 minimal sram: 76675
I (45644549) SystemInfo: free sram: 89695 minimal sram: 76675
I (45654549) SystemInfo: free sram: 88731 minimal sram: 76675
I (45664549) SystemInfo: free sram: 89179 minimal sram: 76675
I (45674549) SystemInfo: free sram: 88731 minimal sram: 76675
I (45684549) SystemInfo: free sram: 89179 minimal sram: 76675
I (45694549) SystemInfo: free sram: 88731 minimal sram: 76675
I (45704569) SystemInfo: free sram: 88215 minimal sram: 76675
I (45714549) SystemInfo: free sram: 88731 minimal sram: 76675
I (45724549) SystemInfo: free sram: 89179 minimal sram: 76675
I (45734549) SystemInfo: free sram: 88215 minimal sram: 76675
I (45744549) SystemInfo: free sram: 89663 minimal sram: 76675
I (45754549) SystemInfo: free sram: 88215 minimal sram: 76675
I (45764549) SystemInfo: free sram: 89695 minimal sram: 76675
I (45774549) SystemInfo: free sram: 88215 minimal sram: 76675
I (45784549) SystemInfo: free sram: 89695 minimal sram: 76675
I (45794569) SystemInfo: free sram: 89695 minimal sram: 76675
I (45804559) SystemInfo: free sram: 88215 minimal sram: 76675
I (45814549) SystemInfo: free sram: 88731 minimal sram: 76675
I (45824549) SystemInfo: free sram: 89179 minimal sram: 76675
I (45834549) SystemInfo: free sram: 88731 minimal sram: 76675
I (45844549) SystemInfo: free sram: 89179 minimal sram: 76675
I (45854549) SystemInfo: free sram: 88699 minimal sram: 76675
I (45864549) SystemInfo: free sram: 89179 minimal sram: 76675
I (45874549) SystemInfo: free sram: 88731 minimal sram: 76675
I (45884549) SystemInfo: free sram: 89179 minimal sram: 76675
I (45894549) SystemInfo: free sram: 88731 minimal sram: 76675
I (45904549) SystemInfo: free sram: 89695 minimal sram: 76675
I (45914569) SystemInfo: free sram: 88215 minimal sram: 76675
I (45924549) SystemInfo: free sram: 89695 minimal sram: 76675
I (45934549) SystemInfo: free sram: 88215 minimal sram: 76675
I (45944549) SystemInfo: free sram: 89695 minimal sram: 76675
I (45954549) SystemInfo: free sram: 88215 minimal sram: 76675
I (45964549) SystemInfo: free sram: 89695 minimal sram: 76675
I (45974569) SystemInfo: free sram: 89147 minimal sram: 76675
I (45984549) SystemInfo: free sram: 89179 minimal sram: 76675
I (45994549) SystemInfo: free sram: 89247 minimal sram: 76675
I (46004569) SystemInfo: free sram: 88215 minimal sram: 76675
I (46014549) SystemInfo: free sram: 88731 minimal sram: 76675
I (46024569) SystemInfo: free sram: 88215 minimal sram: 76675
I (46034549) SystemInfo: free sram: 88731 minimal sram: 76675
I (46044549) SystemInfo: free sram: 89179 minimal sram: 76675
I (46054559) SystemInfo: free sram: 88215 minimal sram: 76675
I (46064549) SystemInfo: free sram: 89695 minimal sram: 76675
I (46074549) SystemInfo: free sram: 88215 minimal sram: 76675
I (46084549) SystemInfo: free sram: 89663 minimal sram: 76675
I (46094549) SystemInfo: free sram: 88215 minimal sram: 76675
I (46104549) SystemInfo: free sram: 89695 minimal sram: 76675
I (46114549) SystemInfo: free sram: 88215 minimal sram: 76675
I (46124549) SystemInfo: free sram: 89695 minimal sram: 76675
I (46134559) SystemInfo: free sram: 88215 minimal sram: 76675
I (46144549) SystemInfo: free sram: 89179 minimal sram: 76675
I (46154549) SystemInfo: free sram: 88731 minimal sram: 76675
I (46164549) SystemInfo: free sram: 89179 minimal sram: 76675
I (46174549) SystemInfo: free sram: 88731 minimal sram: 76675
I (46184549) SystemInfo: free sram: 89179 minimal sram: 76675
I (46194549) SystemInfo: free sram: 88731 minimal sram: 76675
I (46204549) SystemInfo: free sram: 89147 minimal sram: 76675
I (46214549) SystemInfo: free sram: 88731 minimal sram: 76675
I (46224569) SystemInfo: free sram: 88215 minimal sram: 76675
I (46234549) SystemInfo: free sram: 88215 minimal sram: 76675
I (46244549) SystemInfo: free sram: 89695 minimal sram: 76675
I (46254569) SystemInfo: free sram: 89179 minimal sram: 76675
I (46264549) SystemInfo: free sram: 89695 minimal sram: 76675
I (46274549) SystemInfo: free sram: 88215 minimal sram: 76675
I (46284549) SystemInfo: free sram: 89695 minimal sram: 76675
I (46294549) SystemInfo: free sram: 88215 minimal sram: 76675
I (46304549) SystemInfo: free sram: 89179 minimal sram: 76675
I (46314569) SystemInfo: free sram: 88183 minimal sram: 76675
I (46324549) SystemInfo: free sram: 89179 minimal sram: 76675
I (46334569) SystemInfo: free sram: 88731 minimal sram: 76675
I (46344549) SystemInfo: free sram: 89179 minimal sram: 76675
I (46354549) SystemInfo: free sram: 88731 minimal sram: 76675
I (46364549) SystemInfo: free sram: 90207 minimal sram: 76675
I (46374549) SystemInfo: free sram: 88731 minimal sram: 76675
I (46384549) SystemInfo: free sram: 89179 minimal sram: 76675
I (46394549) SystemInfo: free sram: 89759 minimal sram: 76675
I (46404549) SystemInfo: free sram: 89695 minimal sram: 76675
I (46414559) SystemInfo: free sram: 88215 minimal sram: 76675
I (46424549) SystemInfo: free sram: 89663 minimal sram: 76675
I (46434549) SystemInfo: free sram: 88215 minimal sram: 76675
I (46444549) SystemInfo: free sram: 89695 minimal sram: 76675
I (46454549) SystemInfo: free sram: 88215 minimal sram: 76675
I (46464549) SystemInfo: free sram: 89695 minimal sram: 76675
I (46474549) SystemInfo: free sram: 88215 minimal sram: 76675
I (46484549) SystemInfo: free sram: 89179 minimal sram: 76675
I (46494549) SystemInfo: free sram: 88731 minimal sram: 76675
I (46504549) SystemInfo: free sram: 89179 minimal sram: 76675
I (46514549) SystemInfo: free sram: 88731 minimal sram: 76675
I (46524549) SystemInfo: free sram: 89179 minimal sram: 76675
I (46534549) SystemInfo: free sram: 88699 minimal sram: 76675
I (46544549) SystemInfo: free sram: 89179 minimal sram: 76675
I (46554549) SystemInfo: free sram: 88731 minimal sram: 76675
I (46564549) SystemInfo: free sram: 89179 minimal sram: 76675
I (46574549) SystemInfo: free sram: 88731 minimal sram: 76675
I (46584549) SystemInfo: free sram: 89695 minimal sram: 76675
I (46594549) SystemInfo: free sram: 88215 minimal sram: 76675
I (46604549) SystemInfo: free sram: 89695 minimal sram: 76675
I (46614549) SystemInfo: free sram: 88731 minimal sram: 76675
I (46624549) SystemInfo: free sram: 89695 minimal sram: 76675
I (46634549) SystemInfo: free sram: 88215 minimal sram: 76675
I (46644549) SystemInfo: free sram: 89147 minimal sram: 76675
I (46654549) SystemInfo: free sram: 88731 minimal sram: 76675
I (46664549) SystemInfo: free sram: 88175 minimal sram: 76675
I (46674549) SystemInfo: free sram: 88731 minimal sram: 76675
I (46684549) SystemInfo: free sram: 89179 minimal sram: 76675
I (46694549) SystemInfo: free sram: 88731 minimal sram: 76675
I (46704549) SystemInfo: free sram: 88731 minimal sram: 76675
I (46714549) SystemInfo: free sram: 88731 minimal sram: 76675
I (46724549) SystemInfo: free sram: 89179 minimal sram: 76675
I (46734559) SystemInfo: free sram: 88215 minimal sram: 76675
I (46744549) SystemInfo: free sram: 89695 minimal sram: 76675
I (46754549) SystemInfo: free sram: 88215 minimal sram: 76675
I (46764549) SystemInfo: free sram: 88699 minimal sram: 76675
I (46774549) SystemInfo: free sram: 88215 minimal sram: 76675
I (46784549) SystemInfo: free sram: 89695 minimal sram: 76675
I (46794549) SystemInfo: free sram: 88175 minimal sram: 76675
I (46804549) SystemInfo: free sram: 89695 minimal sram: 76675
I (46814569) SystemInfo: free sram: 89179 minimal sram: 76675
I (46824549) SystemInfo: free sram: 89179 minimal sram: 76675
I (46834549) SystemInfo: free sram: 88731 minimal sram: 76675
I (46844569) SystemInfo: free sram: 88215 minimal sram: 76675
I (46854549) SystemInfo: free sram: 88731 minimal sram: 76675
I (46864549) SystemInfo: free sram: 89179 minimal sram: 76675
I (46874569) SystemInfo: free sram: 89663 minimal sram: 76675
I (46884549) SystemInfo: free sram: 89179 minimal sram: 76675
I (46894549) SystemInfo: free sram: 88215 minimal sram: 76675
I (46904549) SystemInfo: free sram: 89695 minimal sram: 76675
I (46914549) SystemInfo: free sram: 88215 minimal sram: 76675
I (46924559) SystemInfo: free sram: 88731 minimal sram: 76675
I (46934549) SystemInfo: free sram: 88215 minimal sram: 76675
I (46944549) SystemInfo: free sram: 89695 minimal sram: 76675
I (46954569) SystemInfo: free sram: 88215 minimal sram: 76675
I (46964549) SystemInfo: free sram: 89695 minimal sram: 76675
I (46974559) SystemInfo: free sram: 88215 minimal sram: 76675
I (46984569) SystemInfo: free sram: 88699 minimal sram: 76675
I (46994549) SystemInfo: free sram: 88731 minimal sram: 76675
I (47004569) SystemInfo: free sram: 88215 minimal sram: 76675
I (47014549) SystemInfo: free sram: 88731 minimal sram: 76675
I (47024549) SystemInfo: free sram: 89179 minimal sram: 76675
I (47034549) SystemInfo: free sram: 88731 minimal sram: 76675
I (47044549) SystemInfo: free sram: 89179 minimal sram: 76675
I (47054559) SystemInfo: free sram: 88731 minimal sram: 76675
I (47064549) SystemInfo: free sram: 89179 minimal sram: 76675
I (47074549) SystemInfo: free sram: 88215 minimal sram: 76675
I (47084549) SystemInfo: free sram: 89695 minimal sram: 76675
I (47094549) SystemInfo: free sram: 88183 minimal sram: 76675
I (47104549) SystemInfo: free sram: 89695 minimal sram: 76675
I (47114549) SystemInfo: free sram: 88215 minimal sram: 76675
I (47124549) SystemInfo: free sram: 89695 minimal sram: 76675
I (47134549) SystemInfo: free sram: 88215 minimal sram: 76675
I (47144549) SystemInfo: free sram: 88215 minimal sram: 76675
I (47154549) SystemInfo: free sram: 88215 minimal sram: 76675
I (47164549) SystemInfo: free sram: 89179 minimal sram: 76675
I (47174549) SystemInfo: free sram: 88731 minimal sram: 76675
I (47184549) SystemInfo: free sram: 89179 minimal sram: 76675
I (47194569) SystemInfo: free sram: 89695 minimal sram: 76675
I (47204549) SystemInfo: free sram: 89147 minimal sram: 76675
I (47214549) SystemInfo: free sram: 88731 minimal sram: 76675
I (47224549) SystemInfo: free sram: 88215 minimal sram: 76675
I (47234549) SystemInfo: free sram: 88215 minimal sram: 76675
I (47244549) SystemInfo: free sram: 89695 minimal sram: 76675
I (47254549) SystemInfo: free sram: 88215 minimal sram: 76675
I (47264549) SystemInfo: free sram: 89695 minimal sram: 76675
I (47274549) SystemInfo: free sram: 88215 minimal sram: 76675
I (47284549) SystemInfo: free sram: 89695 minimal sram: 76675
I (47294549) SystemInfo: free sram: 88215 minimal sram: 76675
I (47304549) SystemInfo: free sram: 89695 minimal sram: 76675
I (47314549) SystemInfo: free sram: 88183 minimal sram: 76675
I (47324549) SystemInfo: free sram: 89179 minimal sram: 76675
I (47334549) SystemInfo: free sram: 88731 minimal sram: 76675
I (47344549) SystemInfo: free sram: 89179 minimal sram: 76675
I (47354549) SystemInfo: free sram: 89247 minimal sram: 76675
I (47364549) SystemInfo: free sram: 88215 minimal sram: 76675
I (47374549) SystemInfo: free sram: 88731 minimal sram: 76675
I (47384549) SystemInfo: free sram: 89179 minimal sram: 76675
I (47394559) SystemInfo: free sram: 88731 minimal sram: 76675
I (47404549) SystemInfo: free sram: 89179 minimal sram: 76675
I (47414559) SystemInfo: free sram: 88215 minimal sram: 76675
I (47424549) SystemInfo: free sram: 89663 minimal sram: 76675
I (47434549) SystemInfo: free sram: 88175 minimal sram: 76675
I (47444549) SystemInfo: free sram: 90211 minimal sram: 76675
I (47454549) SystemInfo: free sram: 88215 minimal sram: 76675
I (47464549) SystemInfo: free sram: 89695 minimal sram: 76675
I (47474549) SystemInfo: free sram: 88215 minimal sram: 76675
I (47484549) SystemInfo: free sram: 89179 minimal sram: 76675
I (47494569) SystemInfo: free sram: 89695 minimal sram: 76675
I (47504549) SystemInfo: free sram: 89179 minimal sram: 76675
I (47514549) SystemInfo: free sram: 88731 minimal sram: 76675
I (47524569) SystemInfo: free sram: 88215 minimal sram: 76675
I (47534549) SystemInfo: free sram: 88699 minimal sram: 76675
I (47544549) SystemInfo: free sram: 89179 minimal sram: 76675
I (47554549) SystemInfo: free sram: 88731 minimal sram: 76675
I (47564549) SystemInfo: free sram: 89179 minimal sram: 76675
I (47574549) SystemInfo: free sram: 88215 minimal sram: 76675
I (47584559) SystemInfo: free sram: 88731 minimal sram: 76675
I (47594549) SystemInfo: free sram: 88731 minimal sram: 76675
I (47604549) SystemInfo: free sram: 89695 minimal sram: 76675
I (47614549) SystemInfo: free sram: 88215 minimal sram: 76675
I (47624549) SystemInfo: free sram: 89695 minimal sram: 76675
I (47634549) SystemInfo: free sram: 88215 minimal sram: 76675
I (47644549) SystemInfo: free sram: 88699 minimal sram: 76675
I (47654549) SystemInfo: free sram: 88215 minimal sram: 76675
I (47664549) SystemInfo: free sram: 89179 minimal sram: 76675
I (47674559) SystemInfo: free sram: 88731 minimal sram: 76675
I (47684549) SystemInfo: free sram: 89179 minimal sram: 76675
I (47694559) SystemInfo: free sram: 88731 minimal sram: 76675
I (47704549) SystemInfo: free sram: 90207 minimal sram: 76675
I (47714549) SystemInfo: free sram: 88731 minimal sram: 76675
I (47724549) SystemInfo: free sram: 89179 minimal sram: 76675
I (47734549) SystemInfo: free sram: 89243 minimal sram: 76675
I (47744549) SystemInfo: free sram: 89695 minimal sram: 76675
I (47754569) SystemInfo: free sram: 88699 minimal sram: 76675
I (47764549) SystemInfo: free sram: 89695 minimal sram: 76675
I (47774559) SystemInfo: free sram: 88215 minimal sram: 76675
I (47784549) SystemInfo: free sram: 89695 minimal sram: 76675
I (47794549) SystemInfo: free sram: 88215 minimal sram: 76675
I (47804549) SystemInfo: free sram: 89695 minimal sram: 76675
I (47814569) SystemInfo: free sram: 88215 minimal sram: 76675
I (47824549) SystemInfo: free sram: 89179 minimal sram: 76675
I (47834549) SystemInfo: free sram: 88731 minimal sram: 76675
I (47844549) SystemInfo: free sram: 89179 minimal sram: 76675
I (47854549) SystemInfo: free sram: 88731 minimal sram: 76675
I (47864549) SystemInfo: free sram: 89695 minimal sram: 76675
I (47874559) SystemInfo: free sram: 88731 minimal sram: 76675
I (47884549) SystemInfo: free sram: 89179 minimal sram: 76675
I (47894559) SystemInfo: free sram: 88699 minimal sram: 76675
I (47904549) SystemInfo: free sram: 89179 minimal sram: 76675
I (47914549) SystemInfo: free sram: 88215 minimal sram: 76675
I (47924549) SystemInfo: free sram: 89695 minimal sram: 76675
I (47934549) SystemInfo: free sram: 88215 minimal sram: 76675
I (47944549) SystemInfo: free sram: 89695 minimal sram: 76675
I (47954549) SystemInfo: free sram: 88215 minimal sram: 76675
I (47964549) SystemInfo: free sram: 89695 minimal sram: 76675
I (47974569) SystemInfo: free sram: 88731 minimal sram: 76675
I (47984559) SystemInfo: free sram: 88215 minimal sram: 76675
I (47994549) SystemInfo: free sram: 88215 minimal sram: 76675
I (48004549) SystemInfo: free sram: 89179 minimal sram: 76675
I (48014549) SystemInfo: free sram: 88699 minimal sram: 76675
I (48024549) SystemInfo: free sram: 89179 minimal sram: 76675
I (48034569) SystemInfo: free sram: 88731 minimal sram: 76675
I (48044549) SystemInfo: free sram: 89179 minimal sram: 76675
I (48054549) SystemInfo: free sram: 88731 minimal sram: 76675
I (48064549) SystemInfo: free sram: 89695 minimal sram: 76675
I (48074549) SystemInfo: free sram: 88175 minimal sram: 76675
I (48084549) SystemInfo: free sram: 89695 minimal sram: 76675
I (48094569) SystemInfo: free sram: 89179 minimal sram: 76675
I (48104549) SystemInfo: free sram: 89695 minimal sram: 76675
I (48114549) SystemInfo: free sram: 88215 minimal sram: 76675
I (48124549) SystemInfo: free sram: 89663 minimal sram: 76675
I (48134549) SystemInfo: free sram: 88215 minimal sram: 76675
I (48144549) SystemInfo: free sram: 88731 minimal sram: 76675
I (48154549) SystemInfo: free sram: 88215 minimal sram: 76675
I (48164549) SystemInfo: free sram: 89179 minimal sram: 76675
I (48174549) SystemInfo: free sram: 88731 minimal sram: 76675
I (48184549) SystemInfo: free sram: 89179 minimal sram: 76675
I (48194549) SystemInfo: free sram: 88731 minimal sram: 76675
I (48204549) SystemInfo: free sram: 89179 minimal sram: 76675
I (48214549) SystemInfo: free sram: 89247 minimal sram: 76675
I (48224549) SystemInfo: free sram: 89179 minimal sram: 76675
I (48234569) SystemInfo: free sram: 88699 minimal sram: 76675
I (48244549) SystemInfo: free sram: 89179 minimal sram: 76675
I (48254549) SystemInfo: free sram: 88215 minimal sram: 76675
I (48264549) SystemInfo: free sram: 88731 minimal sram: 76675
I (48274549) SystemInfo: free sram: 88215 minimal sram: 76675
I (48284549) SystemInfo: free sram: 89695 minimal sram: 76675
I (48294549) SystemInfo: free sram: 88215 minimal sram: 76675
I (48304549) SystemInfo: free sram: 89695 minimal sram: 76675
I (48314549) SystemInfo: free sram: 88215 minimal sram: 76675
I (48324549) SystemInfo: free sram: 89179 minimal sram: 76675
I (48334549) SystemInfo: free sram: 88731 minimal sram: 76675
I (48344549) SystemInfo: free sram: 89147 minimal sram: 76675
I (48354549) SystemInfo: free sram: 88731 minimal sram: 76675
I (48364549) SystemInfo: free sram: 89179 minimal sram: 76675
I (48374569) SystemInfo: free sram: 89695 minimal sram: 76675
I (48384549) SystemInfo: free sram: 89179 minimal sram: 76675
I (48394549) SystemInfo: free sram: 88731 minimal sram: 76675
I (48404549) SystemInfo: free sram: 89179 minimal sram: 76675
I (48414549) SystemInfo: free sram: 88731 minimal sram: 76675
I (48424549) SystemInfo: free sram: 89695 minimal sram: 76675
I (48434549) SystemInfo: free sram: 88215 minimal sram: 76675
I (48444569) SystemInfo: free sram: 88731 minimal sram: 76675
I (48454549) SystemInfo: free sram: 88143 minimal sram: 76675
I (48464549) SystemInfo: free sram: 89695 minimal sram: 76675
I (48474549) SystemInfo: free sram: 88215 minimal sram: 76675
I (48484549) SystemInfo: free sram: 88731 minimal sram: 76675
I (48494549) SystemInfo: free sram: 88215 minimal sram: 76675
I (48504549) SystemInfo: free sram: 89179 minimal sram: 76675
I (48514559) SystemInfo: free sram: 88731 minimal sram: 76675
I (48524549) SystemInfo: free sram: 89179 minimal sram: 76675
I (48534559) SystemInfo: free sram: 88731 minimal sram: 76675
I (48544549) SystemInfo: free sram: 89179 minimal sram: 76675
I (48554549) SystemInfo: free sram: 89247 minimal sram: 76675
I (48564549) SystemInfo: free sram: 89179 minimal sram: 76675
I (48574549) SystemInfo: free sram: 88183 minimal sram: 76675
I (48584549) SystemInfo: free sram: 89695 minimal sram: 76675
I (48594549) SystemInfo: free sram: 88215 minimal sram: 76675
I (48604549) SystemInfo: free sram: 89695 minimal sram: 76675
I (48614549) SystemInfo: free sram: 88215 minimal sram: 76675
I (48624549) SystemInfo: free sram: 89695 minimal sram: 76675
I (48634549) SystemInfo: free sram: 88215 minimal sram: 76675
I (48644549) SystemInfo: free sram: 89695 minimal sram: 76675
I (48654559) SystemInfo: free sram: 88215 minimal sram: 76675
I (48664549) SystemInfo: free sram: 89179 minimal sram: 76675
I (48674549) SystemInfo: free sram: 88731 minimal sram: 76675
I (48684549) SystemInfo: free sram: 89147 minimal sram: 76675
I (48694549) SystemInfo: free sram: 88731 minimal sram: 76675
I (48704549) SystemInfo: free sram: 89179 minimal sram: 76675
I (48714549) SystemInfo: free sram: 88731 minimal sram: 76675
I (48724549) SystemInfo: free sram: 89179 minimal sram: 76675
I (48734549) SystemInfo: free sram: 88731 minimal sram: 76675
I (48744549) SystemInfo: free sram: 89179 minimal sram: 76675
I (48754549) SystemInfo: free sram: 88175 minimal sram: 76675
I (48764569) SystemInfo: free sram: 88731 minimal sram: 76675
I (48774549) SystemInfo: free sram: 88215 minimal sram: 76675
I (48784549) SystemInfo: free sram: 89695 minimal sram: 76675
I (48794549) SystemInfo: free sram: 88183 minimal sram: 76675
I (48804549) SystemInfo: free sram: 90211 minimal sram: 76675
I (48814549) SystemInfo: free sram: 88731 minimal sram: 76675
I (48824549) SystemInfo: free sram: 89179 minimal sram: 76675
I (48834549) SystemInfo: free sram: 88215 minimal sram: 76675
I (48844569) SystemInfo: free sram: 88215 minimal sram: 76675
I (48854549) SystemInfo: free sram: 88731 minimal sram: 76675
I (48864549) SystemInfo: free sram: 89179 minimal sram: 76675
I (48874569) SystemInfo: free sram: 89695 minimal sram: 76675
I (48884549) SystemInfo: free sram: 89179 minimal sram: 76675
I (48894549) SystemInfo: free sram: 88731 minimal sram: 76675
I (48904569) SystemInfo: free sram: 88183 minimal sram: 76675
I (48914549) SystemInfo: free sram: 88215 minimal sram: 76675
I (48924549) SystemInfo: free sram: 89695 minimal sram: 76675
I (48934559) SystemInfo: free sram: 88215 minimal sram: 76675
I (48944549) SystemInfo: free sram: 89695 minimal sram: 76675
I (48954549) SystemInfo: free sram: 88731 minimal sram: 76675
I (48964549) SystemInfo: free sram: 89695 minimal sram: 76675
I (48974549) SystemInfo: free sram: 88215 minimal sram: 76675
I (48984549) SystemInfo: free sram: 89695 minimal sram: 76675
I (48994549) SystemInfo: free sram: 88215 minimal sram: 76675
I (49004549) SystemInfo: free sram: 89179 minimal sram: 76675
I (49014549) SystemInfo: free sram: 88699 minimal sram: 76675
I (49024549) SystemInfo: free sram: 89695 minimal sram: 76675
I (49034549) SystemInfo: free sram: 88731 minimal sram: 76675
I (49044549) SystemInfo: free sram: 90207 minimal sram: 76675
I (49054549) SystemInfo: free sram: 88731 minimal sram: 76675
I (49064549) SystemInfo: free sram: 89179 minimal sram: 76675
I (49074549) SystemInfo: free sram: 89759 minimal sram: 76675
I (49084549) SystemInfo: free sram: 89179 minimal sram: 76675
I (49094549) SystemInfo: free sram: 88215 minimal sram: 76675
I (49104549) SystemInfo: free sram: 89695 minimal sram: 76675
I (49114549) SystemInfo: free sram: 88215 minimal sram: 76675
I (49124549) SystemInfo: free sram: 89663 minimal sram: 76675
I (49134549) SystemInfo: free sram: 88215 minimal sram: 76675
I (49144549) SystemInfo: free sram: 89695 minimal sram: 76675
I (49154549) SystemInfo: free sram: 88215 minimal sram: 76675
I (49164549) SystemInfo: free sram: 89179 minimal sram: 76675
I (49174549) SystemInfo: free sram: 88731 minimal sram: 76675
I (49184549) SystemInfo: free sram: 89179 minimal sram: 76675
I (49194549) SystemInfo: free sram: 88731 minimal sram: 76675
I (49204549) SystemInfo: free sram: 89179 minimal sram: 76675
I (49214559) SystemInfo: free sram: 88731 minimal sram: 76675
I (49224549) SystemInfo: free sram: 89179 minimal sram: 76675
I (49234569) SystemInfo: free sram: 88699 minimal sram: 76675
I (49244549) SystemInfo: free sram: 89179 minimal sram: 76675
I (49254549) SystemInfo: free sram: 88215 minimal sram: 76675
I (49264549) SystemInfo: free sram: 89695 minimal sram: 76675
I (49274549) SystemInfo: free sram: 88215 minimal sram: 76675
I (49284549) SystemInfo: free sram: 89695 minimal sram: 76675
I (49294549) SystemInfo: free sram: 88731 minimal sram: 76675
I (49304549) SystemInfo: free sram: 89695 minimal sram: 76675
I (49314559) SystemInfo: free sram: 88215 minimal sram: 76675
I (49324549) SystemInfo: free sram: 89695 minimal sram: 76675
I (49334549) SystemInfo: free sram: 88215 minimal sram: 76675
I (49344549) SystemInfo: free sram: 89179 minimal sram: 76675
I (49354549) SystemInfo: free sram: 88699 minimal sram: 76675
I (49364549) SystemInfo: free sram: 89179 minimal sram: 76675
I (49374569) SystemInfo: free sram: 88731 minimal sram: 76675
I (49384549) SystemInfo: free sram: 89179 minimal sram: 76675
I (49394549) SystemInfo: free sram: 88731 minimal sram: 76675
I (49404549) SystemInfo: free sram: 89179 minimal sram: 76675
I (49414549) SystemInfo: free sram: 88215 minimal sram: 76675
I (49424549) SystemInfo: free sram: 89247 minimal sram: 76675
I (49434549) SystemInfo: free sram: 88215 minimal sram: 76675
I (49444549) SystemInfo: free sram: 89695 minimal sram: 76675
I (49454549) SystemInfo: free sram: 88215 minimal sram: 76675
I (49464549) SystemInfo: free sram: 89663 minimal sram: 76675
I (49474549) SystemInfo: free sram: 88215 minimal sram: 76675
I (49484559) SystemInfo: free sram: 88731 minimal sram: 76675
I (49494549) SystemInfo: free sram: 88215 minimal sram: 76675
I (49504549) SystemInfo: free sram: 89179 minimal sram: 76675
I (49514549) SystemInfo: free sram: 88731 minimal sram: 76675
I (49524549) SystemInfo: free sram: 89139 minimal sram: 76675
I (49534569) SystemInfo: free sram: 88731 minimal sram: 76675
I (49544549) SystemInfo: free sram: 89179 minimal sram: 76675
I (49554549) SystemInfo: free sram: 88731 minimal sram: 76675
I (49564549) SystemInfo: free sram: 89179 minimal sram: 76675
I (49574549) SystemInfo: free sram: 89215 minimal sram: 76675
I (49584549) SystemInfo: free sram: 89179 minimal sram: 76675
I (49594549) SystemInfo: free sram: 88215 minimal sram: 76675
I (49604549) SystemInfo: free sram: 90211 minimal sram: 76675
I (49614559) SystemInfo: free sram: 88215 minimal sram: 76675
I (49624549) SystemInfo: free sram: 89695 minimal sram: 76675
I (49634549) SystemInfo: free sram: 88215 minimal sram: 76675
I (49644549) SystemInfo: free sram: 89695 minimal sram: 76675
I (49654569) SystemInfo: free sram: 89179 minimal sram: 76675
I (49664549) SystemInfo: free sram: 89179 minimal sram: 76675
I (49674549) SystemInfo: free sram: 88215 minimal sram: 76675
I (49684549) SystemInfo: free sram: 89663 minimal sram: 76675
I (49694549) SystemInfo: free sram: 88731 minimal sram: 76675
I (49704549) SystemInfo: free sram: 89179 minimal sram: 76675
I (49714559) SystemInfo: free sram: 88731 minimal sram: 76675
I (49724549) SystemInfo: free sram: 89179 minimal sram: 76675
I (49734559) SystemInfo: free sram: 88731 minimal sram: 76675
I (49744549) SystemInfo: free sram: 89179 minimal sram: 76675
I (49754549) SystemInfo: free sram: 88215 minimal sram: 76675
I (49764549) SystemInfo: free sram: 89695 minimal sram: 76675
I (49774549) SystemInfo: free sram: 88215 minimal sram: 76675
I (49784549) SystemInfo: free sram: 89695 minimal sram: 76675
I (49794549) SystemInfo: free sram: 88183 minimal sram: 76675
I (49804549) SystemInfo: free sram: 89695 minimal sram: 76675
I (49814549) SystemInfo: free sram: 88215 minimal sram: 76675
I (49824549) SystemInfo: free sram: 89695 minimal sram: 76675
I (49834549) SystemInfo: free sram: 88215 minimal sram: 76675
I (49844559) SystemInfo: free sram: 88215 minimal sram: 76675
I (49854549) SystemInfo: free sram: 88731 minimal sram: 76675
I (49864549) SystemInfo: free sram: 89179 minimal sram: 76675
I (49874549) SystemInfo: free sram: 88731 minimal sram: 76675
I (49884549) SystemInfo: free sram: 89179 minimal sram: 76675
I (49894569) SystemInfo: free sram: 89695 minimal sram: 76675
I (49904549) SystemInfo: free sram: 89147 minimal sram: 76675
I (49914549) SystemInfo: free sram: 88731 minimal sram: 76675
I (49924549) SystemInfo: free sram: 89179 minimal sram: 76675
I (49934559) SystemInfo: free sram: 88215 minimal sram: 76675
I (49944549) SystemInfo: free sram: 89695 minimal sram: 76675
I (49954549) SystemInfo: free sram: 88215 minimal sram: 76675
I (49964549) SystemInfo: free sram: 89695 minimal sram: 76675
I (49974549) SystemInfo: free sram: 88215 minimal sram: 76675
I (49984549) SystemInfo: free sram: 89695 minimal sram: 76675
I (49994549) SystemInfo: free sram: 88215 minimal sram: 76675
I (50004549) SystemInfo: free sram: 89179 minimal sram: 76675
I (50014549) SystemInfo: free sram: 88699 minimal sram: 76675
I (50024549) SystemInfo: free sram: 89179 minimal sram: 76675
I (50034559) SystemInfo: free sram: 88731 minimal sram: 76675
I (50044549) SystemInfo: free sram: 89179 minimal sram: 76675
I (50054549) SystemInfo: free sram: 88731 minimal sram: 76675
I (50064549) SystemInfo: free sram: 89179 minimal sram: 76675
I (50074549) SystemInfo: free sram: 88731 minimal sram: 76675
I (50084549) SystemInfo: free sram: 89179 minimal sram: 76675
I (50094549) SystemInfo: free sram: 88215 minimal sram: 76675
I (50104549) SystemInfo: free sram: 89695 minimal sram: 76675
I (50114549) SystemInfo: free sram: 88215 minimal sram: 76675
I (50124569) SystemInfo: free sram: 88699 minimal sram: 76675
I (50134549) SystemInfo: free sram: 88215 minimal sram: 76675
I (50144549) SystemInfo: free sram: 89695 minimal sram: 76675
I (50154569) SystemInfo: free sram: 89179 minimal sram: 76675
I (50164549) SystemInfo: free sram: 89695 minimal sram: 76675
I (50174569) SystemInfo: free sram: 89179 minimal sram: 76675
I (50184549) SystemInfo: free sram: 89179 minimal sram: 76675
I (50194549) SystemInfo: free sram: 88731 minimal sram: 76675
I (50204549) SystemInfo: free sram: 89179 minimal sram: 76675
I (50214549) SystemInfo: free sram: 88731 minimal sram: 76675
I (50224549) SystemInfo: free sram: 89179 minimal sram: 76675
I (50234549) SystemInfo: free sram: 88731 minimal sram: 76675
I (50244549) SystemInfo: free sram: 89179 minimal sram: 76675
I (50254549) SystemInfo: free sram: 88183 minimal sram: 76675
I (50264549) SystemInfo: free sram: 89695 minimal sram: 76675
I (50274549) SystemInfo: free sram: 88215 minimal sram: 76675
I (50284549) SystemInfo: free sram: 89695 minimal sram: 76675
I (50294549) SystemInfo: free sram: 88215 minimal sram: 76675
I (50304549) SystemInfo: free sram: 89695 minimal sram: 76675
I (50314549) SystemInfo: free sram: 88215 minimal sram: 76675
I (50324569) SystemInfo: free sram: 88731 minimal sram: 76675
I (50334549) SystemInfo: free sram: 88215 minimal sram: 76675
I (50344559) SystemInfo: free sram: 88215 minimal sram: 76675
I (50354549) SystemInfo: free sram: 88731 minimal sram: 76675
I (50364549) SystemInfo: free sram: 89179 minimal sram: 76675
I (50374549) SystemInfo: free sram: 88699 minimal sram: 76675
I (50384549) SystemInfo: free sram: 90207 minimal sram: 76675
I (50394549) SystemInfo: free sram: 88731 minimal sram: 76675
I (50404559) SystemInfo: free sram: 88215 minimal sram: 76675
I (50414549) SystemInfo: free sram: 89759 minimal sram: 76675
I (50424549) SystemInfo: free sram: 89179 minimal sram: 76675
I (50434569) SystemInfo: free sram: 89695 minimal sram: 76675
I (50444549) SystemInfo: free sram: 90211 minimal sram: 76675
I (50454559) SystemInfo: free sram: 88731 minimal sram: 76675
I (50464549) SystemInfo: free sram: 89695 minimal sram: 76675
I (50474549) SystemInfo: free sram: 88215 minimal sram: 76675
I (50484549) SystemInfo: free sram: 89663 minimal sram: 76675
I (50494549) SystemInfo: free sram: 88215 minimal sram: 76675
I (50504549) SystemInfo: free sram: 89179 minimal sram: 76675
I (50514549) SystemInfo: free sram: 88215 minimal sram: 76675
I (50524549) SystemInfo: free sram: 89179 minimal sram: 76675
I (50534569) SystemInfo: free sram: 89695 minimal sram: 76675
I (50544549) SystemInfo: free sram: 89179 minimal sram: 76675
I (50554549) SystemInfo: free sram: 88731 minimal sram: 76675
I (50564549) SystemInfo: free sram: 89179 minimal sram: 76675
I (50574549) SystemInfo: free sram: 88731 minimal sram: 76675
I (50584549) SystemInfo: free sram: 89179 minimal sram: 76675
I (50594549) SystemInfo: free sram: 88183 minimal sram: 76675
I (50604549) SystemInfo: free sram: 89695 minimal sram: 76675
I (50614549) SystemInfo: free sram: 88215 minimal sram: 76675
I (50624549) SystemInfo: free sram: 89695 minimal sram: 76675
I (50634549) SystemInfo: free sram: 88215 minimal sram: 76675
I (50644549) SystemInfo: free sram: 89695 minimal sram: 76675
I (50654559) SystemInfo: free sram: 88215 minimal sram: 76675
I (50664549) SystemInfo: free sram: 89695 minimal sram: 76675
I (50674549) SystemInfo: free sram: 88215 minimal sram: 76675
I (50684549) SystemInfo: free sram: 89179 minimal sram: 76675
I (50694549) SystemInfo: free sram: 88731 minimal sram: 76675
I (50704549) SystemInfo: free sram: 89179 minimal sram: 76675
I (50714559) SystemInfo: free sram: 88699 minimal sram: 76675
I (50724549) SystemInfo: free sram: 89179 minimal sram: 76675
I (50734549) SystemInfo: free sram: 88731 minimal sram: 76675
I (50744549) SystemInfo: free sram: 89179 minimal sram: 76675
I (50754549) SystemInfo: free sram: 88731 minimal sram: 76675
I (50764569) SystemInfo: free sram: 88731 minimal sram: 76675
I (50774549) SystemInfo: free sram: 88215 minimal sram: 76675
I (50784549) SystemInfo: free sram: 89695 minimal sram: 76675
I (50794559) SystemInfo: free sram: 88215 minimal sram: 76675
I (50804549) SystemInfo: free sram: 90171 minimal sram: 76675
I (50814559) SystemInfo: free sram: 88215 minimal sram: 76675
I (50824549) SystemInfo: free sram: 89663 minimal sram: 76675
I (50834549) SystemInfo: free sram: 88215 minimal sram: 76675
I (50844549) SystemInfo: free sram: 89179 minimal sram: 76675
I (50854549) SystemInfo: free sram: 88731 minimal sram: 76675
I (50864549) SystemInfo: free sram: 89179 minimal sram: 76675
I (50874549) SystemInfo: free sram: 88731 minimal sram: 76675
I (50884549) SystemInfo: free sram: 89179 minimal sram: 76675
I (50894569) SystemInfo: free sram: 89695 minimal sram: 76675
I (50904549) SystemInfo: free sram: 89179 minimal sram: 76675
I (50914549) SystemInfo: free sram: 89247 minimal sram: 76675
I (50924549) SystemInfo: free sram: 89695 minimal sram: 76675
I (50934549) SystemInfo: free sram: 88183 minimal sram: 76675
I (50944549) SystemInfo: free sram: 89695 minimal sram: 76675
I (50954549) SystemInfo: free sram: 88215 minimal sram: 76675
I (50964549) SystemInfo: free sram: 89695 minimal sram: 76675
I (50974549) SystemInfo: free sram: 88215 minimal sram: 76675
I (50984549) SystemInfo: free sram: 89695 minimal sram: 76675
I (50994549) SystemInfo: free sram: 88215 minimal sram: 76675
I (51004549) SystemInfo: free sram: 89695 minimal sram: 76675
I (51014549) SystemInfo: free sram: 88215 minimal sram: 76675
I (51024549) SystemInfo: free sram: 90207 minimal sram: 76675
I (51034559) SystemInfo: free sram: 88731 minimal sram: 76675
I (51044549) SystemInfo: free sram: 89147 minimal sram: 76675
I (51054549) SystemInfo: free sram: 88731 minimal sram: 76675
I (51064549) SystemInfo: free sram: 89179 minimal sram: 76675
I (51074549) SystemInfo: free sram: 88731 minimal sram: 76675
I (51084549) SystemInfo: free sram: 89179 minimal sram: 76675
I (51094569) SystemInfo: free sram: 88215 minimal sram: 76675
I (51104549) SystemInfo: free sram: 89695 minimal sram: 76675
I (51114549) SystemInfo: free sram: 88215 minimal sram: 76675
I (51124549) SystemInfo: free sram: 89695 minimal sram: 76675
I (51134549) SystemInfo: free sram: 88731 minimal sram: 76675
I (51144549) SystemInfo: free sram: 89695 minimal sram: 76675
I (51154549) SystemInfo: free sram: 88183 minimal sram: 76675
I (51164549) SystemInfo: free sram: 89695 minimal sram: 76675
I (51174549) SystemInfo: free sram: 88215 minimal sram: 76675
I (51184549) SystemInfo: free sram: 89179 minimal sram: 76675
I (51194549) SystemInfo: free sram: 88731 minimal sram: 76675
I (51204569) SystemInfo: free sram: 88215 minimal sram: 76675
I (51214549) SystemInfo: free sram: 88731 minimal sram: 76675
I (51224569) SystemInfo: free sram: 88731 minimal sram: 76675
I (51234549) SystemInfo: free sram: 88731 minimal sram: 76675
I (51244549) SystemInfo: free sram: 89179 minimal sram: 76675
I (51254549) SystemInfo: free sram: 88731 minimal sram: 76675
I (51264559) SystemInfo: free sram: 88183 minimal sram: 76675
I (51274549) SystemInfo: free sram: 88215 minimal sram: 76675
I (51284549) SystemInfo: free sram: 89695 minimal sram: 76675
I (51294549) SystemInfo: free sram: 88215 minimal sram: 76675
I (51304549) SystemInfo: free sram: 90211 minimal sram: 76675
I (51314569) SystemInfo: free sram: 88215 minimal sram: 76675
I (51324549) SystemInfo: free sram: 89695 minimal sram: 76675
I (51334549) SystemInfo: free sram: 88215 minimal sram: 76675
I (51344569) SystemInfo: free sram: 88215 minimal sram: 76675
I (51354549) SystemInfo: free sram: 88215 minimal sram: 76675
I (51364549) SystemInfo: free sram: 89179 minimal sram: 76675
I (51374569) SystemInfo: free sram: 89663 minimal sram: 76675
I (51384549) SystemInfo: free sram: 89179 minimal sram: 76675
I (51394549) SystemInfo: free sram: 88731 minimal sram: 76675
I (51404569) SystemInfo: free sram: 88731 minimal sram: 76675
I (51414549) SystemInfo: free sram: 88731 minimal sram: 76675
I (51424549) SystemInfo: free sram: 88215 minimal sram: 76675
I (51434549) SystemInfo: free sram: 88215 minimal sram: 76675
I (51444549) SystemInfo: free sram: 89655 minimal sram: 76675
I (51454549) SystemInfo: free sram: 88215 minimal sram: 76675
I (51464549) SystemInfo: free sram: 89695 minimal sram: 76675
I (51474549) SystemInfo: free sram: 88215 minimal sram: 76675
I (51484549) SystemInfo: free sram: 89663 minimal sram: 76675
I (51494549) SystemInfo: free sram: 88215 minimal sram: 76675
I (51504549) SystemInfo: free sram: 89695 minimal sram: 76675
I (51514549) SystemInfo: free sram: 88215 minimal sram: 76675
I (51524549) SystemInfo: free sram: 89179 minimal sram: 76675
I (51534559) SystemInfo: free sram: 88731 minimal sram: 76675
I (51544549) SystemInfo: free sram: 89179 minimal sram: 76675
I (51554549) SystemInfo: free sram: 88731 minimal sram: 76675
I (51564549) SystemInfo: free sram: 89179 minimal sram: 76675
I (51574549) SystemInfo: free sram: 88731 minimal sram: 76675
I (51584549) SystemInfo: free sram: 89179 minimal sram: 76675
I (51594549) SystemInfo: free sram: 88699 minimal sram: 76675
I (51604549) SystemInfo: free sram: 89179 minimal sram: 76675
I (51614569) SystemInfo: free sram: 89179 minimal sram: 76675
I (51624549) SystemInfo: free sram: 89695 minimal sram: 76675
I (51634549) SystemInfo: free sram: 88215 minimal sram: 76675
I (51644549) SystemInfo: free sram: 89247 minimal sram: 76675
I (51654549) SystemInfo: free sram: 88215 minimal sram: 76675
I (51664549) SystemInfo: free sram: 89695 minimal sram: 76675
I (51674549) SystemInfo: free sram: 88215 minimal sram: 76675
I (51684549) SystemInfo: free sram: 89179 minimal sram: 76675
I (51694549) SystemInfo: free sram: 88731 minimal sram: 76675
I (51704549) SystemInfo: free sram: 89147 minimal sram: 76675
I (51714549) SystemInfo: free sram: 88731 minimal sram: 76675
I (51724549) SystemInfo: free sram: 89179 minimal sram: 76675
I (51734549) SystemInfo: free sram: 88731 minimal sram: 76675
I (51744549) SystemInfo: free sram: 89179 minimal sram: 76675
I (51754549) SystemInfo: free sram: 88731 minimal sram: 76675
I (51764569) SystemInfo: free sram: 88215 minimal sram: 76675
I (51774549) SystemInfo: free sram: 88215 minimal sram: 76675
I (51784549) SystemInfo: free sram: 89695 minimal sram: 76675
I (51794549) SystemInfo: free sram: 88215 minimal sram: 76675
I (51804549) SystemInfo: free sram: 89695 minimal sram: 76675
I (51814549) SystemInfo: free sram: 88215 minimal sram: 76675
I (51824549) SystemInfo: free sram: 89663 minimal sram: 76675
I (51834549) SystemInfo: free sram: 88215 minimal sram: 76675
I (51844549) SystemInfo: free sram: 89695 minimal sram: 76675
I (51854549) SystemInfo: free sram: 88215 minimal sram: 76675
I (51864549) SystemInfo: free sram: 89179 minimal sram: 76675
I (51874549) SystemInfo: free sram: 88731 minimal sram: 76675
I (51884549) SystemInfo: free sram: 89179 minimal sram: 76675
I (51894559) SystemInfo: free sram: 88731 minimal sram: 76675
I (51904549) SystemInfo: free sram: 89179 minimal sram: 76675
I (51914549) SystemInfo: free sram: 88731 minimal sram: 76675
I (51924549) SystemInfo: free sram: 89179 minimal sram: 76675
I (51934569) SystemInfo: free sram: 89147 minimal sram: 76675
I (51944549) SystemInfo: free sram: 89695 minimal sram: 76675
I (51954549) SystemInfo: free sram: 88215 minimal sram: 76675
I (51964559) SystemInfo: free sram: 89759 minimal sram: 76675
I (51974549) SystemInfo: free sram: 88215 minimal sram: 76675
I (51984549) SystemInfo: free sram: 89695 minimal sram: 76675
I (51994559) SystemInfo: free sram: 89243 minimal sram: 76675
I (52004549) SystemInfo: free sram: 89695 minimal sram: 76675
I (52014559) SystemInfo: free sram: 88215 minimal sram: 76675
I (52024549) SystemInfo: free sram: 89179 minimal sram: 76675
I (52034549) SystemInfo: free sram: 88731 minimal sram: 76675
I (52044549) SystemInfo: free sram: 89147 minimal sram: 76675
I (52054549) SystemInfo: free sram: 88731 minimal sram: 76675
I (52064549) SystemInfo: free sram: 89179 minimal sram: 76675
I (52074549) SystemInfo: free sram: 88731 minimal sram: 76675
I (52084549) SystemInfo: free sram: 89139 minimal sram: 76675
I (52094569) SystemInfo: free sram: 89695 minimal sram: 76675
I (52104549) SystemInfo: free sram: 89179 minimal sram: 76675
I (52114549) SystemInfo: free sram: 88215 minimal sram: 76675
I (52124549) SystemInfo: free sram: 89695 minimal sram: 76675
I (52134549) SystemInfo: free sram: 88215 minimal sram: 76675
I (52144549) SystemInfo: free sram: 89695 minimal sram: 76675
I (52154549) SystemInfo: free sram: 88183 minimal sram: 76675
I (52164549) SystemInfo: free sram: 89695 minimal sram: 76675
I (52174549) SystemInfo: free sram: 88215 minimal sram: 76675
I (52184549) SystemInfo: free sram: 89179 minimal sram: 76675
I (52194549) SystemInfo: free sram: 88215 minimal sram: 76675
I (52204549) SystemInfo: free sram: 89179 minimal sram: 76675
I (52214559) SystemInfo: free sram: 88731 minimal sram: 76675
I (52224549) SystemInfo: free sram: 89179 minimal sram: 76675
I (52234549) SystemInfo: free sram: 88731 minimal sram: 76675
I (52244549) SystemInfo: free sram: 89179 minimal sram: 76675
I (52254549) SystemInfo: free sram: 88731 minimal sram: 76675
I (52264569) SystemInfo: free sram: 88215 minimal sram: 76675
I (52274549) SystemInfo: free sram: 88183 minimal sram: 76675
I (52284549) SystemInfo: free sram: 89695 minimal sram: 76675
I (52294549) SystemInfo: free sram: 88215 minimal sram: 76675
I (52304549) SystemInfo: free sram: 89695 minimal sram: 76675
I (52314549) SystemInfo: free sram: 88215 minimal sram: 76675
I (52324549) SystemInfo: free sram: 89695 minimal sram: 76675
I (52334549) SystemInfo: free sram: 88215 minimal sram: 76675
I (52344549) SystemInfo: free sram: 89695 minimal sram: 76675
I (52354559) SystemInfo: free sram: 88215 minimal sram: 76675
I (52364549) SystemInfo: free sram: 89179 minimal sram: 76675
I (52374549) SystemInfo: free sram: 88731 minimal sram: 76675
I (52384559) SystemInfo: free sram: 88183 minimal sram: 76675
I (52394549) SystemInfo: free sram: 88731 minimal sram: 76675
I (52404549) SystemInfo: free sram: 88215 minimal sram: 76675
I (52414549) SystemInfo: free sram: 88731 minimal sram: 76675
I (52424549) SystemInfo: free sram: 89179 minimal sram: 76675
I (52434549) SystemInfo: free sram: 88731 minimal sram: 76675
I (52444549) SystemInfo: free sram: 89179 minimal sram: 76675
I (52454549) SystemInfo: free sram: 88215 minimal sram: 76675
I (52464549) SystemInfo: free sram: 89695 minimal sram: 76675
I (52474549) SystemInfo: free sram: 88215 minimal sram: 76675
I (52484549) SystemInfo: free sram: 88731 minimal sram: 76675
I (52494559) SystemInfo: free sram: 88183 minimal sram: 76675
I (52504549) SystemInfo: free sram: 89695 minimal sram: 76675
I (52514549) SystemInfo: free sram: 88215 minimal sram: 76675
I (52524549) SystemInfo: free sram: 89179 minimal sram: 76675
I (52534549) SystemInfo: free sram: 88731 minimal sram: 76675
I (52544549) SystemInfo: free sram: 88215 minimal sram: 76675
I (52554549) SystemInfo: free sram: 89247 minimal sram: 76675
I (52564549) SystemInfo: free sram: 89179 minimal sram: 76675
I (52574559) SystemInfo: free sram: 88731 minimal sram: 76675
I (52584549) SystemInfo: free sram: 89179 minimal sram: 76675
I (52594549) SystemInfo: free sram: 88731 minimal sram: 76675
I (52604549) SystemInfo: free sram: 89147 minimal sram: 76675
I (52614549) SystemInfo: free sram: 88215 minimal sram: 76675
I (52624549) SystemInfo: free sram: 89695 minimal sram: 76675
I (52634549) SystemInfo: free sram: 88215 minimal sram: 76675
I (52644549) SystemInfo: free sram: 89695 minimal sram: 76675
I (52654549) SystemInfo: free sram: 88215 minimal sram: 76675
I (52664549) SystemInfo: free sram: 89695 minimal sram: 76675
I (52674549) SystemInfo: free sram: 88215 minimal sram: 76675
I (52684549) SystemInfo: free sram: 89695 minimal sram: 76675
I (52694549) SystemInfo: free sram: 88215 minimal sram: 76675
I (52704549) SystemInfo: free sram: 89179 minimal sram: 76675
I (52714569) SystemInfo: free sram: 88699 minimal sram: 76675
I (52724549) SystemInfo: free sram: 89179 minimal sram: 76675
I (52734549) SystemInfo: free sram: 88731 minimal sram: 76675
I (52744569) SystemInfo: free sram: 88215 minimal sram: 76675
I (52754549) SystemInfo: free sram: 88731 minimal sram: 76675
I (52764549) SystemInfo: free sram: 89179 minimal sram: 76675
I (52774549) SystemInfo: free sram: 88215 minimal sram: 76675
I (52784549) SystemInfo: free sram: 89695 minimal sram: 76675
I (52794549) SystemInfo: free sram: 88215 minimal sram: 76675
I (52804549) SystemInfo: free sram: 89695 minimal sram: 76675
I (52814549) SystemInfo: free sram: 88215 minimal sram: 76675
I (52824549) SystemInfo: free sram: 89695 minimal sram: 76675
I (52834559) SystemInfo: free sram: 88183 minimal sram: 76675
I (52844549) SystemInfo: free sram: 89695 minimal sram: 76675
I (52854559) SystemInfo: free sram: 88215 minimal sram: 76675
I (52864549) SystemInfo: free sram: 89179 minimal sram: 76675
I (52874549) SystemInfo: free sram: 88731 minimal sram: 76675
I (52884549) SystemInfo: free sram: 89179 minimal sram: 76675
I (52894549) SystemInfo: free sram: 88731 minimal sram: 76675
I (52904549) SystemInfo: free sram: 89179 minimal sram: 76675
I (52914549) SystemInfo: free sram: 88731 minimal sram: 76675
I (52924549) SystemInfo: free sram: 89179 minimal sram: 76675
I (52934559) SystemInfo: free sram: 88731 minimal sram: 76675
I (52944549) SystemInfo: free sram: 89663 minimal sram: 76675
I (52954549) SystemInfo: free sram: 88215 minimal sram: 76675
I (52964549) SystemInfo: free sram: 89695 minimal sram: 76675
I (52974549) SystemInfo: free sram: 88215 minimal sram: 76675
I (52984549) SystemInfo: free sram: 90211 minimal sram: 76675
I (52994549) SystemInfo: free sram: 88215 minimal sram: 76675
I (53004549) SystemInfo: free sram: 89695 minimal sram: 76675
I (53014549) SystemInfo: free sram: 88215 minimal sram: 76675
I (53024549) SystemInfo: free sram: 89179 minimal sram: 76675
I (53034549) SystemInfo: free sram: 88215 minimal sram: 76675
I (53044549) SystemInfo: free sram: 89179 minimal sram: 76675
I (53054549) SystemInfo: free sram: 88699 minimal sram: 76675
I (53064549) SystemInfo: free sram: 89139 minimal sram: 76675
I (53074549) SystemInfo: free sram: 88731 minimal sram: 76675
I (53084549) SystemInfo: free sram: 89179 minimal sram: 76675
I (53094549) SystemInfo: free sram: 88731 minimal sram: 76675
I (53104549) SystemInfo: free sram: 89179 minimal sram: 76675
I (53114549) SystemInfo: free sram: 88215 minimal sram: 76675
I (53124569) SystemInfo: free sram: 88731 minimal sram: 76675
I (53134549) SystemInfo: free sram: 88215 minimal sram: 76675
I (53144549) SystemInfo: free sram: 89695 minimal sram: 76675
I (53154549) SystemInfo: free sram: 88215 minimal sram: 76675
I (53164569) SystemInfo: free sram: 88699 minimal sram: 76675
I (53174549) SystemInfo: free sram: 88215 minimal sram: 76675
I (53184549) SystemInfo: free sram: 89695 minimal sram: 76675
I (53194559) SystemInfo: free sram: 88215 minimal sram: 76675
I (53204549) SystemInfo: free sram: 89179 minimal sram: 76675
I (53214549) SystemInfo: free sram: 88731 minimal sram: 76675
I (53224559) SystemInfo: free sram: 88215 minimal sram: 76675
I (53234549) SystemInfo: free sram: 88731 minimal sram: 76675
I (53244549) SystemInfo: free sram: 89179 minimal sram: 76675
I (53254549) SystemInfo: free sram: 88731 minimal sram: 76675
I (53264549) SystemInfo: free sram: 89179 minimal sram: 76675
I (53274569) SystemInfo: free sram: 89663 minimal sram: 76675
I (53284549) SystemInfo: free sram: 89179 minimal sram: 76675
I (53294549) SystemInfo: free sram: 88215 minimal sram: 76675
I (53304569) SystemInfo: free sram: 89759 minimal sram: 76675
I (53314549) SystemInfo: free sram: 88215 minimal sram: 76675
I (53324549) SystemInfo: free sram: 89695 minimal sram: 76675
I (53334559) SystemInfo: free sram: 89243 minimal sram: 76675
I (53344549) SystemInfo: free sram: 89695 minimal sram: 76675
I (53354559) SystemInfo: free sram: 88215 minimal sram: 76675
I (53364549) SystemInfo: free sram: 89179 minimal sram: 76675
I (53374549) SystemInfo: free sram: 89247 minimal sram: 76675
I (53384549) SystemInfo: free sram: 89663 minimal sram: 76675
I (53394549) SystemInfo: free sram: 88731 minimal sram: 76675
I (53404549) SystemInfo: free sram: 89179 minimal sram: 76675
I (53414569) SystemInfo: free sram: 89695 minimal sram: 76675
I (53424549) SystemInfo: free sram: 89179 minimal sram: 76675
I (53434559) SystemInfo: free sram: 88731 minimal sram: 76675
I (53444549) SystemInfo: free sram: 89179 minimal sram: 76675
I (53454549) SystemInfo: free sram: 88215 minimal sram: 76675
I (53464549) SystemInfo: free sram: 89695 minimal sram: 76675
I (53474549) SystemInfo: free sram: 88215 minimal sram: 76675
I (53484549) SystemInfo: free sram: 89695 minimal sram: 76675
I (53494549) SystemInfo: free sram: 88183 minimal sram: 76675
I (53504549) SystemInfo: free sram: 89663 minimal sram: 76675
I (53514549) SystemInfo: free sram: 88215 minimal sram: 76675
I (53524549) SystemInfo: free sram: 89695 minimal sram: 76675
I (53534549) SystemInfo: free sram: 88215 minimal sram: 76675
I (53544549) SystemInfo: free sram: 89179 minimal sram: 76675
I (53554569) SystemInfo: free sram: 89695 minimal sram: 76675
I (53564549) SystemInfo: free sram: 89179 minimal sram: 76675
I (53574549) SystemInfo: free sram: 88731 minimal sram: 76675
I (53584559) SystemInfo: free sram: 88215 minimal sram: 76675
I (53594549) SystemInfo: free sram: 89247 minimal sram: 76675
I (53604549) SystemInfo: free sram: 89695 minimal sram: 76675
I (53614559) SystemInfo: free sram: 88215 minimal sram: 76675
I (53624549) SystemInfo: free sram: 89695 minimal sram: 76675
I (53634559) SystemInfo: free sram: 88183 minimal sram: 76675
I (53644549) SystemInfo: free sram: 89695 minimal sram: 76675
I (53654549) SystemInfo: free sram: 88215 minimal sram: 76675
I (53664549) SystemInfo: free sram: 89695 minimal sram: 76675
I (53674549) SystemInfo: free sram: 88215 minimal sram: 76675
I (53684549) SystemInfo: free sram: 89695 minimal sram: 76675
I (53694569) SystemInfo: free sram: 88215 minimal sram: 76675
I (53704549) SystemInfo: free sram: 89179 minimal sram: 76675
I (53714549) SystemInfo: free sram: 88731 minimal sram: 76675
I (53724549) SystemInfo: free sram: 89179 minimal sram: 76675
I (53734549) SystemInfo: free sram: 88731 minimal sram: 76675
I (53744549) SystemInfo: free sram: 89139 minimal sram: 76675
I (53754549) SystemInfo: free sram: 88699 minimal sram: 76675
I (53764549) SystemInfo: free sram: 89179 minimal sram: 76675
I (53774569) SystemInfo: free sram: 89695 minimal sram: 76675
I (53784549) SystemInfo: free sram: 89179 minimal sram: 76675
I (53794549) SystemInfo: free sram: 88215 minimal sram: 76675
I (53804549) SystemInfo: free sram: 89695 minimal sram: 76675
I (53814549) SystemInfo: free sram: 88215 minimal sram: 76675
I (53824549) SystemInfo: free sram: 88731 minimal sram: 76675
I (53834549) SystemInfo: free sram: 88215 minimal sram: 76675
I (53844549) SystemInfo: free sram: 89695 minimal sram: 76675
I (53854549) SystemInfo: free sram: 88215 minimal sram: 76675
I (53864549) SystemInfo: free sram: 89147 minimal sram: 76675
I (53874549) SystemInfo: free sram: 88215 minimal sram: 76675
I (53884559) SystemInfo: free sram: 88215 minimal sram: 76675
I (53894549) SystemInfo: free sram: 88731 minimal sram: 76675
I (53904549) SystemInfo: free sram: 89179 minimal sram: 76675
I (53914549) SystemInfo: free sram: 88731 minimal sram: 76675
I (53924549) SystemInfo: free sram: 89179 minimal sram: 76675
I (53934549) SystemInfo: free sram: 88731 minimal sram: 76675
I (53944549) SystemInfo: free sram: 89179 minimal sram: 76675
I (53954549) SystemInfo: free sram: 88215 minimal sram: 76675
I (53964549) SystemInfo: free sram: 89695 minimal sram: 76675
I (53974549) SystemInfo: free sram: 88183 minimal sram: 76675
I (53984549) SystemInfo: free sram: 89695 minimal sram: 76675
I (53994569) SystemInfo: free sram: 88215 minimal sram: 76675
I (54004549) SystemInfo: free sram: 89695 minimal sram: 76675
I (54014559) SystemInfo: free sram: 88215 minimal sram: 76675
I (54024549) SystemInfo: free sram: 89695 minimal sram: 76675
I (54034549) SystemInfo: free sram: 88215 minimal sram: 76675
I (54044549) SystemInfo: free sram: 89179 minimal sram: 76675
I (54054549) SystemInfo: free sram: 88731 minimal sram: 76675
I (54064549) SystemInfo: free sram: 89179 minimal sram: 76675
I (54074549) SystemInfo: free sram: 88731 minimal sram: 76675
I (54084549) SystemInfo: free sram: 89663 minimal sram: 76675
I (54094549) SystemInfo: free sram: 88731 minimal sram: 76675
I (54104549) SystemInfo: free sram: 89695 minimal sram: 76675
I (54114549) SystemInfo: free sram: 88731 minimal sram: 76675
I (54124549) SystemInfo: free sram: 89179 minimal sram: 76675
I (54134549) SystemInfo: free sram: 88215 minimal sram: 76675
I (54144549) SystemInfo: free sram: 89695 minimal sram: 76675
I (54154549) SystemInfo: free sram: 88215 minimal sram: 76675
I (54164549) SystemInfo: free sram: 89695 minimal sram: 76675
I (54174549) SystemInfo: free sram: 88175 minimal sram: 76675
I (54184549) SystemInfo: free sram: 89695 minimal sram: 76675
I (54194549) SystemInfo: free sram: 88183 minimal sram: 76675
I (54204549) SystemInfo: free sram: 89179 minimal sram: 76675
I (54214559) SystemInfo: free sram: 88691 minimal sram: 76675
I (54224549) SystemInfo: free sram: 89179 minimal sram: 76675
I (54234549) SystemInfo: free sram: 89247 minimal sram: 76675
I (54244549) SystemInfo: free sram: 89695 minimal sram: 76675
I (54254549) SystemInfo: free sram: 88731 minimal sram: 76675
I (54264549) SystemInfo: free sram: 89179 minimal sram: 76675
I (54274549) SystemInfo: free sram: 88731 minimal sram: 76675
I (54284549) SystemInfo: free sram: 89179 minimal sram: 76675
I (54294569) SystemInfo: free sram: 88215 minimal sram: 76675
I (54304549) SystemInfo: free sram: 89663 minimal sram: 76675
I (54314549) SystemInfo: free sram: 88215 minimal sram: 76675
I (54324549) SystemInfo: free sram: 89695 minimal sram: 76675
I (54334549) SystemInfo: free sram: 88215 minimal sram: 76675
I (54344549) SystemInfo: free sram: 89695 minimal sram: 76675
I (54354549) SystemInfo: free sram: 88215 minimal sram: 76675
I (54364549) SystemInfo: free sram: 89695 minimal sram: 76675
I (54374549) SystemInfo: free sram: 88215 minimal sram: 76675
I (54384549) SystemInfo: free sram: 89179 minimal sram: 76675
I (54394549) SystemInfo: free sram: 88731 minimal sram: 76675
I (54404549) SystemInfo: free sram: 89179 minimal sram: 76675
I (54414559) SystemInfo: free sram: 88699 minimal sram: 76675
I (54424549) SystemInfo: free sram: 89179 minimal sram: 76675
I (54434549) SystemInfo: free sram: 88731 minimal sram: 76675
I (54444549) SystemInfo: free sram: 89179 minimal sram: 76675
I (54454549) SystemInfo: free sram: 88215 minimal sram: 76675
I (54464549) SystemInfo: free sram: 89695 minimal sram: 76675
I (54474569) SystemInfo: free sram: 88215 minimal sram: 76675
I (54484549) SystemInfo: free sram: 89695 minimal sram: 76675
I (54494549) SystemInfo: free sram: 88215 minimal sram: 76675
I (54504549) SystemInfo: free sram: 89695 minimal sram: 76675
I (54514549) SystemInfo: free sram: 88215 minimal sram: 76675
I (54524549) SystemInfo: free sram: 89663 minimal sram: 76675
I (54534549) SystemInfo: free sram: 88215 minimal sram: 76675
I (54544549) SystemInfo: free sram: 89179 minimal sram: 76675
I (54554549) SystemInfo: free sram: 88731 minimal sram: 76675
I (54564549) SystemInfo: free sram: 89179 minimal sram: 76675
I (54574549) SystemInfo: free sram: 88731 minimal sram: 76675
I (54584569) SystemInfo: free sram: 88215 minimal sram: 76675
I (54594549) SystemInfo: free sram: 88731 minimal sram: 76675
I (54604549) SystemInfo: free sram: 89179 minimal sram: 76675
I (54614549) SystemInfo: free sram: 88731 minimal sram: 76675
I (54624549) SystemInfo: free sram: 89179 minimal sram: 76675
I (54634549) SystemInfo: free sram: 88215 minimal sram: 76675
I (54644549) SystemInfo: free sram: 90691 minimal sram: 76675
I (54654549) SystemInfo: free sram: 88215 minimal sram: 76675
I (54664549) SystemInfo: free sram: 89695 minimal sram: 76675
I (54674569) SystemInfo: free sram: 90207 minimal sram: 76675
I (54684549) SystemInfo: free sram: 89695 minimal sram: 76675
I (54694549) SystemInfo: free sram: 88731 minimal sram: 76675
I (54704549) SystemInfo: free sram: 89695 minimal sram: 76675
I (54714549) SystemInfo: free sram: 88215 minimal sram: 76675
I (54724549) SystemInfo: free sram: 88215 minimal sram: 76675
I (54734549) SystemInfo: free sram: 88731 minimal sram: 76675
I (54744549) SystemInfo: free sram: 89179 minimal sram: 76675
I (54754549) SystemInfo: free sram: 88699 minimal sram: 76675
I (54764549) SystemInfo: free sram: 89179 minimal sram: 76675
I (54774549) SystemInfo: free sram: 88731 minimal sram: 76675
I (54784549) SystemInfo: free sram: 89179 minimal sram: 76675
I (54794549) SystemInfo: free sram: 88215 minimal sram: 76675
I (54804569) SystemInfo: free sram: 88731 minimal sram: 76675
I (54814549) SystemInfo: free sram: 88691 minimal sram: 76675
I (54824549) SystemInfo: free sram: 89695 minimal sram: 76675
I (54834569) SystemInfo: free sram: 88731 minimal sram: 76675
I (54844549) SystemInfo: free sram: 89695 minimal sram: 76675
I (54854549) SystemInfo: free sram: 88215 minimal sram: 76675
I (54864569) SystemInfo: free sram: 88699 minimal sram: 76675
I (54874549) SystemInfo: free sram: 88215 minimal sram: 76675
I (54884549) SystemInfo: free sram: 89179 minimal sram: 76675
I (54894549) SystemInfo: free sram: 88731 minimal sram: 76675
I (54904549) SystemInfo: free sram: 89179 minimal sram: 76675
I (54914549) SystemInfo: free sram: 88731 minimal sram: 76675
I (54924549) SystemInfo: free sram: 89179 minimal sram: 76675
I (54934549) SystemInfo: free sram: 88731 minimal sram: 76675
I (54944549) SystemInfo: free sram: 89179 minimal sram: 76675
I (54954549) SystemInfo: free sram: 88731 minimal sram: 76675
I (54964549) SystemInfo: free sram: 89179 minimal sram: 76675
I (54974549) SystemInfo: free sram: 88183 minimal sram: 76675
I (54984549) SystemInfo: free sram: 89695 minimal sram: 76675
I (54994569) SystemInfo: free sram: 89179 minimal sram: 76675
I (55004549) SystemInfo: free sram: 88731 minimal sram: 76675
I (55014549) SystemInfo: free sram: 88215 minimal sram: 76675
I (55024559) SystemInfo: free sram: 88731 minimal sram: 76675
I (55034549) SystemInfo: free sram: 88215 minimal sram: 76675
I (55044549) SystemInfo: free sram: 89179 minimal sram: 76675
I (55054569) SystemInfo: free sram: 89695 minimal sram: 76675
I (55064549) SystemInfo: free sram: 89179 minimal sram: 76675
I (55074549) SystemInfo: free sram: 88731 minimal sram: 76675
I (55084569) SystemInfo: free sram: 88183 minimal sram: 76675
I (55094549) SystemInfo: free sram: 88731 minimal sram: 76675
I (55104549) SystemInfo: free sram: 89179 minimal sram: 76675
I (55114569) SystemInfo: free sram: 88731 minimal sram: 76675
I (55124549) SystemInfo: free sram: 89179 minimal sram: 76675
I (55134559) SystemInfo: free sram: 88215 minimal sram: 76675
I (55144549) SystemInfo: free sram: 89695 minimal sram: 76675
I (55154549) SystemInfo: free sram: 88215 minimal sram: 76675
I (55164559) SystemInfo: free sram: 88731 minimal sram: 76675
I (55174549) SystemInfo: free sram: 88215 minimal sram: 76675
I (55184549) SystemInfo: free sram: 89695 minimal sram: 76675
I (55194549) SystemInfo: free sram: 88183 minimal sram: 76675
I (55204549) SystemInfo: free sram: 89695 minimal sram: 76675
I (55214549) SystemInfo: free sram: 88215 minimal sram: 76675
I (55224549) SystemInfo: free sram: 88215 minimal sram: 76675
I (55234549) SystemInfo: free sram: 88731 minimal sram: 76675
I (55244549) SystemInfo: free sram: 89179 minimal sram: 76675
I (55254549) SystemInfo: free sram: 88731 minimal sram: 76675
I (55264549) SystemInfo: free sram: 89179 minimal sram: 76675
I (55274559) SystemInfo: free sram: 88731 minimal sram: 76675
I (55284549) SystemInfo: free sram: 89179 minimal sram: 76675
I (55294549) SystemInfo: free sram: 88215 minimal sram: 76675
I (55304549) SystemInfo: free sram: 89663 minimal sram: 76675
I (55314549) SystemInfo: free sram: 88215 minimal sram: 76675
I (55324549) SystemInfo: free sram: 89695 minimal sram: 76675
I (55334549) SystemInfo: free sram: 88215 minimal sram: 76675
I (55344549) SystemInfo: free sram: 89695 minimal sram: 76675
I (55354549) SystemInfo: free sram: 88215 minimal sram: 76675
I (55364549) SystemInfo: free sram: 89695 minimal sram: 76675
I (55374549) SystemInfo: free sram: 88215 minimal sram: 76675
I (55384549) SystemInfo: free sram: 89179 minimal sram: 76675
I (55394549) SystemInfo: free sram: 88731 minimal sram: 76675
I (55404549) SystemInfo: free sram: 89695 minimal sram: 76675
I (55414549) SystemInfo: free sram: 88699 minimal sram: 76675
I (55424549) SystemInfo: free sram: 89179 minimal sram: 76675
I (55434559) SystemInfo: free sram: 88731 minimal sram: 76675
I (55444549) SystemInfo: free sram: 89179 minimal sram: 76675
I (55454549) SystemInfo: free sram: 88691 minimal sram: 76675
I (55464549) SystemInfo: free sram: 88215 minimal sram: 76675
I (55474549) SystemInfo: free sram: 88215 minimal sram: 76675
I (55484549) SystemInfo: free sram: 89695 minimal sram: 76675
I (55494549) SystemInfo: free sram: 88215 minimal sram: 76675
I (55504549) SystemInfo: free sram: 89695 minimal sram: 76675
I (55514549) SystemInfo: free sram: 88215 minimal sram: 76675
I (55524549) SystemInfo: free sram: 89663 minimal sram: 76675
I (55534549) SystemInfo: free sram: 88215 minimal sram: 76675
I (55544549) SystemInfo: free sram: 89179 minimal sram: 76675
I (55554559) SystemInfo: free sram: 88731 minimal sram: 76675
I (55564549) SystemInfo: free sram: 89179 minimal sram: 76675
I (55574569) SystemInfo: free sram: 88731 minimal sram: 76675
I (55584549) SystemInfo: free sram: 89179 minimal sram: 76675
I (55594549) SystemInfo: free sram: 88731 minimal sram: 76675
I (55604549) SystemInfo: free sram: 89179 minimal sram: 76675
I (55614549) SystemInfo: free sram: 89247 minimal sram: 76675
I (55624549) SystemInfo: free sram: 89179 minimal sram: 76675
I (55634549) SystemInfo: free sram: 88183 minimal sram: 76675
I (55644549) SystemInfo: free sram: 89695 minimal sram: 76675
I (55654549) SystemInfo: free sram: 88215 minimal sram: 76675
I (55664569) SystemInfo: free sram: 88731 minimal sram: 76675
I (55674549) SystemInfo: free sram: 88215 minimal sram: 76675
I (55684569) SystemInfo: free sram: 88731 minimal sram: 76675
I (55694549) SystemInfo: free sram: 88215 minimal sram: 76675
I (55704549) SystemInfo: free sram: 89695 minimal sram: 76675
I (55714549) SystemInfo: free sram: 88215 minimal sram: 76675
I (55724549) SystemInfo: free sram: 89179 minimal sram: 76675
I (55734559) SystemInfo: free sram: 88731 minimal sram: 76675
I (55744549) SystemInfo: free sram: 89147 minimal sram: 76675
I (55754549) SystemInfo: free sram: 88731 minimal sram: 76675
I (55764549) SystemInfo: free sram: 89179 minimal sram: 76675
I (55774569) SystemInfo: free sram: 89695 minimal sram: 76675
I (55784549) SystemInfo: free sram: 89179 minimal sram: 76675
I (55794549) SystemInfo: free sram: 88731 minimal sram: 76675
I (55804549) SystemInfo: free sram: 89179 minimal sram: 76675
I (55814549) SystemInfo: free sram: 88215 minimal sram: 76675
I (55824549) SystemInfo: free sram: 90211 minimal sram: 76675
I (55834569) SystemInfo: free sram: 89179 minimal sram: 76675
I (55844549) SystemInfo: free sram: 89695 minimal sram: 76675
I (55854559) SystemInfo: free sram: 88183 minimal sram: 76675
I (55864549) SystemInfo: free sram: 89695 minimal sram: 76675
I (55874549) SystemInfo: free sram: 88215 minimal sram: 76675
I (55884549) SystemInfo: free sram: 89179 minimal sram: 76675
I (55894549) SystemInfo: free sram: 88731 minimal sram: 76675
I (55904549) SystemInfo: free sram: 89179 minimal sram: 76675
I (55914549) SystemInfo: free sram: 88731 minimal sram: 76675
I (55924549) SystemInfo: free sram: 89179 minimal sram: 76675
I (55934549) SystemInfo: free sram: 88731 minimal sram: 76675
I (55944549) SystemInfo: free sram: 89179 minimal sram: 76675
I (55954549) SystemInfo: free sram: 88731 minimal sram: 76675
I (55964549) SystemInfo: free sram: 89147 minimal sram: 76675
I (55974549) SystemInfo: free sram: 88215 minimal sram: 76675
I (55984549) SystemInfo: free sram: 90723 minimal sram: 76675
I (55994569) SystemInfo: free sram: 89179 minimal sram: 76675
I (56004549) SystemInfo: free sram: 89695 minimal sram: 76675
I (56014549) SystemInfo: free sram: 89243 minimal sram: 76675
I (56024569) SystemInfo: free sram: 88731 minimal sram: 76675
I (56034549) SystemInfo: free sram: 88215 minimal sram: 76675
I (56044549) SystemInfo: free sram: 88731 minimal sram: 76675
I (56054549) SystemInfo: free sram: 88215 minimal sram: 76675
I (56064549) SystemInfo: free sram: 89179 minimal sram: 76675
I (56074549) SystemInfo: free sram: 88731 minimal sram: 76675
I (56084549) SystemInfo: free sram: 89147 minimal sram: 76675
I (56094549) SystemInfo: free sram: 88691 minimal sram: 76675
I (56104549) SystemInfo: free sram: 89179 minimal sram: 76675
I (56114559) SystemInfo: free sram: 88731 minimal sram: 76675
I (56124549) SystemInfo: free sram: 89179 minimal sram: 76675
I (56134549) SystemInfo: free sram: 88215 minimal sram: 76675
I (56144549) SystemInfo: free sram: 89695 minimal sram: 76675
I (56154549) SystemInfo: free sram: 88215 minimal sram: 76675
I (56164549) SystemInfo: free sram: 89695 minimal sram: 76675
I (56174549) SystemInfo: free sram: 88215 minimal sram: 76675
I (56184549) SystemInfo: free sram: 89695 minimal sram: 76675
I (56194549) SystemInfo: free sram: 88183 minimal sram: 76675
I (56204549) SystemInfo: free sram: 90211 minimal sram: 76675
I (56214549) SystemInfo: free sram: 88731 minimal sram: 76675
I (56224549) SystemInfo: free sram: 89179 minimal sram: 76675
I (56234549) SystemInfo: free sram: 88731 minimal sram: 76675
I (56244549) SystemInfo: free sram: 89179 minimal sram: 76675
I (56254549) SystemInfo: free sram: 88731 minimal sram: 76675
I (56264549) SystemInfo: free sram: 89179 minimal sram: 76675
I (56274549) SystemInfo: free sram: 88731 minimal sram: 76675
I (56284549) SystemInfo: free sram: 89179 minimal sram: 76675
I (56294549) SystemInfo: free sram: 88731 minimal sram: 76675
I (56304549) SystemInfo: free sram: 89147 minimal sram: 76675
I (56314549) SystemInfo: free sram: 88215 minimal sram: 76675
I (56324549) SystemInfo: free sram: 89695 minimal sram: 76675
I (56334549) SystemInfo: free sram: 88215 minimal sram: 76675
I (56344549) SystemInfo: free sram: 89695 minimal sram: 76675
I (56354549) SystemInfo: free sram: 88215 minimal sram: 76675
I (56364549) SystemInfo: free sram: 89695 minimal sram: 76675
I (56374549) SystemInfo: free sram: 88215 minimal sram: 76675
I (56384549) SystemInfo: free sram: 89179 minimal sram: 76675
I (56394549) SystemInfo: free sram: 88215 minimal sram: 76675
I (56404549) SystemInfo: free sram: 89179 minimal sram: 76675
I (56414549) SystemInfo: free sram: 88699 minimal sram: 76675
I (56424549) SystemInfo: free sram: 89179 minimal sram: 76675
I (56434549) SystemInfo: free sram: 88731 minimal sram: 76675
I (56444549) SystemInfo: free sram: 89179 minimal sram: 76675
I (56454549) SystemInfo: free sram: 88731 minimal sram: 76675
I (56464549) SystemInfo: free sram: 89179 minimal sram: 76675
I (56474549) SystemInfo: free sram: 88215 minimal sram: 76675
I (56484549) SystemInfo: free sram: 89695 minimal sram: 76675
I (56494569) SystemInfo: free sram: 88215 minimal sram: 76675
I (56504549) SystemInfo: free sram: 89695 minimal sram: 76675
I (56514549) SystemInfo: free sram: 88215 minimal sram: 76675
I (56524549) SystemInfo: free sram: 89663 minimal sram: 76675
I (56534549) SystemInfo: free sram: 88215 minimal sram: 76675
I (56544549) SystemInfo: free sram: 89695 minimal sram: 76675
I (56554569) SystemInfo: free sram: 89179 minimal sram: 76675
I (56564549) SystemInfo: free sram: 89695 minimal sram: 76675
I (56574549) SystemInfo: free sram: 88731 minimal sram: 76675
I (56584549) SystemInfo: free sram: 89179 minimal sram: 76675
I (56594549) SystemInfo: free sram: 88731 minimal sram: 76675
I (56604549) SystemInfo: free sram: 89179 minimal sram: 76675
I (56614559) SystemInfo: free sram: 88731 minimal sram: 76675
I (56624549) SystemInfo: free sram: 89179 minimal sram: 76675
I (56634569) SystemInfo: free sram: 88699 minimal sram: 76675
I (56644549) SystemInfo: free sram: 89179 minimal sram: 76675
I (56654549) SystemInfo: free sram: 88215 minimal sram: 76675
I (56664549) SystemInfo: free sram: 89695 minimal sram: 76675
I (56674549) SystemInfo: free sram: 88215 minimal sram: 76675
I (56684569) SystemInfo: free sram: 88731 minimal sram: 76675
I (56694549) SystemInfo: free sram: 88215 minimal sram: 76675
I (56704549) SystemInfo: free sram: 89695 minimal sram: 76675
I (56714549) SystemInfo: free sram: 88215 minimal sram: 76675
I (56724549) SystemInfo: free sram: 89179 minimal sram: 76675
I (56734549) SystemInfo: free sram: 88731 minimal sram: 76675
I (56744549) SystemInfo: free sram: 89179 minimal sram: 76675
I (56754549) SystemInfo: free sram: 88699 minimal sram: 76675
I (56764549) SystemInfo: free sram: 89179 minimal sram: 76675
I (56774549) SystemInfo: free sram: 88731 minimal sram: 76675
I (56784549) SystemInfo: free sram: 89179 minimal sram: 76675
I (56794549) SystemInfo: free sram: 88731 minimal sram: 76675
I (56804549) SystemInfo: free sram: 89179 minimal sram: 76675
I (56814549) SystemInfo: free sram: 88215 minimal sram: 76675
I (56824549) SystemInfo: free sram: 89695 minimal sram: 76675
I (56834569) SystemInfo: free sram: 89179 minimal sram: 76675
I (56844549) SystemInfo: free sram: 89695 minimal sram: 76675
I (56854549) SystemInfo: free sram: 88215 minimal sram: 76675
I (56864549) SystemInfo: free sram: 89663 minimal sram: 76675
I (56874549) SystemInfo: free sram: 88215 minimal sram: 76675
I (56884549) SystemInfo: free sram: 89695 minimal sram: 76675
I (56894549) SystemInfo: free sram: 88215 minimal sram: 76675
I (56904549) SystemInfo: free sram: 89179 minimal sram: 76675
I (56914549) SystemInfo: free sram: 88731 minimal sram: 76675
I (56924549) SystemInfo: free sram: 89179 minimal sram: 76675
I (56934549) SystemInfo: free sram: 88731 minimal sram: 76675
I (56944549) SystemInfo: free sram: 89179 minimal sram: 76675
I (56954549) SystemInfo: free sram: 88731 minimal sram: 76675
I (56964549) SystemInfo: free sram: 89179 minimal sram: 76675
I (56974549) SystemInfo: free sram: 88699 minimal sram: 76675
I (56984549) SystemInfo: free sram: 89695 minimal sram: 76675
I (56994559) SystemInfo: free sram: 88215 minimal sram: 76675
I (57004549) SystemInfo: free sram: 89695 minimal sram: 76675
I (57014549) SystemInfo: free sram: 88215 minimal sram: 76675
I (57024549) SystemInfo: free sram: 89695 minimal sram: 76675
I (57034549) SystemInfo: free sram: 88215 minimal sram: 76675
I (57044549) SystemInfo: free sram: 89695 minimal sram: 76675
I (57054549) SystemInfo: free sram: 88215 minimal sram: 76675
I (57064549) SystemInfo: free sram: 89179 minimal sram: 76675
I (57074549) SystemInfo: free sram: 88731 minimal sram: 76675
I (57084549) SystemInfo: free sram: 89147 minimal sram: 76675
I (57094549) SystemInfo: free sram: 88731 minimal sram: 76675
I (57104549) SystemInfo: free sram: 89179 minimal sram: 76675
I (57114549) SystemInfo: free sram: 88731 minimal sram: 76675
I (57124549) SystemInfo: free sram: 89179 minimal sram: 76675
I (57134569) SystemInfo: free sram: 88731 minimal sram: 76675
I (57144549) SystemInfo: free sram: 89179 minimal sram: 76675
I (57154549) SystemInfo: free sram: 88215 minimal sram: 76675
I (57164549) SystemInfo: free sram: 89695 minimal sram: 76675
I (57174549) SystemInfo: free sram: 88215 minimal sram: 76675
I (57184549) SystemInfo: free sram: 89695 minimal sram: 76675
I (57194549) SystemInfo: free sram: 88183 minimal sram: 76675
I (57204549) SystemInfo: free sram: 89695 minimal sram: 76675
I (57214549) SystemInfo: free sram: 88215 minimal sram: 76675
I (57224549) SystemInfo: free sram: 89179 minimal sram: 76675
I (57234549) SystemInfo: free sram: 88215 minimal sram: 76675
I (57244549) SystemInfo: free sram: 89179 minimal sram: 76675
I (57254549) SystemInfo: free sram: 88731 minimal sram: 76675
I (57264549) SystemInfo: free sram: 89179 minimal sram: 76675
I (57274549) SystemInfo: free sram: 88731 minimal sram: 76675
I (57284549) SystemInfo: free sram: 89179 minimal sram: 76675
I (57294549) SystemInfo: free sram: 88731 minimal sram: 76675
I (57304549) SystemInfo: free sram: 89663 minimal sram: 76675
I (57314549) SystemInfo: free sram: 88215 minimal sram: 76675
I (57324549) SystemInfo: free sram: 90723 minimal sram: 76675
I (57334569) SystemInfo: free sram: 89179 minimal sram: 76675
I (57344549) SystemInfo: free sram: 89695 minimal sram: 76675
I (57354549) SystemInfo: free sram: 89243 minimal sram: 76675
I (57364549) SystemInfo: free sram: 89695 minimal sram: 76675
I (57374549) SystemInfo: free sram: 88215 minimal sram: 76675
I (57384549) SystemInfo: free sram: 89695 minimal sram: 76675
I (57394569) SystemInfo: free sram: 89179 minimal sram: 76675
I (57404549) SystemInfo: free sram: 89179 minimal sram: 76675
I (57414559) SystemInfo: free sram: 88699 minimal sram: 76675
I (57424549) SystemInfo: free sram: 89179 minimal sram: 76675
I (57434549) SystemInfo: free sram: 88731 minimal sram: 76675
I (57444549) SystemInfo: free sram: 89695 minimal sram: 76675
I (57454549) SystemInfo: free sram: 88731 minimal sram: 76675
I (57464549) SystemInfo: free sram: 89179 minimal sram: 76675
I (57474549) SystemInfo: free sram: 88731 minimal sram: 76675
I (57484549) SystemInfo: free sram: 89179 minimal sram: 76675
I (57494549) SystemInfo: free sram: 88215 minimal sram: 76675
I (57504549) SystemInfo: free sram: 88731 minimal sram: 76675
I (57514549) SystemInfo: free sram: 88215 minimal sram: 76675
I (57524559) SystemInfo: free sram: 88699 minimal sram: 76675
I (57534549) SystemInfo: free sram: 88215 minimal sram: 76675
I (57544549) SystemInfo: free sram: 89655 minimal sram: 76675
I (57554549) SystemInfo: free sram: 88215 minimal sram: 76675
I (57564549) SystemInfo: free sram: 89179 minimal sram: 76675
I (57574549) SystemInfo: free sram: 88731 minimal sram: 76675
I (57584569) SystemInfo: free sram: 88215 minimal sram: 76675
I (57594549) SystemInfo: free sram: 88731 minimal sram: 76675
I (57604549) SystemInfo: free sram: 88215 minimal sram: 76675
I (57614549) SystemInfo: free sram: 88731 minimal sram: 76675
I (57624549) SystemInfo: free sram: 89179 minimal sram: 76675
I (57634549) SystemInfo: free sram: 88731 minimal sram: 76675
I (57644549) SystemInfo: free sram: 89147 minimal sram: 76675
I (57654549) SystemInfo: free sram: 88215 minimal sram: 76675
I (57664559) SystemInfo: free sram: 88731 minimal sram: 76675
I (57674549) SystemInfo: free sram: 88215 minimal sram: 76675
I (57684549) SystemInfo: free sram: 89695 minimal sram: 76675
I (57694549) SystemInfo: free sram: 88215 minimal sram: 76675
I (57704549) SystemInfo: free sram: 89695 minimal sram: 76675
I (57714549) SystemInfo: free sram: 88215 minimal sram: 76675
I (57724549) SystemInfo: free sram: 89695 minimal sram: 76675
I (57734549) SystemInfo: free sram: 88215 minimal sram: 76675
I (57744549) SystemInfo: free sram: 89179 minimal sram: 76675
I (57754549) SystemInfo: free sram: 88699 minimal sram: 76675
I (57764549) SystemInfo: free sram: 89179 minimal sram: 76675
I (57774549) SystemInfo: free sram: 88731 minimal sram: 76675
I (57784549) SystemInfo: free sram: 89179 minimal sram: 76675
I (57794549) SystemInfo: free sram: 88731 minimal sram: 76675
I (57804549) SystemInfo: free sram: 89179 minimal sram: 76675
I (57814549) SystemInfo: free sram: 88215 minimal sram: 76675
I (57824549) SystemInfo: free sram: 89695 minimal sram: 76675
I (57834549) SystemInfo: free sram: 88215 minimal sram: 76675
I (57844549) SystemInfo: free sram: 89695 minimal sram: 76675
I (57854549) SystemInfo: free sram: 88215 minimal sram: 76675
I (57864569) SystemInfo: free sram: 88699 minimal sram: 76675
I (57874549) SystemInfo: free sram: 88215 minimal sram: 76675
I (57884549) SystemInfo: free sram: 89695 minimal sram: 76675
I (57894549) SystemInfo: free sram: 88215 minimal sram: 76675
I (57904549) SystemInfo: free sram: 89179 minimal sram: 76675
I (57914549) SystemInfo: free sram: 88731 minimal sram: 76675
I (57924549) SystemInfo: free sram: 89179 minimal sram: 76675
I (57934549) SystemInfo: free sram: 88731 minimal sram: 76675
I (57944549) SystemInfo: free sram: 89179 minimal sram: 76675
I (57954559) SystemInfo: free sram: 88731 minimal sram: 76675
I (57964549) SystemInfo: free sram: 89179 minimal sram: 76675
I (57974549) SystemInfo: free sram: 88699 minimal sram: 76675
I (57984549) SystemInfo: free sram: 89179 minimal sram: 76675
I (57994549) SystemInfo: free sram: 88215 minimal sram: 76675
I (58004549) SystemInfo: free sram: 89695 minimal sram: 76675
I (58014549) SystemInfo: free sram: 88215 minimal sram: 76675
I (58024549) SystemInfo: free sram: 89695 minimal sram: 76675
I (58034549) SystemInfo: free sram: 88215 minimal sram: 76675
I (58044549) SystemInfo: free sram: 89695 minimal sram: 76675
I (58054549) SystemInfo: free sram: 88215 minimal sram: 76675
I (58064569) SystemInfo: free sram: 88215 minimal sram: 76675
I (58074549) SystemInfo: free sram: 88731 minimal sram: 76675
I (58084549) SystemInfo: free sram: 89179 minimal sram: 76675
I (58094549) SystemInfo: free sram: 88699 minimal sram: 76675
I (58104549) SystemInfo: free sram: 89179 minimal sram: 76675
I (58114549) SystemInfo: free sram: 88731 minimal sram: 76675
I (58124549) SystemInfo: free sram: 89179 minimal sram: 76675
I (58134549) SystemInfo: free sram: 88731 minimal sram: 76675
I (58144569) SystemInfo: free sram: 88731 minimal sram: 76675
I (58154549) SystemInfo: free sram: 88215 minimal sram: 76675
I (58164549) SystemInfo: free sram: 89695 minimal sram: 76675
I (58174569) SystemInfo: free sram: 89179 minimal sram: 76675
I (58184549) SystemInfo: free sram: 89655 minimal sram: 76675
I (58194549) SystemInfo: free sram: 88215 minimal sram: 76675
I (58204549) SystemInfo: free sram: 89663 minimal sram: 76675
I (58214549) SystemInfo: free sram: 88215 minimal sram: 76675
I (58224549) SystemInfo: free sram: 89695 minimal sram: 76675
I (58234549) SystemInfo: free sram: 88215 minimal sram: 76675
I (58244569) SystemInfo: free sram: 88215 minimal sram: 76675
I (58254549) SystemInfo: free sram: 89247 minimal sram: 76675
I (58264549) SystemInfo: free sram: 89695 minimal sram: 76675
I (58274569) SystemInfo: free sram: 89695 minimal sram: 76675
I (58284549) SystemInfo: free sram: 89179 minimal sram: 76675
I (58294549) SystemInfo: free sram: 88731 minimal sram: 76675
I (58304549) SystemInfo: free sram: 89179 minimal sram: 76675
I (58314549) SystemInfo: free sram: 88699 minimal sram: 76675
I (58324549) SystemInfo: free sram: 89179 minimal sram: 76675
I (58334549) SystemInfo: free sram: 88215 minimal sram: 76675
I (58344549) SystemInfo: free sram: 89695 minimal sram: 76675
I (58354549) SystemInfo: free sram: 88215 minimal sram: 76675
I (58364569) SystemInfo: free sram: 88731 minimal sram: 76675
I (58374549) SystemInfo: free sram: 88215 minimal sram: 76675
I (58384549) SystemInfo: free sram: 88731 minimal sram: 76675
I (58394549) SystemInfo: free sram: 88215 minimal sram: 76675
I (58404549) SystemInfo: free sram: 89179 minimal sram: 76675
I (58414549) SystemInfo: free sram: 88731 minimal sram: 76675
I (58424549) SystemInfo: free sram: 89695 minimal sram: 76675
I (58434549) SystemInfo: free sram: 88731 minimal sram: 76675
I (58444549) SystemInfo: free sram: 89147 minimal sram: 76675
I (58454559) SystemInfo: free sram: 88699 minimal sram: 76675
I (58464549) SystemInfo: free sram: 89179 minimal sram: 76675
I (58474549) SystemInfo: free sram: 88731 minimal sram: 76675
I (58484549) SystemInfo: free sram: 89179 minimal sram: 76675
I (58494549) SystemInfo: free sram: 88215 minimal sram: 76675
I (58504549) SystemInfo: free sram: 89695 minimal sram: 76675
I (58514549) SystemInfo: free sram: 88215 minimal sram: 76675
I (58524569) SystemInfo: free sram: 88731 minimal sram: 76675
I (58534549) SystemInfo: free sram: 88731 minimal sram: 76675
I (58544549) SystemInfo: free sram: 89695 minimal sram: 76675
I (58554549) SystemInfo: free sram: 88215 minimal sram: 76675
I (58564549) SystemInfo: free sram: 89663 minimal sram: 76675
I (58574549) SystemInfo: free sram: 88215 minimal sram: 76675
I (58584549) SystemInfo: free sram: 89179 minimal sram: 76675
I (58594549) SystemInfo: free sram: 88731 minimal sram: 76675
I (58604549) SystemInfo: free sram: 89179 minimal sram: 76675
I (58614549) SystemInfo: free sram: 88731 minimal sram: 76675
I (58624549) SystemInfo: free sram: 89179 minimal sram: 76675
I (58634549) SystemInfo: free sram: 88731 minimal sram: 76675
I (58644569) SystemInfo: free sram: 88215 minimal sram: 76675
I (58654549) SystemInfo: free sram: 88215 minimal sram: 76675
I (58664549) SystemInfo: free sram: 90723 minimal sram: 76675
I (58674549) SystemInfo: free sram: 88183 minimal sram: 76675
I (58684549) SystemInfo: free sram: 89695 minimal sram: 76675
I (58694559) SystemInfo: free sram: 89243 minimal sram: 76675
I (58704549) SystemInfo: free sram: 89695 minimal sram: 76675
I (58714549) SystemInfo: free sram: 88215 minimal sram: 76675
I (58724559) SystemInfo: free sram: 88731 minimal sram: 76675
I (58734549) SystemInfo: free sram: 88215 minimal sram: 76675
I (58744549) SystemInfo: free sram: 89179 minimal sram: 76675
I (58754549) SystemInfo: free sram: 88731 minimal sram: 76675
I (58764549) SystemInfo: free sram: 89179 minimal sram: 76675
I (58774549) SystemInfo: free sram: 88731 minimal sram: 76675
I (58784549) SystemInfo: free sram: 88183 minimal sram: 76675
I (58794549) SystemInfo: free sram: 88731 minimal sram: 76675
I (58804569) SystemInfo: free sram: 88215 minimal sram: 76675
I (58814549) SystemInfo: free sram: 88731 minimal sram: 76675
I (58824549) SystemInfo: free sram: 89139 minimal sram: 76675
I (58834569) SystemInfo: free sram: 88215 minimal sram: 76675
I (58844549) SystemInfo: free sram: 89695 minimal sram: 76675
I (58854549) SystemInfo: free sram: 88215 minimal sram: 76675
I (58864549) SystemInfo: free sram: 89695 minimal sram: 76675
I (58874549) SystemInfo: free sram: 88215 minimal sram: 76675
I (58884549) SystemInfo: free sram: 89695 minimal sram: 76675
I (58894549) SystemInfo: free sram: 88183 minimal sram: 76675
I (58904549) SystemInfo: free sram: 89179 minimal sram: 76675
I (58914559) SystemInfo: free sram: 88215 minimal sram: 76675
I (58924549) SystemInfo: free sram: 89179 minimal sram: 76675
I (58934549) SystemInfo: free sram: 88731 minimal sram: 76675
I (58944549) SystemInfo: free sram: 89179 minimal sram: 76675
I (58954549) SystemInfo: free sram: 88731 minimal sram: 76675
I (58964549) SystemInfo: free sram: 89179 minimal sram: 76675
I (58974549) SystemInfo: free sram: 88731 minimal sram: 76675
I (58984549) SystemInfo: free sram: 89179 minimal sram: 76675
I (58994549) SystemInfo: free sram: 88215 minimal sram: 76675
I (59004549) SystemInfo: free sram: 89663 minimal sram: 76675
I (59014559) SystemInfo: free sram: 88183 minimal sram: 76675
I (59024549) SystemInfo: free sram: 89695 minimal sram: 76675
I (59034549) SystemInfo: free sram: 88215 minimal sram: 76675
I (59044549) SystemInfo: free sram: 89695 minimal sram: 76675
I (59054549) SystemInfo: free sram: 88215 minimal sram: 76675
I (59064549) SystemInfo: free sram: 89695 minimal sram: 76675
I (59074549) SystemInfo: free sram: 88215 minimal sram: 76675
I (59084549) SystemInfo: free sram: 89179 minimal sram: 76675
I (59094549) SystemInfo: free sram: 88731 minimal sram: 76675
I (59104549) SystemInfo: free sram: 89179 minimal sram: 76675
I (59114569) SystemInfo: free sram: 89695 minimal sram: 76675
I (59124549) SystemInfo: free sram: 89147 minimal sram: 76675
I (59134549) SystemInfo: free sram: 88731 minimal sram: 76675
I (59144549) SystemInfo: free sram: 89695 minimal sram: 76675
I (59154549) SystemInfo: free sram: 89247 minimal sram: 76675
I (59164549) SystemInfo: free sram: 89179 minimal sram: 76675
I (59174549) SystemInfo: free sram: 88215 minimal sram: 76675
I (59184549) SystemInfo: free sram: 89695 minimal sram: 76675
I (59194549) SystemInfo: free sram: 88215 minimal sram: 76675
I (59204549) SystemInfo: free sram: 89695 minimal sram: 76675
I (59214549) SystemInfo: free sram: 88215 minimal sram: 76675
I (59224549) SystemInfo: free sram: 89695 minimal sram: 76675
I (59234559) SystemInfo: free sram: 88183 minimal sram: 76675
I (59244549) SystemInfo: free sram: 89179 minimal sram: 76675
I (59254549) SystemInfo: free sram: 88731 minimal sram: 76675
I (59264569) SystemInfo: free sram: 88215 minimal sram: 76675
I (59274549) SystemInfo: free sram: 88731 minimal sram: 76675
I (59284549) SystemInfo: free sram: 89179 minimal sram: 76675
I (59294549) SystemInfo: free sram: 88731 minimal sram: 76675
I (59304549) SystemInfo: free sram: 89179 minimal sram: 76675
I (59314549) SystemInfo: free sram: 88731 minimal sram: 76675
I (59324549) SystemInfo: free sram: 89179 minimal sram: 76675
I (59334549) SystemInfo: free sram: 88215 minimal sram: 76675
I (59344549) SystemInfo: free sram: 89663 minimal sram: 76675
I (59354549) SystemInfo: free sram: 88215 minimal sram: 76675
I (59364549) SystemInfo: free sram: 89695 minimal sram: 76675
I (59374549) SystemInfo: free sram: 88215 minimal sram: 76675
I (59384549) SystemInfo: free sram: 89695 minimal sram: 76675
I (59394559) SystemInfo: free sram: 88215 minimal sram: 76675
I (59404549) SystemInfo: free sram: 89695 minimal sram: 76675
I (59414549) SystemInfo: free sram: 88215 minimal sram: 76675
I (59424549) SystemInfo: free sram: 89179 minimal sram: 76675
I (59434549) SystemInfo: free sram: 88731 minimal sram: 76675
I (59444549) SystemInfo: free sram: 89179 minimal sram: 76675
I (59454569) SystemInfo: free sram: 88699 minimal sram: 76675
I (59464549) SystemInfo: free sram: 89139 minimal sram: 76675
I (59474549) SystemInfo: free sram: 89247 minimal sram: 76675
I (59484549) SystemInfo: free sram: 89179 minimal sram: 76675
I (59494549) SystemInfo: free sram: 88215 minimal sram: 76675
I (59504549) SystemInfo: free sram: 89695 minimal sram: 76675
I (59514569) SystemInfo: free sram: 88215 minimal sram: 76675
I (59524549) SystemInfo: free sram: 89695 minimal sram: 76675
I (59534549) SystemInfo: free sram: 88215 minimal sram: 76675
I (59544549) SystemInfo: free sram: 89695 minimal sram: 76675
I (59554549) SystemInfo: free sram: 88215 minimal sram: 76675
I (59564549) SystemInfo: free sram: 89695 minimal sram: 76675
I (59574549) SystemInfo: free sram: 88183 minimal sram: 76675
I (59584549) SystemInfo: free sram: 89179 minimal sram: 76675
I (59594569) SystemInfo: free sram: 88731 minimal sram: 76675
I (59604549) SystemInfo: free sram: 89179 minimal sram: 76675
I (59614549) SystemInfo: free sram: 88731 minimal sram: 76675
I (59624549) SystemInfo: free sram: 89179 minimal sram: 76675
I (59634549) SystemInfo: free sram: 88731 minimal sram: 76675
I (59644549) SystemInfo: free sram: 89179 minimal sram: 76675
I (59654549) SystemInfo: free sram: 88731 minimal sram: 76675
I (59664549) SystemInfo: free sram: 89179 minimal sram: 76675
I (59674569) SystemInfo: free sram: 89179 minimal sram: 76675
I (59684549) SystemInfo: free sram: 89663 minimal sram: 76675
I (59694549) SystemInfo: free sram: 88215 minimal sram: 76675
I (59704549) SystemInfo: free sram: 89695 minimal sram: 76675
I (59714549) SystemInfo: free sram: 88215 minimal sram: 76675
I (59724549) SystemInfo: free sram: 89695 minimal sram: 76675
I (59734569) SystemInfo: free sram: 88215 minimal sram: 76675
I (59744549) SystemInfo: free sram: 89695 minimal sram: 76675
I (59754569) SystemInfo: free sram: 88215 minimal sram: 76675
I (59764549) SystemInfo: free sram: 89179 minimal sram: 76675
I (59774549) SystemInfo: free sram: 88731 minimal sram: 76675
I (59784549) SystemInfo: free sram: 89179 minimal sram: 76675
I (59794569) SystemInfo: free sram: 89663 minimal sram: 76675
I (59804549) SystemInfo: free sram: 89179 minimal sram: 76675
I (59814549) SystemInfo: free sram: 88731 minimal sram: 76675
I (59824559) SystemInfo: free sram: 88215 minimal sram: 76675
I (59834549) SystemInfo: free sram: 88215 minimal sram: 76675
I (59844549) SystemInfo: free sram: 89695 minimal sram: 76675
I (59854549) SystemInfo: free sram: 88215 minimal sram: 76675
I (59864549) SystemInfo: free sram: 89695 minimal sram: 76675
I (59874549) SystemInfo: free sram: 88215 minimal sram: 76675
I (59884549) SystemInfo: free sram: 89695 minimal sram: 76675
I (59894549) SystemInfo: free sram: 88215 minimal sram: 76675
I (59904549) SystemInfo: free sram: 88699 minimal sram: 76675
I (59914549) SystemInfo: free sram: 88215 minimal sram: 76675
I (59924549) SystemInfo: free sram: 89179 minimal sram: 76675
I (59934549) SystemInfo: free sram: 88731 minimal sram: 76675
I (59944549) SystemInfo: free sram: 89179 minimal sram: 76675
I (59954569) SystemInfo: free sram: 89695 minimal sram: 76675
I (59964559) SystemInfo: free sram: 88215 minimal sram: 76675
I (59974549) SystemInfo: free sram: 88731 minimal sram: 76675
I (59984549) SystemInfo: free sram: 89179 minimal sram: 76675
I (59994549) SystemInfo: free sram: 88731 minimal sram: 76675
I (60004549) SystemInfo: free sram: 90207 minimal sram: 76675
I (60014549) SystemInfo: free sram: 88183 minimal sram: 76675
I (60024549) SystemInfo: free sram: 88699 minimal sram: 76675
I (60034549) SystemInfo: free sram: 89243 minimal sram: 76675
I (60044549) SystemInfo: free sram: 89695 minimal sram: 76675
I (60054549) SystemInfo: free sram: 88215 minimal sram: 76675
I (60064549) SystemInfo: free sram: 89695 minimal sram: 76675
I (60074549) SystemInfo: free sram: 88215 minimal sram: 76675
I (60084549) SystemInfo: free sram: 89179 minimal sram: 76675
I (60094549) SystemInfo: free sram: 88731 minimal sram: 76675
I (60104549) SystemInfo: free sram: 89139 minimal sram: 76675
I (60114549) SystemInfo: free sram: 88731 minimal sram: 76675
I (60124569) SystemInfo: free sram: 88215 minimal sram: 76675
I (60134549) SystemInfo: free sram: 88699 minimal sram: 76675
I (60144549) SystemInfo: free sram: 89179 minimal sram: 76675
I (60154549) SystemInfo: free sram: 88731 minimal sram: 76675
I (60164549) SystemInfo: free sram: 89179 minimal sram: 76675
I (60174549) SystemInfo: free sram: 88215 minimal sram: 76675
I (60184559) SystemInfo: free sram: 88731 minimal sram: 76675
I (60194549) SystemInfo: free sram: 88215 minimal sram: 76675
I (60204569) SystemInfo: free sram: 88731 minimal sram: 76675
I (60214549) SystemInfo: free sram: 88215 minimal sram: 76675
I (60224549) SystemInfo: free sram: 89695 minimal sram: 76675
I (60234549) SystemInfo: free sram: 88215 minimal sram: 76675
I (60244549) SystemInfo: free sram: 88699 minimal sram: 76675
I (60254549) SystemInfo: free sram: 88215 minimal sram: 76675
I (60264549) SystemInfo: free sram: 89179 minimal sram: 76675
I (60274559) SystemInfo: free sram: 88691 minimal sram: 76675
I (60284549) SystemInfo: free sram: 89179 minimal sram: 76675
I (60294549) SystemInfo: free sram: 88731 minimal sram: 76675
I (60304559) SystemInfo: free sram: 88215 minimal sram: 76675
I (60314549) SystemInfo: free sram: 88731 minimal sram: 76675
I (60324569) SystemInfo: free sram: 88215 minimal sram: 76675
I (60334549) SystemInfo: free sram: 88215 minimal sram: 76675
I (60344549) SystemInfo: free sram: 89695 minimal sram: 76675
I (60354549) SystemInfo: free sram: 88183 minimal sram: 76675
I (60364549) SystemInfo: free sram: 89695 minimal sram: 76675
I (60374549) SystemInfo: free sram: 88215 minimal sram: 76675
I (60384549) SystemInfo: free sram: 89695 minimal sram: 76675
I (60394549) SystemInfo: free sram: 88215 minimal sram: 76675
I (60404549) SystemInfo: free sram: 88731 minimal sram: 76675
I (60414549) SystemInfo: free sram: 88215 minimal sram: 76675
I (60424549) SystemInfo: free sram: 89179 minimal sram: 76675
I (60434549) SystemInfo: free sram: 88731 minimal sram: 76675
I (60444549) SystemInfo: free sram: 89179 minimal sram: 76675
I (60454549) SystemInfo: free sram: 88731 minimal sram: 76675
I (60464569) SystemInfo: free sram: 88183 minimal sram: 76675
I (60474549) SystemInfo: free sram: 88731 minimal sram: 76675
I (60484549) SystemInfo: free sram: 89179 minimal sram: 76675
I (60494549) SystemInfo: free sram: 88731 minimal sram: 76675
I (60504549) SystemInfo: free sram: 89179 minimal sram: 76675
I (60514549) SystemInfo: free sram: 88215 minimal sram: 76675
I (60524569) SystemInfo: free sram: 88731 minimal sram: 76675
I (60534549) SystemInfo: free sram: 88215 minimal sram: 76675
I (60544549) SystemInfo: free sram: 90211 minimal sram: 76675
I (60554549) SystemInfo: free sram: 88215 minimal sram: 76675
I (60564549) SystemInfo: free sram: 89695 minimal sram: 76675
I (60574549) SystemInfo: free sram: 88215 minimal sram: 76675
I (60584549) SystemInfo: free sram: 88183 minimal sram: 76675
I (60594549) SystemInfo: free sram: 88215 minimal sram: 76675
I (60604569) SystemInfo: free sram: 88215 minimal sram: 76675
I (60614549) SystemInfo: free sram: 88731 minimal sram: 76675
I (60624549) SystemInfo: free sram: 89179 minimal sram: 76675
I (60634549) SystemInfo: free sram: 88731 minimal sram: 76675
I (60644549) SystemInfo: free sram: 89179 minimal sram: 76675
I (60654549) SystemInfo: free sram: 88731 minimal sram: 76675
I (60664559) SystemInfo: free sram: 88215 minimal sram: 76675
I (60674549) SystemInfo: free sram: 88215 minimal sram: 76675
I (60684549) SystemInfo: free sram: 89695 minimal sram: 76675
I (60694569) SystemInfo: free sram: 88183 minimal sram: 76675
I (60704549) SystemInfo: free sram: 89695 minimal sram: 76675
I (60714559) SystemInfo: free sram: 88215 minimal sram: 76675
I (60724549) SystemInfo: free sram: 89695 minimal sram: 76675
I (60734549) SystemInfo: free sram: 88215 minimal sram: 76675
I (60744549) SystemInfo: free sram: 89695 minimal sram: 76675
I (60754549) SystemInfo: free sram: 88215 minimal sram: 76675
I (60764549) SystemInfo: free sram: 89179 minimal sram: 76675
I (60774549) SystemInfo: free sram: 88731 minimal sram: 76675
I (60784549) SystemInfo: free sram: 89179 minimal sram: 76675
I (60794569) SystemInfo: free sram: 89695 minimal sram: 76675
I (60804569) SystemInfo: free sram: 88183 minimal sram: 76675
I (60814549) SystemInfo: free sram: 88731 minimal sram: 76675
I (60824549) SystemInfo: free sram: 89695 minimal sram: 76675
I (60834549) SystemInfo: free sram: 89247 minimal sram: 76675
I (60844549) SystemInfo: free sram: 89179 minimal sram: 76675
I (60854569) SystemInfo: free sram: 89179 minimal sram: 76675
I (60864549) SystemInfo: free sram: 89695 minimal sram: 76675
I (60874549) SystemInfo: free sram: 88215 minimal sram: 76675
I (60884549) SystemInfo: free sram: 89695 minimal sram: 76675
I (60894549) SystemInfo: free sram: 88215 minimal sram: 76675
I (60904549) SystemInfo: free sram: 89695 minimal sram: 76675
I (60914559) SystemInfo: free sram: 88183 minimal sram: 76675
I (60924549) SystemInfo: free sram: 89179 minimal sram: 76675
I (60934549) SystemInfo: free sram: 88731 minimal sram: 76675
I (60944549) SystemInfo: free sram: 89179 minimal sram: 76675
I (60954549) SystemInfo: free sram: 88731 minimal sram: 76675
I (60964549) SystemInfo: free sram: 89179 minimal sram: 76675
I (60974549) SystemInfo: free sram: 89247 minimal sram: 76675
I (60984549) SystemInfo: free sram: 89179 minimal sram: 76675
I (60994549) SystemInfo: free sram: 88731 minimal sram: 76675
I (61004549) SystemInfo: free sram: 89179 minimal sram: 76675
I (61014549) SystemInfo: free sram: 88215 minimal sram: 76675
I (61024559) SystemInfo: free sram: 88699 minimal sram: 76675
I (61034549) SystemInfo: free sram: 88215 minimal sram: 76675
I (61044549) SystemInfo: free sram: 89695 minimal sram: 76675
I (61054549) SystemInfo: free sram: 88215 minimal sram: 76675
I (61064549) SystemInfo: free sram: 89695 minimal sram: 76675
I (61074549) SystemInfo: free sram: 88215 minimal sram: 76675
I (61084549) SystemInfo: free sram: 88731 minimal sram: 76675
I (61094549) SystemInfo: free sram: 88215 minimal sram: 76675
I (61104549) SystemInfo: free sram: 89179 minimal sram: 76675
I (61114559) SystemInfo: free sram: 88731 minimal sram: 76675
I (61124549) SystemInfo: free sram: 89179 minimal sram: 76675
I (61134549) SystemInfo: free sram: 88731 minimal sram: 76675
I (61144549) SystemInfo: free sram: 89147 minimal sram: 76675
I (61154549) SystemInfo: free sram: 88731 minimal sram: 76675
I (61164559) SystemInfo: free sram: 88215 minimal sram: 76675
I (61174549) SystemInfo: free sram: 88215 minimal sram: 76675
I (61184549) SystemInfo: free sram: 89695 minimal sram: 76675
I (61194569) SystemInfo: free sram: 88215 minimal sram: 76675
I (61204549) SystemInfo: free sram: 89695 minimal sram: 76675
I (61214549) SystemInfo: free sram: 88215 minimal sram: 76675
I (61224569) SystemInfo: free sram: 88731 minimal sram: 76675
I (61234549) SystemInfo: free sram: 88215 minimal sram: 76675
I (61244549) SystemInfo: free sram: 89695 minimal sram: 76675
I (61254569) SystemInfo: free sram: 89107 minimal sram: 76675
I (61264549) SystemInfo: free sram: 89179 minimal sram: 76675
I (61274559) SystemInfo: free sram: 88731 minimal sram: 76675
I (61284549) SystemInfo: free sram: 89179 minimal sram: 76675
I (61294549) SystemInfo: free sram: 88731 minimal sram: 76675
I (61304549) SystemInfo: free sram: 89695 minimal sram: 76675
I (61314549) SystemInfo: free sram: 89247 minimal sram: 76675
I (61324549) SystemInfo: free sram: 89179 minimal sram: 76675
I (61334549) SystemInfo: free sram: 88731 minimal sram: 76675
I (61344549) SystemInfo: free sram: 90207 minimal sram: 76675
I (61354569) SystemInfo: free sram: 89179 minimal sram: 76675
I (61364549) SystemInfo: free sram: 89663 minimal sram: 76675
I (61374549) SystemInfo: free sram: 89243 minimal sram: 76675
I (61384549) SystemInfo: free sram: 89695 minimal sram: 76675
I (61394549) SystemInfo: free sram: 88215 minimal sram: 76675
I (61404549) SystemInfo: free sram: 89695 minimal sram: 76675
I (61414549) SystemInfo: free sram: 88215 minimal sram: 76675
I (61424549) SystemInfo: free sram: 89179 minimal sram: 76675
I (61434549) SystemInfo: free sram: 88215 minimal sram: 76675
I (61444549) SystemInfo: free sram: 88215 minimal sram: 76675
I (61454549) SystemInfo: free sram: 88731 minimal sram: 76675
I (61464549) SystemInfo: free sram: 89179 minimal sram: 76675
I (61474569) SystemInfo: free sram: 88699 minimal sram: 76675
I (61484549) SystemInfo: free sram: 89179 minimal sram: 76675
I (61494549) SystemInfo: free sram: 88731 minimal sram: 76675
I (61504549) SystemInfo: free sram: 89179 minimal sram: 76675
I (61514549) SystemInfo: free sram: 88215 minimal sram: 76675
I (61524549) SystemInfo: free sram: 89695 minimal sram: 76675
I (61534569) SystemInfo: free sram: 89179 minimal sram: 76675
I (61544549) SystemInfo: free sram: 89695 minimal sram: 76675
I (61554549) SystemInfo: free sram: 88215 minimal sram: 76675
I (61564559) SystemInfo: free sram: 88731 minimal sram: 76675
I (61574549) SystemInfo: free sram: 88215 minimal sram: 76675
I (61584549) SystemInfo: free sram: 89695 minimal sram: 76675
I (61594569) SystemInfo: free sram: 88183 minimal sram: 76675
I (61604549) SystemInfo: free sram: 89179 minimal sram: 76675
I (61614569) SystemInfo: free sram: 88731 minimal sram: 76675
I (61624549) SystemInfo: free sram: 89179 minimal sram: 76675
I (61634549) SystemInfo: free sram: 88731 minimal sram: 76675
I (61644549) SystemInfo: free sram: 89179 minimal sram: 76675
I (61654549) SystemInfo: free sram: 88731 minimal sram: 76675
I (61664549) SystemInfo: free sram: 89179 minimal sram: 76675
I (61674559) SystemInfo: free sram: 88731 minimal sram: 76675
I (61684549) SystemInfo: free sram: 89179 minimal sram: 76675
I (61694559) SystemInfo: free sram: 88215 minimal sram: 76675
I (61704549) SystemInfo: free sram: 89663 minimal sram: 76675
I (61714549) SystemInfo: free sram: 88215 minimal sram: 76675
I (61724549) SystemInfo: free sram: 89695 minimal sram: 76675
I (61734549) SystemInfo: free sram: 88215 minimal sram: 76675
I (61744549) SystemInfo: free sram: 89695 minimal sram: 76675
I (61754559) SystemInfo: free sram: 88215 minimal sram: 76675
I (61764549) SystemInfo: free sram: 89179 minimal sram: 76675
I (61774569) SystemInfo: free sram: 89695 minimal sram: 76675
I (61784549) SystemInfo: free sram: 89179 minimal sram: 76675
I (61794549) SystemInfo: free sram: 88731 minimal sram: 76675
I (61804549) SystemInfo: free sram: 89179 minimal sram: 76675
I (61814549) SystemInfo: free sram: 88699 minimal sram: 76675
I (61824549) SystemInfo: free sram: 89179 minimal sram: 76675
I (61834549) SystemInfo: free sram: 88731 minimal sram: 76675
I (61844549) SystemInfo: free sram: 89179 minimal sram: 76675
I (61854549) SystemInfo: free sram: 88215 minimal sram: 76675
I (61864549) SystemInfo: free sram: 89695 minimal sram: 76675
I (61874559) SystemInfo: free sram: 88215 minimal sram: 76675
I (61884549) SystemInfo: free sram: 89695 minimal sram: 76675
I (61894569) SystemInfo: free sram: 88731 minimal sram: 76675
I (61904549) SystemInfo: free sram: 89695 minimal sram: 76675
I (61914549) SystemInfo: free sram: 88215 minimal sram: 76675
I (61924549) SystemInfo: free sram: 89663 minimal sram: 76675
I (61934549) SystemInfo: free sram: 88215 minimal sram: 76675
I (61944549) SystemInfo: free sram: 89179 minimal sram: 76675
I (61954549) SystemInfo: free sram: 88731 minimal sram: 76675
I (61964549) SystemInfo: free sram: 89179 minimal sram: 76675
I (61974569) SystemInfo: free sram: 88731 minimal sram: 76675
I (61984549) SystemInfo: free sram: 89179 minimal sram: 76675
I (61994549) SystemInfo: free sram: 88731 minimal sram: 76675
I (62004549) SystemInfo: free sram: 89179 minimal sram: 76675
I (62014549) SystemInfo: free sram: 88215 minimal sram: 76675
I (62024549) SystemInfo: free sram: 89695 minimal sram: 76675
I (62034569) SystemInfo: free sram: 88183 minimal sram: 76675
I (62044549) SystemInfo: free sram: 90211 minimal sram: 76675
I (62054549) SystemInfo: free sram: 88215 minimal sram: 76675
I (62064549) SystemInfo: free sram: 89695 minimal sram: 76675
I (62074549) SystemInfo: free sram: 88215 minimal sram: 76675
I (62084549) SystemInfo: free sram: 89695 minimal sram: 76675
I (62094549) SystemInfo: free sram: 88215 minimal sram: 76675
I (62104549) SystemInfo: free sram: 89179 minimal sram: 76675
I (62114549) SystemInfo: free sram: 88731 minimal sram: 76675
I (62124569) SystemInfo: free sram: 88215 minimal sram: 76675
I (62134549) SystemInfo: free sram: 88731 minimal sram: 76675
I (62144549) SystemInfo: free sram: 89179 minimal sram: 76675
I (62154549) SystemInfo: free sram: 88699 minimal sram: 76675
I (62164549) SystemInfo: free sram: 89179 minimal sram: 76675
I (62174549) SystemInfo: free sram: 88731 minimal sram: 76675
I (62184549) SystemInfo: free sram: 89179 minimal sram: 76675
I (62194549) SystemInfo: free sram: 88215 minimal sram: 76675
I (62204549) SystemInfo: free sram: 88731 minimal sram: 76675
I (62214549) SystemInfo: free sram: 88215 minimal sram: 76675
I (62224549) SystemInfo: free sram: 89695 minimal sram: 76675
I (62234549) SystemInfo: free sram: 88215 minimal sram: 76675
I (62244549) SystemInfo: free sram: 89695 minimal sram: 76675
I (62254549) SystemInfo: free sram: 88731 minimal sram: 76675
I (62264549) SystemInfo: free sram: 89147 minimal sram: 76675
I (62274549) SystemInfo: free sram: 88215 minimal sram: 76675
I (62284549) SystemInfo: free sram: 89179 minimal sram: 76675
I (62294549) SystemInfo: free sram: 88731 minimal sram: 76675
I (62304549) SystemInfo: free sram: 89179 minimal sram: 76675
I (62314549) SystemInfo: free sram: 88731 minimal sram: 76675
I (62324559) SystemInfo: free sram: 88215 minimal sram: 76675
I (62334549) SystemInfo: free sram: 88731 minimal sram: 76675
I (62344569) SystemInfo: free sram: 88215 minimal sram: 76675
I (62354549) SystemInfo: free sram: 88215 minimal sram: 76675
I (62364549) SystemInfo: free sram: 89695 minimal sram: 76675
I (62374549) SystemInfo: free sram: 88183 minimal sram: 76675
I (62384549) SystemInfo: free sram: 89695 minimal sram: 76675
I (62394559) SystemInfo: free sram: 88215 minimal sram: 76675
I (62404549) SystemInfo: free sram: 89695 minimal sram: 76675
I (62414549) SystemInfo: free sram: 88215 minimal sram: 76675
I (62424559) SystemInfo: free sram: 88731 minimal sram: 76675
I (62434549) SystemInfo: free sram: 88215 minimal sram: 76675
I (62444549) SystemInfo: free sram: 89179 minimal sram: 76675
I (62454549) SystemInfo: free sram: 89247 minimal sram: 76675
I (62464549) SystemInfo: free sram: 89179 minimal sram: 76675
I (62474549) SystemInfo: free sram: 88731 minimal sram: 76675
I (62484569) SystemInfo: free sram: 88183 minimal sram: 76675
I (62494549) SystemInfo: free sram: 88731 minimal sram: 76675
I (62504569) SystemInfo: free sram: 88215 minimal sram: 76675
I (62514569) SystemInfo: free sram: 88731 minimal sram: 76675
I (62524549) SystemInfo: free sram: 89179 minimal sram: 76675
I (62534549) SystemInfo: free sram: 88215 minimal sram: 76675
I (62544549) SystemInfo: free sram: 89695 minimal sram: 76675
I (62554549) SystemInfo: free sram: 88215 minimal sram: 76675
I (62564549) SystemInfo: free sram: 89695 minimal sram: 76675
I (62574549) SystemInfo: free sram: 88731 minimal sram: 76675
I (62584549) SystemInfo: free sram: 89695 minimal sram: 76675
I (62594549) SystemInfo: free sram: 88731 minimal sram: 76675
I (62604549) SystemInfo: free sram: 88183 minimal sram: 76675
I (62614549) SystemInfo: free sram: 88731 minimal sram: 76675
I (62624559) SystemInfo: free sram: 88215 minimal sram: 76675
I (62634549) SystemInfo: free sram: 88731 minimal sram: 76675
I (62644549) SystemInfo: free sram: 89179 minimal sram: 76675
I (62654549) SystemInfo: free sram: 88731 minimal sram: 76675
I (62664549) SystemInfo: free sram: 89179 minimal sram: 76675
I (62674549) SystemInfo: free sram: 88731 minimal sram: 76675
I (62684549) SystemInfo: free sram: 90207 minimal sram: 76675
I (62694549) SystemInfo: free sram: 88215 minimal sram: 76675
I (62704549) SystemInfo: free sram: 90211 minimal sram: 76675
I (62714559) SystemInfo: free sram: 89211 minimal sram: 76675
I (62724549) SystemInfo: free sram: 89695 minimal sram: 76675
I (62734549) SystemInfo: free sram: 88215 minimal sram: 76675
I (62744549) SystemInfo: free sram: 89695 minimal sram: 76675
I (62754549) SystemInfo: free sram: 88215 minimal sram: 76675
I (62764549) SystemInfo: free sram: 89695 minimal sram: 76675
I (62774569) SystemInfo: free sram: 89179 minimal sram: 76675
I (62784549) SystemInfo: free sram: 89179 minimal sram: 76675
I (62794569) SystemInfo: free sram: 89695 minimal sram: 76675
I (62804549) SystemInfo: free sram: 89179 minimal sram: 76675
I (62814549) SystemInfo: free sram: 88731 minimal sram: 76675
I (62824569) SystemInfo: free sram: 88183 minimal sram: 76675
I (62834549) SystemInfo: free sram: 88691 minimal sram: 76675
I (62844549) SystemInfo: free sram: 89695 minimal sram: 76675
I (62854549) SystemInfo: free sram: 88215 minimal sram: 76675
I (62864549) SystemInfo: free sram: 89695 minimal sram: 76675
I (62874559) SystemInfo: free sram: 88215 minimal sram: 76675
I (62884549) SystemInfo: free sram: 89695 minimal sram: 76675
I (62894549) SystemInfo: free sram: 88215 minimal sram: 76675
I (62904549) SystemInfo: free sram: 89695 minimal sram: 76675
I (62914549) SystemInfo: free sram: 88215 minimal sram: 76675
I (62924549) SystemInfo: free sram: 89695 minimal sram: 76675
I (62934549) SystemInfo: free sram: 88183 minimal sram: 76675
I (62944549) SystemInfo: free sram: 89179 minimal sram: 76675
I (62954569) SystemInfo: free sram: 89695 minimal sram: 76675
I (62964549) SystemInfo: free sram: 89179 minimal sram: 76675
I (62974549) SystemInfo: free sram: 88731 minimal sram: 76675
I (62984549) SystemInfo: free sram: 88215 minimal sram: 76675
I (62994549) SystemInfo: free sram: 88731 minimal sram: 76675
I (63004549) SystemInfo: free sram: 89179 minimal sram: 76675
I (63014549) SystemInfo: free sram: 88731 minimal sram: 76675
I (63024549) SystemInfo: free sram: 89179 minimal sram: 76675
I (63034549) SystemInfo: free sram: 88215 minimal sram: 76675
I (63044569) SystemInfo: free sram: 88699 minimal sram: 76675
I (63054549) SystemInfo: free sram: 88215 minimal sram: 76675
I (63064549) SystemInfo: free sram: 89695 minimal sram: 76675
I (63074559) SystemInfo: free sram: 88215 minimal sram: 76675
I (63084549) SystemInfo: free sram: 89695 minimal sram: 76675
I (63094549) SystemInfo: free sram: 88215 minimal sram: 76675
I (63104549) SystemInfo: free sram: 89179 minimal sram: 76675
I (63114549) SystemInfo: free sram: 88215 minimal sram: 76675
I (63124549) SystemInfo: free sram: 89179 minimal sram: 76675
I (63134549) SystemInfo: free sram: 88731 minimal sram: 76675
I (63144549) SystemInfo: free sram: 89179 minimal sram: 76675
I (63154549) SystemInfo: free sram: 88731 minimal sram: 76675
I (63164569) SystemInfo: free sram: 88183 minimal sram: 76675
I (63174549) SystemInfo: free sram: 88731 minimal sram: 76675
I (63184549) SystemInfo: free sram: 89179 minimal sram: 76675
I (63194549) SystemInfo: free sram: 88215 minimal sram: 76675
I (63204549) SystemInfo: free sram: 89695 minimal sram: 76675
I (63214549) SystemInfo: free sram: 88215 minimal sram: 76675
I (63224569) SystemInfo: free sram: 88731 minimal sram: 76675
I (63234549) SystemInfo: free sram: 88215 minimal sram: 76675
I (63244569) SystemInfo: free sram: 88731 minimal sram: 76675
I (63254549) SystemInfo: free sram: 88215 minimal sram: 76675
I (63264549) SystemInfo: free sram: 89695 minimal sram: 76675
I (63274569) SystemInfo: free sram: 89147 minimal sram: 76675
I (63284549) SystemInfo: free sram: 89179 minimal sram: 76675
I (63294549) SystemInfo: free sram: 88731 minimal sram: 76675
I (63304559) SystemInfo: free sram: 88215 minimal sram: 76675
I (63314549) SystemInfo: free sram: 88731 minimal sram: 76675
I (63324549) SystemInfo: free sram: 89179 minimal sram: 76675
I (63334559) SystemInfo: free sram: 88731 minimal sram: 76675
I (63344549) SystemInfo: free sram: 89179 minimal sram: 76675
I (63354549) SystemInfo: free sram: 88731 minimal sram: 76675
I (63364549) SystemInfo: free sram: 89179 minimal sram: 76675
I (63374549) SystemInfo: free sram: 88215 minimal sram: 76675
I (63384569) SystemInfo: free sram: 88699 minimal sram: 76675
I (63394549) SystemInfo: free sram: 88215 minimal sram: 76675
I (63404549) SystemInfo: free sram: 88731 minimal sram: 76675
I (63414549) SystemInfo: free sram: 88215 minimal sram: 76675
I (63424549) SystemInfo: free sram: 89695 minimal sram: 76675
I (63434569) SystemInfo: free sram: 89695 minimal sram: 76675
I (63444559) SystemInfo: free sram: 88215 minimal sram: 76675
I (63454549) SystemInfo: free sram: 88731 minimal sram: 76675
I (63464549) SystemInfo: free sram: 89179 minimal sram: 76675
I (63474549) SystemInfo: free sram: 88691 minimal sram: 76675
I (63484549) SystemInfo: free sram: 89179 minimal sram: 76675
I (63494549) SystemInfo: free sram: 88699 minimal sram: 76675
I (63504549) SystemInfo: free sram: 89179 minimal sram: 76675
I (63514549) SystemInfo: free sram: 88731 minimal sram: 76675
I (63524549) SystemInfo: free sram: 89179 minimal sram: 76675
I (63534549) SystemInfo: free sram: 88215 minimal sram: 76675
I (63544549) SystemInfo: free sram: 89695 minimal sram: 76675
I (63554549) SystemInfo: free sram: 88215 minimal sram: 76675
I (63564549) SystemInfo: free sram: 89695 minimal sram: 76675
I (63574549) SystemInfo: free sram: 88215 minimal sram: 76675
I (63584569) SystemInfo: free sram: 88731 minimal sram: 76675
I (63594549) SystemInfo: free sram: 88215 minimal sram: 76675
I (63604549) SystemInfo: free sram: 89695 minimal sram: 76675
I (63614569) SystemInfo: free sram: 89147 minimal sram: 76675
I (63624549) SystemInfo: free sram: 89179 minimal sram: 76675
I (63634549) SystemInfo: free sram: 88731 minimal sram: 76675
I (63644549) SystemInfo: free sram: 89179 minimal sram: 76675
I (63654549) SystemInfo: free sram: 88731 minimal sram: 76675
I (63664549) SystemInfo: free sram: 89179 minimal sram: 76675
I (63674549) SystemInfo: free sram: 88731 minimal sram: 76675
I (63684549) SystemInfo: free sram: 89179 minimal sram: 76675
I (63694549) SystemInfo: free sram: 88731 minimal sram: 76675
I (63704549) SystemInfo: free sram: 89695 minimal sram: 76675
I (63714549) SystemInfo: free sram: 88215 minimal sram: 76675
I (63724549) SystemInfo: free sram: 89663 minimal sram: 76675
I (63734549) SystemInfo: free sram: 88215 minimal sram: 76675
I (63744549) SystemInfo: free sram: 89695 minimal sram: 76675
I (63754549) SystemInfo: free sram: 88215 minimal sram: 76675
I (63764549) SystemInfo: free sram: 89695 minimal sram: 76675
I (63774549) SystemInfo: free sram: 88215 minimal sram: 76675
I (63784549) SystemInfo: free sram: 89695 minimal sram: 76675
I (63794569) SystemInfo: free sram: 90211 minimal sram: 76675
I (63804549) SystemInfo: free sram: 89695 minimal sram: 76675
I (63814549) SystemInfo: free sram: 89211 minimal sram: 76675
I (63824559) SystemInfo: free sram: 88731 minimal sram: 76675
I (63834549) SystemInfo: free sram: 89215 minimal sram: 76675
I (63844549) SystemInfo: free sram: 89179 minimal sram: 76675
I (63854549) SystemInfo: free sram: 88731 minimal sram: 76675
I (63864549) SystemInfo: free sram: 89179 minimal sram: 76675
I (63874549) SystemInfo: free sram: 88215 minimal sram: 76675
I (63884559) SystemInfo: free sram: 88731 minimal sram: 76675
I (63894549) SystemInfo: free sram: 88215 minimal sram: 76675
I (63904569) SystemInfo: free sram: 88731 minimal sram: 76675
I (63914549) SystemInfo: free sram: 88215 minimal sram: 76675
I (63924549) SystemInfo: free sram: 89695 minimal sram: 76675
I (63934549) SystemInfo: free sram: 88215 minimal sram: 76675
I (63944569) SystemInfo: free sram: 88143 minimal sram: 76675
I (63954549) SystemInfo: free sram: 88215 minimal sram: 76675
I (63964549) SystemInfo: free sram: 89179 minimal sram: 76675
I (63974549) SystemInfo: free sram: 88731 minimal sram: 76675
I (63984549) SystemInfo: free sram: 89139 minimal sram: 76675
I (63994549) SystemInfo: free sram: 88731 minimal sram: 76675
I (64004569) SystemInfo: free sram: 88215 minimal sram: 76675
I (64014549) SystemInfo: free sram: 88731 minimal sram: 76675
I (64024549) SystemInfo: free sram: 89243 minimal sram: 76675
I (64034549) SystemInfo: free sram: 88215 minimal sram: 76675
I (64044549) SystemInfo: free sram: 89695 minimal sram: 76675
I (64054549) SystemInfo: free sram: 89211 minimal sram: 76675
I (64064549) SystemInfo: free sram: 89695 minimal sram: 76675
I (64074569) SystemInfo: free sram: 88215 minimal sram: 76675
I (64084549) SystemInfo: free sram: 89695 minimal sram: 76675
I (64094549) SystemInfo: free sram: 88215 minimal sram: 76675
I (64104549) SystemInfo: free sram: 89695 minimal sram: 76675
I (64114549) SystemInfo: free sram: 88215 minimal sram: 76675
I (64124549) SystemInfo: free sram: 89179 minimal sram: 76675
I (64134549) SystemInfo: free sram: 89247 minimal sram: 76675
I (64144549) SystemInfo: free sram: 89179 minimal sram: 76675
I (64154549) SystemInfo: free sram: 89247 minimal sram: 76675
I (64164549) SystemInfo: free sram: 89663 minimal sram: 76675
I (64174549) SystemInfo: free sram: 88731 minimal sram: 76675
I (64184549) SystemInfo: free sram: 89179 minimal sram: 76675
I (64194549) SystemInfo: free sram: 88731 minimal sram: 76675
I (64204549) SystemInfo: free sram: 89179 minimal sram: 76675
I (64214569) SystemInfo: free sram: 89179 minimal sram: 76675
I (64224549) SystemInfo: free sram: 89695 minimal sram: 76675
I (64234549) SystemInfo: free sram: 88215 minimal sram: 76675
I (64244549) SystemInfo: free sram: 89695 minimal sram: 76675
I (64254549) SystemInfo: free sram: 88215 minimal sram: 76675
I (64264549) SystemInfo: free sram: 89695 minimal sram: 76675
I (64274549) SystemInfo: free sram: 88183 minimal sram: 76675
I (64284549) SystemInfo: free sram: 89179 minimal sram: 76675
I (64294569) SystemInfo: free sram: 89695 minimal sram: 76675
I (64304549) SystemInfo: free sram: 89179 minimal sram: 76675
I (64314549) SystemInfo: free sram: 88731 minimal sram: 76675
I (64324549) SystemInfo: free sram: 89179 minimal sram: 76675
I (64334549) SystemInfo: free sram: 88731 minimal sram: 76675
I (64344549) SystemInfo: free sram: 89179 minimal sram: 76675
I (64354549) SystemInfo: free sram: 88731 minimal sram: 76675
I (64364549) SystemInfo: free sram: 89179 minimal sram: 76675
I (64374549) SystemInfo: free sram: 88215 minimal sram: 76675
I (64384549) SystemInfo: free sram: 89663 minimal sram: 76675
I (64394549) SystemInfo: free sram: 88215 minimal sram: 76675
I (64404549) SystemInfo: free sram: 89695 minimal sram: 76675
I (64414549) SystemInfo: free sram: 88215 minimal sram: 76675
I (64424549) SystemInfo: free sram: 89695 minimal sram: 76675
I (64434549) SystemInfo: free sram: 88215 minimal sram: 76675
I (64444569) SystemInfo: free sram: 88731 minimal sram: 76675
I (64454549) SystemInfo: free sram: 88215 minimal sram: 76675
I (64464549) SystemInfo: free sram: 89179 minimal sram: 76675
I (64474559) SystemInfo: free sram: 88731 minimal sram: 76675
I (64484549) SystemInfo: free sram: 89179 minimal sram: 76675
I (64494559) SystemInfo: free sram: 88731 minimal sram: 76675
I (64504549) SystemInfo: free sram: 89663 minimal sram: 76675
I (64514549) SystemInfo: free sram: 88731 minimal sram: 76675
I (64524549) SystemInfo: free sram: 89179 minimal sram: 76675
I (64534549) SystemInfo: free sram: 88215 minimal sram: 76675
I (64544549) SystemInfo: free sram: 89695 minimal sram: 76675
I (64554549) SystemInfo: free sram: 88215 minimal sram: 76675
I (64564549) SystemInfo: free sram: 89695 minimal sram: 76675
I (64574549) SystemInfo: free sram: 88215 minimal sram: 76675
I (64584549) SystemInfo: free sram: 89695 minimal sram: 76675
I (64594549) SystemInfo: free sram: 88215 minimal sram: 76675
I (64604559) SystemInfo: free sram: 88731 minimal sram: 76675
I (64614549) SystemInfo: free sram: 88183 minimal sram: 76675
I (64624549) SystemInfo: free sram: 89179 minimal sram: 76675
I (64634549) SystemInfo: free sram: 88731 minimal sram: 76675
I (64644549) SystemInfo: free sram: 89179 minimal sram: 76675
I (64654549) SystemInfo: free sram: 88731 minimal sram: 76675
I (64664559) SystemInfo: free sram: 88215 minimal sram: 76675
I (64674549) SystemInfo: free sram: 88731 minimal sram: 76675
I (64684549) SystemInfo: free sram: 89179 minimal sram: 76675
I (64694549) SystemInfo: free sram: 88731 minimal sram: 76675
I (64704549) SystemInfo: free sram: 89179 minimal sram: 76675
I (64714559) SystemInfo: free sram: 88215 minimal sram: 76675
I (64724549) SystemInfo: free sram: 89663 minimal sram: 76675
I (64734549) SystemInfo: free sram: 88215 minimal sram: 76675
I (64744549) SystemInfo: free sram: 89695 minimal sram: 76675
I (64754549) SystemInfo: free sram: 88215 minimal sram: 76675
I (64764549) SystemInfo: free sram: 89695 minimal sram: 76675
I (64774549) SystemInfo: free sram: 88731 minimal sram: 76675
I (64784549) SystemInfo: free sram: 89179 minimal sram: 76675
I (64794549) SystemInfo: free sram: 88215 minimal sram: 76675
I (64804559) SystemInfo: free sram: 88215 minimal sram: 76675
I (64814549) SystemInfo: free sram: 88731 minimal sram: 76675
I (64824549) SystemInfo: free sram: 89179 minimal sram: 76675
I (64834549) SystemInfo: free sram: 88699 minimal sram: 76675
I (64844549) SystemInfo: free sram: 89179 minimal sram: 76675
I (64854549) SystemInfo: free sram: 88731 minimal sram: 76675
I (64864549) SystemInfo: free sram: 89179 minimal sram: 76675
I (64874549) SystemInfo: free sram: 88215 minimal sram: 76675
I (64884549) SystemInfo: free sram: 88731 minimal sram: 76675
I (64894549) SystemInfo: free sram: 88731 minimal sram: 76675
I (64904549) SystemInfo: free sram: 89695 minimal sram: 76675
I (64914549) SystemInfo: free sram: 88731 minimal sram: 76675
I (64924549) SystemInfo: free sram: 89695 minimal sram: 76675
I (64934549) SystemInfo: free sram: 88215 minimal sram: 76675
I (64944549) SystemInfo: free sram: 89663 minimal sram: 76675
I (64954549) SystemInfo: free sram: 88215 minimal sram: 76675
I (64964569) SystemInfo: free sram: 88215 minimal sram: 76675
I (64974559) SystemInfo: free sram: 88731 minimal sram: 76675
I (64984549) SystemInfo: free sram: 89179 minimal sram: 76675
I (64994549) SystemInfo: free sram: 88731 minimal sram: 76675
I (65004569) SystemInfo: free sram: 88215 minimal sram: 76675
I (65014549) SystemInfo: free sram: 88731 minimal sram: 76675
I (65024549) SystemInfo: free sram: 89179 minimal sram: 76675
I (65034549) SystemInfo: free sram: 89247 minimal sram: 76675
I (65044549) SystemInfo: free sram: 89179 minimal sram: 76675
I (65054549) SystemInfo: free sram: 88215 minimal sram: 76675
I (65064549) SystemInfo: free sram: 88699 minimal sram: 76675
I (65074549) SystemInfo: free sram: 88215 minimal sram: 76675
I (65084549) SystemInfo: free sram: 89695 minimal sram: 76675
I (65094549) SystemInfo: free sram: 88215 minimal sram: 76675
I (65104549) SystemInfo: free sram: 89695 minimal sram: 76675
I (65114549) SystemInfo: free sram: 88215 minimal sram: 76675
I (65124549) SystemInfo: free sram: 89179 minimal sram: 76675
I (65134549) SystemInfo: free sram: 88731 minimal sram: 76675
I (65144569) SystemInfo: free sram: 88215 minimal sram: 76675
I (65154549) SystemInfo: free sram: 88731 minimal sram: 76675
I (65164549) SystemInfo: free sram: 89179 minimal sram: 76675
I (65174559) SystemInfo: free sram: 88699 minimal sram: 76675
I (65184549) SystemInfo: free sram: 89179 minimal sram: 76675
I (65194549) SystemInfo: free sram: 88731 minimal sram: 76675
I (65204549) SystemInfo: free sram: 89179 minimal sram: 76675
I (65214549) SystemInfo: free sram: 88215 minimal sram: 76675
I (65224549) SystemInfo: free sram: 89695 minimal sram: 76675
I (65234549) SystemInfo: free sram: 88215 minimal sram: 76675
I (65244549) SystemInfo: free sram: 89695 minimal sram: 76675
I (65254559) SystemInfo: free sram: 88215 minimal sram: 76675
I (65264549) SystemInfo: free sram: 89655 minimal sram: 76675
I (65274559) SystemInfo: free sram: 88215 minimal sram: 76675
I (65284549) SystemInfo: free sram: 89663 minimal sram: 76675
I (65294549) SystemInfo: free sram: 88215 minimal sram: 76675
I (65304549) SystemInfo: free sram: 89179 minimal sram: 76675
I (65314549) SystemInfo: free sram: 88731 minimal sram: 76675
I (65324549) SystemInfo: free sram: 89179 minimal sram: 76675
I (65334549) SystemInfo: free sram: 88731 minimal sram: 76675
I (65344549) SystemInfo: free sram: 89179 minimal sram: 76675
I (65354549) SystemInfo: free sram: 88731 minimal sram: 76675
I (65364569) SystemInfo: free sram: 89243 minimal sram: 76675
I (65374549) SystemInfo: free sram: 88215 minimal sram: 76675
I (65384549) SystemInfo: free sram: 89695 minimal sram: 76675
I (65394549) SystemInfo: free sram: 89211 minimal sram: 76675
I (65404549) SystemInfo: free sram: 89695 minimal sram: 76675
I (65414549) SystemInfo: free sram: 88731 minimal sram: 76675
I (65424549) SystemInfo: free sram: 89695 minimal sram: 76675
I (65434549) SystemInfo: free sram: 88215 minimal sram: 76675
I (65444549) SystemInfo: free sram: 89695 minimal sram: 76675
I (65454549) SystemInfo: free sram: 88215 minimal sram: 76675
I (65464549) SystemInfo: free sram: 89179 minimal sram: 76675
I (65474569) SystemInfo: free sram: 89695 minimal sram: 76675
I (65484549) SystemInfo: free sram: 89179 minimal sram: 76675
I (65494569) SystemInfo: free sram: 88731 minimal sram: 76675
I (65504549) SystemInfo: free sram: 89147 minimal sram: 76675
I (65514549) SystemInfo: free sram: 88731 minimal sram: 76675
I (65524569) SystemInfo: free sram: 88215 minimal sram: 76675
I (65534549) SystemInfo: free sram: 88731 minimal sram: 76675
I (65544549) SystemInfo: free sram: 89179 minimal sram: 76675
I (65554549) SystemInfo: free sram: 88215 minimal sram: 76675
I (65564549) SystemInfo: free sram: 90171 minimal sram: 76675
I (65574569) SystemInfo: free sram: 88215 minimal sram: 76675
I (65584549) SystemInfo: free sram: 89695 minimal sram: 76675
I (65594549) SystemInfo: free sram: 88215 minimal sram: 76675
I (65604549) SystemInfo: free sram: 88731 minimal sram: 76675
I (65614549) SystemInfo: free sram: 88183 minimal sram: 76675
I (65624549) SystemInfo: free sram: 89179 minimal sram: 76675
I (65634569) SystemInfo: free sram: 88731 minimal sram: 76675
I (65644549) SystemInfo: free sram: 89179 minimal sram: 76675
I (65654549) SystemInfo: free sram: 88731 minimal sram: 76675
I (65664549) SystemInfo: free sram: 89179 minimal sram: 76675
I (65674549) SystemInfo: free sram: 88731 minimal sram: 76675
I (65684549) SystemInfo: free sram: 89179 minimal sram: 76675
I (65694559) SystemInfo: free sram: 88731 minimal sram: 76675
I (65704549) SystemInfo: free sram: 89179 minimal sram: 76675
I (65714559) SystemInfo: free sram: 88215 minimal sram: 76675
I (65724549) SystemInfo: free sram: 89663 minimal sram: 76675
I (65734549) SystemInfo: free sram: 88215 minimal sram: 76675
I (65744549) SystemInfo: free sram: 89695 minimal sram: 76675
I (65754549) SystemInfo: free sram: 88215 minimal sram: 76675
I (65764549) SystemInfo: free sram: 89695 minimal sram: 76675
I (65774549) SystemInfo: free sram: 88215 minimal sram: 76675
I (65784549) SystemInfo: free sram: 89695 minimal sram: 76675
I (65794549) SystemInfo: free sram: 88215 minimal sram: 76675
I (65804569) SystemInfo: free sram: 88215 minimal sram: 76675
I (65814549) SystemInfo: free sram: 88731 minimal sram: 76675
I (65824549) SystemInfo: free sram: 89179 minimal sram: 76675
I (65834549) SystemInfo: free sram: 88699 minimal sram: 76675
I (65844549) SystemInfo: free sram: 89179 minimal sram: 76675
I (65854549) SystemInfo: free sram: 88731 minimal sram: 76675
I (65864549) SystemInfo: free sram: 89179 minimal sram: 76675
I (65874549) SystemInfo: free sram: 88731 minimal sram: 76675
I (65884549) SystemInfo: free sram: 89179 minimal sram: 76675
I (65894549) SystemInfo: free sram: 88215 minimal sram: 76675
I (65904549) SystemInfo: free sram: 89695 minimal sram: 76675
I (65914549) SystemInfo: free sram: 88215 minimal sram: 76675
I (65924549) SystemInfo: free sram: 89695 minimal sram: 76675
I (65934549) SystemInfo: free sram: 88215 minimal sram: 76675
I (65944549) SystemInfo: free sram: 89663 minimal sram: 76675
I (65954549) SystemInfo: free sram: 88215 minimal sram: 76675
I (65964549) SystemInfo: free sram: 89179 minimal sram: 76675
I (65974549) SystemInfo: free sram: 88731 minimal sram: 76675
I (65984549) SystemInfo: free sram: 89179 minimal sram: 76675
I (65994569) SystemInfo: free sram: 88731 minimal sram: 76675
I (66004549) SystemInfo: free sram: 89179 minimal sram: 76675
I (66014569) SystemInfo: free sram: 89695 minimal sram: 76675
I (66024549) SystemInfo: free sram: 89179 minimal sram: 76675
I (66034549) SystemInfo: free sram: 88731 minimal sram: 76675
I (66044559) SystemInfo: free sram: 88215 minimal sram: 76675
I (66054549) SystemInfo: free sram: 88183 minimal sram: 76675
I (66064549) SystemInfo: free sram: 89695 minimal sram: 76675
I (66074549) SystemInfo: free sram: 88215 minimal sram: 76675
I (66084549) SystemInfo: free sram: 89695 minimal sram: 76675
I (66094549) SystemInfo: free sram: 88215 minimal sram: 76675
I (66104549) SystemInfo: free sram: 89695 minimal sram: 76675
I (66114549) SystemInfo: free sram: 88215 minimal sram: 76675
I (66124549) SystemInfo: free sram: 89695 minimal sram: 76675
I (66134549) SystemInfo: free sram: 88215 minimal sram: 76675
I (66144549) SystemInfo: free sram: 89179 minimal sram: 76675
I (66154549) SystemInfo: free sram: 88731 minimal sram: 76675
I (66164549) SystemInfo: free sram: 89147 minimal sram: 76675
I (66174549) SystemInfo: free sram: 88731 minimal sram: 76675
I (66184569) SystemInfo: free sram: 88215 minimal sram: 76675
I (66194549) SystemInfo: free sram: 88731 minimal sram: 76675
I (66204549) SystemInfo: free sram: 89139 minimal sram: 76675
I (66214549) SystemInfo: free sram: 88215 minimal sram: 76675
I (66224549) SystemInfo: free sram: 89695 minimal sram: 76675
I (66234549) SystemInfo: free sram: 88215 minimal sram: 76675
I (66244559) SystemInfo: free sram: 88731 minimal sram: 76675
I (66254549) SystemInfo: free sram: 88215 minimal sram: 76675
I (66264549) SystemInfo: free sram: 89695 minimal sram: 76675
I (66274559) SystemInfo: free sram: 88183 minimal sram: 76675
I (66284549) SystemInfo: free sram: 90211 minimal sram: 76675
I (66294559) SystemInfo: free sram: 88215 minimal sram: 76675
I (66304549) SystemInfo: free sram: 89179 minimal sram: 76675
I (66314549) SystemInfo: free sram: 88731 minimal sram: 76675
I (66324549) SystemInfo: free sram: 89695 minimal sram: 76675
I (66334549) SystemInfo: free sram: 88731 minimal sram: 76675
I (66344549) SystemInfo: free sram: 89179 minimal sram: 76675
I (66354559) SystemInfo: free sram: 88731 minimal sram: 76675
I (66364549) SystemInfo: free sram: 89179 minimal sram: 76675
I (66374559) SystemInfo: free sram: 88731 minimal sram: 76675
I (66384549) SystemInfo: free sram: 89147 minimal sram: 76675
I (66394549) SystemInfo: free sram: 88215 minimal sram: 76675
I (66404549) SystemInfo: free sram: 89695 minimal sram: 76675
I (66414549) SystemInfo: free sram: 88731 minimal sram: 76675
I (66424549) SystemInfo: free sram: 90211 minimal sram: 76675
I (66434559) SystemInfo: free sram: 88215 minimal sram: 76675
I (66444549) SystemInfo: free sram: 89695 minimal sram: 76675
I (66454569) SystemInfo: free sram: 89179 minimal sram: 76675
I (66464549) SystemInfo: free sram: 89179 minimal sram: 76675
I (66474549) SystemInfo: free sram: 88215 minimal sram: 76675
I (66484549) SystemInfo: free sram: 89179 minimal sram: 76675
I (66494559) SystemInfo: free sram: 88699 minimal sram: 76675
I (66504549) SystemInfo: free sram: 89179 minimal sram: 76675
I (66514549) SystemInfo: free sram: 88731 minimal sram: 76675
I (66524549) SystemInfo: free sram: 89179 minimal sram: 76675
I (66534549) SystemInfo: free sram: 88731 minimal sram: 76675
I (66544549) SystemInfo: free sram: 89179 minimal sram: 76675
I (66554549) SystemInfo: free sram: 88215 minimal sram: 76675
I (66564569) SystemInfo: free sram: 88731 minimal sram: 76675
I (66574549) SystemInfo: free sram: 88731 minimal sram: 76675
I (66584549) SystemInfo: free sram: 89695 minimal sram: 76675
I (66594549) SystemInfo: free sram: 88215 minimal sram: 76675
I (66604569) SystemInfo: free sram: 88699 minimal sram: 76675
I (66614549) SystemInfo: free sram: 88215 minimal sram: 76675
I (66624549) SystemInfo: free sram: 89695 minimal sram: 76675
I (66634549) SystemInfo: free sram: 88215 minimal sram: 76675
I (66644549) SystemInfo: free sram: 89179 minimal sram: 76675
I (66654549) SystemInfo: free sram: 88731 minimal sram: 76675
I (66664549) SystemInfo: free sram: 89179 minimal sram: 76675
I (66674549) SystemInfo: free sram: 88731 minimal sram: 76675
I (66684559) SystemInfo: free sram: 88215 minimal sram: 76675
I (66694549) SystemInfo: free sram: 88731 minimal sram: 76675
I (66704549) SystemInfo: free sram: 90207 minimal sram: 76675
I (66714549) SystemInfo: free sram: 88699 minimal sram: 76675
I (66724549) SystemInfo: free sram: 89179 minimal sram: 76675
I (66734549) SystemInfo: free sram: 89243 minimal sram: 76675
I (66744549) SystemInfo: free sram: 89695 minimal sram: 76675
I (66754549) SystemInfo: free sram: 88215 minimal sram: 76675
I (66764559) SystemInfo: free sram: 88731 minimal sram: 76675
I (66774549) SystemInfo: free sram: 88215 minimal sram: 76675
I (66784549) SystemInfo: free sram: 89695 minimal sram: 76675
I (66794549) SystemInfo: free sram: 88215 minimal sram: 76675
I (66804549) SystemInfo: free sram: 89695 minimal sram: 76675
I (66814549) SystemInfo: free sram: 88731 minimal sram: 76675
I (66824549) SystemInfo: free sram: 89147 minimal sram: 76675
I (66834569) SystemInfo: free sram: 88699 minimal sram: 76675
I (66844549) SystemInfo: free sram: 89139 minimal sram: 76675
I (66854549) SystemInfo: free sram: 88731 minimal sram: 76675
I (66864549) SystemInfo: free sram: 89179 minimal sram: 76675
I (66874549) SystemInfo: free sram: 88731 minimal sram: 76675
I (66884549) SystemInfo: free sram: 88215 minimal sram: 76675
I (66894549) SystemInfo: free sram: 88215 minimal sram: 76675
I (66904549) SystemInfo: free sram: 89695 minimal sram: 76675
I (66914549) SystemInfo: free sram: 88215 minimal sram: 76675
I (66924549) SystemInfo: free sram: 89695 minimal sram: 76675
I (66934549) SystemInfo: free sram: 88215 minimal sram: 76675
I (66944549) SystemInfo: free sram: 89695 minimal sram: 76675
I (66954569) SystemInfo: free sram: 88183 minimal sram: 76675
I (66964569) SystemInfo: free sram: 88731 minimal sram: 76675
I (66974549) SystemInfo: free sram: 88215 minimal sram: 76675
I (66984549) SystemInfo: free sram: 89179 minimal sram: 76675
I (66994569) SystemInfo: free sram: 89695 minimal sram: 76675
I (67004549) SystemInfo: free sram: 89179 minimal sram: 76675
I (67014549) SystemInfo: free sram: 88731 minimal sram: 76675
I (67024549) SystemInfo: free sram: 89695 minimal sram: 76675
I (67034549) SystemInfo: free sram: 89247 minimal sram: 76675
I (67044549) SystemInfo: free sram: 89695 minimal sram: 76675
I (67054569) SystemInfo: free sram: 89179 minimal sram: 76675
I (67064549) SystemInfo: free sram: 89695 minimal sram: 76675
I (67074569) SystemInfo: free sram: 88183 minimal sram: 76675
I (67084549) SystemInfo: free sram: 89695 minimal sram: 76675
I (67094549) SystemInfo: free sram: 88215 minimal sram: 76675
I (67104549) SystemInfo: free sram: 89695 minimal sram: 76675
I (67114549) SystemInfo: free sram: 88215 minimal sram: 76675
I (67124549) SystemInfo: free sram: 89695 minimal sram: 76675
I (67134559) SystemInfo: free sram: 88215 minimal sram: 76675
I (67144549) SystemInfo: free sram: 89179 minimal sram: 76675
I (67154549) SystemInfo: free sram: 88731 minimal sram: 76675
I (67164549) SystemInfo: free sram: 89179 minimal sram: 76675
I (67174549) SystemInfo: free sram: 88731 minimal sram: 76675
I (67184549) SystemInfo: free sram: 89179 minimal sram: 76675
I (67194549) SystemInfo: free sram: 88699 minimal sram: 76675
I (67204549) SystemInfo: free sram: 89179 minimal sram: 76675
I (67214559) SystemInfo: free sram: 88731 minimal sram: 76675
I (67224549) SystemInfo: free sram: 89179 minimal sram: 76675
I (67234549) SystemInfo: free sram: 88215 minimal sram: 76675
I (67244549) SystemInfo: free sram: 89695 minimal sram: 76675
I (67254549) SystemInfo: free sram: 88215 minimal sram: 76675
I (67264549) SystemInfo: free sram: 89695 minimal sram: 76675
I (67274559) SystemInfo: free sram: 88215 minimal sram: 76675
I (67284549) SystemInfo: free sram: 89695 minimal sram: 76675
I (67294549) SystemInfo: free sram: 88731 minimal sram: 76675
I (67304549) SystemInfo: free sram: 89147 minimal sram: 76675
I (67314549) SystemInfo: free sram: 88215 minimal sram: 76675
I (67324549) SystemInfo: free sram: 89179 minimal sram: 76675
I (67334549) SystemInfo: free sram: 88731 minimal sram: 76675
I (67344549) SystemInfo: free sram: 89179 minimal sram: 76675
I (67354549) SystemInfo: free sram: 88731 minimal sram: 76675
I (67364549) SystemInfo: free sram: 89179 minimal sram: 76675
I (67374549) SystemInfo: free sram: 88731 minimal sram: 76675
I (67384549) SystemInfo: free sram: 88215 minimal sram: 76675
I (67394549) SystemInfo: free sram: 88215 minimal sram: 76675
I (67404549) SystemInfo: free sram: 89695 minimal sram: 76675
I (67414549) SystemInfo: free sram: 88183 minimal sram: 76675
I (67424549) SystemInfo: free sram: 90211 minimal sram: 76675
I (67434549) SystemInfo: free sram: 88215 minimal sram: 76675
I (67444549) SystemInfo: free sram: 89695 minimal sram: 76675
I (67454549) SystemInfo: free sram: 88215 minimal sram: 76675
I (67464549) SystemInfo: free sram: 89695 minimal sram: 76675
I (67474549) SystemInfo: free sram: 88215 minimal sram: 76675
I (67484549) SystemInfo: free sram: 89139 minimal sram: 76675
I (67494549) SystemInfo: free sram: 88731 minimal sram: 76675
I (67504549) SystemInfo: free sram: 89179 minimal sram: 76675
I (67514549) SystemInfo: free sram: 88731 minimal sram: 76675
I (67524569) SystemInfo: free sram: 88183 minimal sram: 76675
I (67534549) SystemInfo: free sram: 88731 minimal sram: 76675
I (67544549) SystemInfo: free sram: 89179 minimal sram: 76675
I (67554569) SystemInfo: free sram: 88731 minimal sram: 76675
I (67564549) SystemInfo: free sram: 89179 minimal sram: 76675
I (67574549) SystemInfo: free sram: 88215 minimal sram: 76675
I (67584569) SystemInfo: free sram: 88731 minimal sram: 76675
I (67594549) SystemInfo: free sram: 88215 minimal sram: 76675
I (67604559) SystemInfo: free sram: 88731 minimal sram: 76675
I (67614549) SystemInfo: free sram: 88215 minimal sram: 76675
I (67624549) SystemInfo: free sram: 89687 minimal sram: 76675
I (67634549) SystemInfo: free sram: 88723 minimal sram: 76675
I (67644549) SystemInfo: free sram: 89655 minimal sram: 76675
I (67654549) SystemInfo: free sram: 89239 minimal sram: 76675
I (67664549) SystemInfo: free sram: 88723 minimal sram: 76675
I (67674549) SystemInfo: free sram: 89239 minimal sram: 76675
I (67684569) SystemInfo: free sram: 88215 minimal sram: 76675
I (67694549) SystemInfo: free sram: 88731 minimal sram: 76675
I (67704549) SystemInfo: free sram: 89179 minimal sram: 76675
I (67714549) SystemInfo: free sram: 88731 minimal sram: 76675
I (67724549) SystemInfo: free sram: 89179 minimal sram: 76675
I (67734549) SystemInfo: free sram: 88731 minimal sram: 76675
I (67744549) SystemInfo: free sram: 89695 minimal sram: 76675
I (67754549) SystemInfo: free sram: 88183 minimal sram: 76675
I (67764549) SystemInfo: free sram: 89695 minimal sram: 76675
I (67774569) SystemInfo: free sram: 88215 minimal sram: 76675
I (67784549) SystemInfo: free sram: 89695 minimal sram: 76675
I (67794559) SystemInfo: free sram: 88215 minimal sram: 76675
I (67804549) SystemInfo: free sram: 89695 minimal sram: 76675
I (67814549) SystemInfo: free sram: 88215 minimal sram: 76675
I (67824549) SystemInfo: free sram: 89179 minimal sram: 76675
I (67834549) SystemInfo: free sram: 88731 minimal sram: 76675
I (67844549) SystemInfo: free sram: 89179 minimal sram: 76675
I (67854549) SystemInfo: free sram: 88731 minimal sram: 76675
I (67864549) SystemInfo: free sram: 89147 minimal sram: 76675
I (67874549) SystemInfo: free sram: 88731 minimal sram: 76675
I (67884549) SystemInfo: free sram: 89179 minimal sram: 76675
I (67894549) SystemInfo: free sram: 88215 minimal sram: 76675
I (67904569) SystemInfo: free sram: 88731 minimal sram: 76675
I (67914549) SystemInfo: free sram: 88731 minimal sram: 76675
I (67924549) SystemInfo: free sram: 89695 minimal sram: 76675
I (67934549) SystemInfo: free sram: 88215 minimal sram: 76675
I (67944559) SystemInfo: free sram: 88731 minimal sram: 76675
I (67954549) SystemInfo: free sram: 88215 minimal sram: 76675
I (67964549) SystemInfo: free sram: 89695 minimal sram: 76675
I (67974549) SystemInfo: free sram: 88183 minimal sram: 76675
I (67984549) SystemInfo: free sram: 89179 minimal sram: 76675
I (67994569) SystemInfo: free sram: 88731 minimal sram: 76675
I (68004549) SystemInfo: free sram: 89179 minimal sram: 76675
I (68014549) SystemInfo: free sram: 88731 minimal sram: 76675
I (68024549) SystemInfo: free sram: 89179 minimal sram: 76675
I (68034549) SystemInfo: free sram: 88731 minimal sram: 76675
I (68044549) SystemInfo: free sram: 90207 minimal sram: 76675
I (68054569) SystemInfo: free sram: 89695 minimal sram: 76675
I (68064549) SystemInfo: free sram: 89179 minimal sram: 76675
I (68074549) SystemInfo: free sram: 89243 minimal sram: 76675
I (68084549) SystemInfo: free sram: 89663 minimal sram: 76675
I (68094549) SystemInfo: free sram: 88215 minimal sram: 76675
I (68104559) SystemInfo: free sram: 88731 minimal sram: 76675
I (68114549) SystemInfo: free sram: 88731 minimal sram: 76675
I (68124549) SystemInfo: free sram: 89695 minimal sram: 76675
I (68134549) SystemInfo: free sram: 88731 minimal sram: 76675
I (68144549) SystemInfo: free sram: 89179 minimal sram: 76675
I (68154549) SystemInfo: free sram: 88731 minimal sram: 76675
I (68164549) SystemInfo: free sram: 89179 minimal sram: 76675
I (68174549) SystemInfo: free sram: 88731 minimal sram: 76675
I (68184549) SystemInfo: free sram: 89179 minimal sram: 76675
I (68194549) SystemInfo: free sram: 88699 minimal sram: 76675
I (68204549) SystemInfo: free sram: 89179 minimal sram: 76675
I (68214549) SystemInfo: free sram: 88731 minimal sram: 76675
I (68224549) SystemInfo: free sram: 89179 minimal sram: 76675
I (68234549) SystemInfo: free sram: 88215 minimal sram: 76675
I (68244549) SystemInfo: free sram: 89695 minimal sram: 76675
I (68254549) SystemInfo: free sram: 88215 minimal sram: 76675
I (68264549) SystemInfo: free sram: 89695 minimal sram: 76675
I (68274569) SystemInfo: free sram: 88731 minimal sram: 76675
I (68284549) SystemInfo: free sram: 89695 minimal sram: 76675
I (68294549) SystemInfo: free sram: 88215 minimal sram: 76675
I (68304559) SystemInfo: free sram: 88699 minimal sram: 76675
I (68314549) SystemInfo: free sram: 88215 minimal sram: 76675
I (68324549) SystemInfo: free sram: 89179 minimal sram: 76675
I (68334549) SystemInfo: free sram: 88731 minimal sram: 76675
I (68344549) SystemInfo: free sram: 89179 minimal sram: 76675
I (68354549) SystemInfo: free sram: 88731 minimal sram: 76675
I (68364549) SystemInfo: free sram: 89179 minimal sram: 76675
I (68374549) SystemInfo: free sram: 88731 minimal sram: 76675
I (68384549) SystemInfo: free sram: 89179 minimal sram: 76675
I (68394549) SystemInfo: free sram: 88731 minimal sram: 76675
I (68404549) SystemInfo: free sram: 89179 minimal sram: 76675
I (68414549) SystemInfo: free sram: 88699 minimal sram: 76675
I (68424549) SystemInfo: free sram: 89695 minimal sram: 76675
I (68434549) SystemInfo: free sram: 88215 minimal sram: 76675
I (68444569) SystemInfo: free sram: 88731 minimal sram: 76675
I (68454549) SystemInfo: free sram: 88215 minimal sram: 76675
I (68464569) SystemInfo: free sram: 88731 minimal sram: 76675
I (68474549) SystemInfo: free sram: 88215 minimal sram: 76675
I (68484549) SystemInfo: free sram: 89179 minimal sram: 76675
I (68494549) SystemInfo: free sram: 88731 minimal sram: 76675
I (68504549) SystemInfo: free sram: 89179 minimal sram: 76675
I (68514549) SystemInfo: free sram: 88731 minimal sram: 76675
I (68524559) SystemInfo: free sram: 88183 minimal sram: 76675
I (68534549) SystemInfo: free sram: 88731 minimal sram: 76675
I (68544549) SystemInfo: free sram: 89179 minimal sram: 76675
I (68554559) SystemInfo: free sram: 88731 minimal sram: 76675
I (68564549) SystemInfo: free sram: 89179 minimal sram: 76675
I (68574569) SystemInfo: free sram: 88215 minimal sram: 76675
I (68584549) SystemInfo: free sram: 89695 minimal sram: 76675
I (68594549) SystemInfo: free sram: 88215 minimal sram: 76675
I (68604549) SystemInfo: free sram: 89695 minimal sram: 76675
I (68614549) SystemInfo: free sram: 88215 minimal sram: 76675
I (68624549) SystemInfo: free sram: 89695 minimal sram: 76675
I (68634569) SystemInfo: free sram: 88183 minimal sram: 76675
I (68644549) SystemInfo: free sram: 89695 minimal sram: 76675
I (68654549) SystemInfo: free sram: 88215 minimal sram: 76675
I (68664549) SystemInfo: free sram: 89179 minimal sram: 76675
I (68674549) SystemInfo: free sram: 88731 minimal sram: 76675
I (68684549) SystemInfo: free sram: 89179 minimal sram: 76675
I (68694549) SystemInfo: free sram: 88731 minimal sram: 76675
I (68704549) SystemInfo: free sram: 89179 minimal sram: 76675
I (68714559) SystemInfo: free sram: 88731 minimal sram: 76675
I (68724549) SystemInfo: free sram: 89179 minimal sram: 76675
I (68734549) SystemInfo: free sram: 88215 minimal sram: 76675
I (68744549) SystemInfo: free sram: 89663 minimal sram: 76675
I (68754549) SystemInfo: free sram: 88215 minimal sram: 76675
I (68764559) SystemInfo: free sram: 88691 minimal sram: 76675
I (68774549) SystemInfo: free sram: 88215 minimal sram: 76675
I (68784549) SystemInfo: free sram: 89695 minimal sram: 76675
I (68794549) SystemInfo: free sram: 88215 minimal sram: 76675
I (68804549) SystemInfo: free sram: 90211 minimal sram: 76675
I (68814549) SystemInfo: free sram: 88215 minimal sram: 76675
I (68824559) SystemInfo: free sram: 88215 minimal sram: 76675
I (68834549) SystemInfo: free sram: 88731 minimal sram: 76675
I (68844549) SystemInfo: free sram: 89179 minimal sram: 76675
I (68854549) SystemInfo: free sram: 88699 minimal sram: 76675
I (68864549) SystemInfo: free sram: 89179 minimal sram: 76675
I (68874549) SystemInfo: free sram: 88731 minimal sram: 76675
I (68884549) SystemInfo: free sram: 89179 minimal sram: 76675
I (68894549) SystemInfo: free sram: 88731 minimal sram: 76675
I (68904549) SystemInfo: free sram: 89179 minimal sram: 76675
I (68914549) SystemInfo: free sram: 88215 minimal sram: 76675
I (68924549) SystemInfo: free sram: 89695 minimal sram: 76675
I (68934549) SystemInfo: free sram: 88215 minimal sram: 76675
I (68944549) SystemInfo: free sram: 89695 minimal sram: 76675
I (68954549) SystemInfo: free sram: 88731 minimal sram: 76675
I (68964569) SystemInfo: free sram: 88699 minimal sram: 76675
I (68974549) SystemInfo: free sram: 88215 minimal sram: 76675
I (68984549) SystemInfo: free sram: 89179 minimal sram: 76675
I (68994549) SystemInfo: free sram: 88215 minimal sram: 76675
I (69004549) SystemInfo: free sram: 89179 minimal sram: 76675
I (69014549) SystemInfo: free sram: 88731 minimal sram: 76675
I (69024549) SystemInfo: free sram: 89179 minimal sram: 76675
I (69034549) SystemInfo: free sram: 88731 minimal sram: 76675
I (69044569) SystemInfo: free sram: 88215 minimal sram: 76675
I (69054549) SystemInfo: free sram: 88731 minimal sram: 76675
I (69064549) SystemInfo: free sram: 89179 minimal sram: 76675
I (69074559) SystemInfo: free sram: 88183 minimal sram: 76675
I (69084549) SystemInfo: free sram: 89695 minimal sram: 76675
I (69094549) SystemInfo: free sram: 88215 minimal sram: 76675
I (69104559) SystemInfo: free sram: 88731 minimal sram: 76675
I (69114549) SystemInfo: free sram: 88215 minimal sram: 76675
I (69124549) SystemInfo: free sram: 89695 minimal sram: 76675
I (69134549) SystemInfo: free sram: 88215 minimal sram: 76675
I (69144549) SystemInfo: free sram: 89695 minimal sram: 76675
I (69154549) SystemInfo: free sram: 88731 minimal sram: 76675
I (69164559) SystemInfo: free sram: 88215 minimal sram: 76675
I (69174549) SystemInfo: free sram: 88731 minimal sram: 76675
I (69184549) SystemInfo: free sram: 88183 minimal sram: 76675
I (69194549) SystemInfo: free sram: 88731 minimal sram: 76675
I (69204549) SystemInfo: free sram: 89179 minimal sram: 76675
I (69214549) SystemInfo: free sram: 88731 minimal sram: 76675
I (69224549) SystemInfo: free sram: 89179 minimal sram: 76675
I (69234549) SystemInfo: free sram: 88731 minimal sram: 76675
I (69244549) SystemInfo: free sram: 89179 minimal sram: 76675
I (69254549) SystemInfo: free sram: 88731 minimal sram: 76675
I (69264549) SystemInfo: free sram: 89695 minimal sram: 76675
I (69274549) SystemInfo: free sram: 88731 minimal sram: 76675
I (69284549) SystemInfo: free sram: 90211 minimal sram: 76675
I (69294549) SystemInfo: free sram: 88215 minimal sram: 76675
I (69304549) SystemInfo: free sram: 89663 minimal sram: 76675
I (69314549) SystemInfo: free sram: 88215 minimal sram: 76675
I (69324549) SystemInfo: free sram: 89179 minimal sram: 76675
I (69334549) SystemInfo: free sram: 88731 minimal sram: 76675
I (69344569) SystemInfo: free sram: 88215 minimal sram: 76675
I (69354549) SystemInfo: free sram: 88731 minimal sram: 76675
I (69364549) SystemInfo: free sram: 89695 minimal sram: 76675
I (69374549) SystemInfo: free sram: 88731 minimal sram: 76675
I (69384549) SystemInfo: free sram: 90207 minimal sram: 76675
I (69394549) SystemInfo: free sram: 88731 minimal sram: 76675
I (69404549) SystemInfo: free sram: 89695 minimal sram: 76675
I (69414569) SystemInfo: free sram: 89211 minimal sram: 76675
I (69424549) SystemInfo: free sram: 89695 minimal sram: 76675
I (69434549) SystemInfo: free sram: 88215 minimal sram: 76675
I (69444549) SystemInfo: free sram: 89695 minimal sram: 76675
I (69454549) SystemInfo: free sram: 88215 minimal sram: 76675
I (69464559) SystemInfo: free sram: 88731 minimal sram: 76675
I (69474549) SystemInfo: free sram: 88215 minimal sram: 76675
I (69484549) SystemInfo: free sram: 89695 minimal sram: 76675
I (69494559) SystemInfo: free sram: 88215 minimal sram: 76675
I (69504549) SystemInfo: free sram: 89179 minimal sram: 76675
I (69514549) SystemInfo: free sram: 88731 minimal sram: 76675
I (69524549) SystemInfo: free sram: 89147 minimal sram: 76675
I (69534549) SystemInfo: free sram: 88731 minimal sram: 76675
I (69544549) SystemInfo: free sram: 89179 minimal sram: 76675
I (69554549) SystemInfo: free sram: 88731 minimal sram: 76675
I (69564549) SystemInfo: free sram: 89179 minimal sram: 76675
I (69574549) SystemInfo: free sram: 88215 minimal sram: 76675
I (69584549) SystemInfo: free sram: 89695 minimal sram: 76675
I (69594549) SystemInfo: free sram: 88215 minimal sram: 76675
I (69604559) SystemInfo: free sram: 88731 minimal sram: 76675
I (69614549) SystemInfo: free sram: 88215 minimal sram: 76675
I (69624549) SystemInfo: free sram: 89695 minimal sram: 76675
I (69634549) SystemInfo: free sram: 88183 minimal sram: 76675
I (69644549) SystemInfo: free sram: 89695 minimal sram: 76675
I (69654549) SystemInfo: free sram: 88215 minimal sram: 76675
I (69664549) SystemInfo: free sram: 89179 minimal sram: 76675
I (69674549) SystemInfo: free sram: 88731 minimal sram: 76675
I (69684549) SystemInfo: free sram: 89179 minimal sram: 76675
I (69694549) SystemInfo: free sram: 88731 minimal sram: 76675
I (69704549) SystemInfo: free sram: 89179 minimal sram: 76675
I (69714549) SystemInfo: free sram: 88731 minimal sram: 76675
I (69724549) SystemInfo: free sram: 89179 minimal sram: 76675
I (69734549) SystemInfo: free sram: 88731 minimal sram: 76675
I (69744549) SystemInfo: free sram: 89147 minimal sram: 76675
I (69754549) SystemInfo: free sram: 88215 minimal sram: 76675
I (69764559) SystemInfo: free sram: 88731 minimal sram: 76675
I (69774549) SystemInfo: free sram: 88215 minimal sram: 76675
I (69784549) SystemInfo: free sram: 89695 minimal sram: 76675
I (69794549) SystemInfo: free sram: 88215 minimal sram: 76675
I (69804549) SystemInfo: free sram: 89695 minimal sram: 76675
I (69814549) SystemInfo: free sram: 88215 minimal sram: 76675
I (69824549) SystemInfo: free sram: 89179 minimal sram: 76675
I (69834549) SystemInfo: free sram: 88215 minimal sram: 76675
I (69844549) SystemInfo: free sram: 89179 minimal sram: 76675
I (69854549) SystemInfo: free sram: 88699 minimal sram: 76675
I (69864549) SystemInfo: free sram: 89179 minimal sram: 76675
I (69874549) SystemInfo: free sram: 88731 minimal sram: 76675
I (69884549) SystemInfo: free sram: 88215 minimal sram: 76675
I (69894549) SystemInfo: free sram: 88731 minimal sram: 76675
I (69904549) SystemInfo: free sram: 88215 minimal sram: 76675
I (69914549) SystemInfo: free sram: 88215 minimal sram: 76675
I (69924549) SystemInfo: free sram: 89695 minimal sram: 76675
I (69934549) SystemInfo: free sram: 88215 minimal sram: 76675
I (69944549) SystemInfo: free sram: 89695 minimal sram: 76675
I (69954549) SystemInfo: free sram: 88215 minimal sram: 76675
I (69964549) SystemInfo: free sram: 89663 minimal sram: 76675
I (69974549) SystemInfo: free sram: 88215 minimal sram: 76675
I (69984549) SystemInfo: free sram: 89695 minimal sram: 76675
I (69994549) SystemInfo: free sram: 88215 minimal sram: 76675
I (70004569) SystemInfo: free sram: 88215 minimal sram: 76675
I (70014549) SystemInfo: free sram: 88731 minimal sram: 76675
I (70024549) SystemInfo: free sram: 89179 minimal sram: 76675
I (70034569) SystemInfo: free sram: 89695 minimal sram: 76675
I (70044549) SystemInfo: free sram: 89179 minimal sram: 76675
I (70054549) SystemInfo: free sram: 88731 minimal sram: 76675
I (70064549) SystemInfo: free sram: 89179 minimal sram: 76675
I (70074549) SystemInfo: free sram: 88699 minimal sram: 76675
I (70084549) SystemInfo: free sram: 89179 minimal sram: 76675
I (70094569) SystemInfo: free sram: 88215 minimal sram: 76675
I (70104549) SystemInfo: free sram: 89695 minimal sram: 76675
I (70114549) SystemInfo: free sram: 88215 minimal sram: 76675
I (70124549) SystemInfo: free sram: 89695 minimal sram: 76675
I (70134549) SystemInfo: free sram: 88215 minimal sram: 76675
I (70144549) SystemInfo: free sram: 89695 minimal sram: 76675
I (70154559) SystemInfo: free sram: 88215 minimal sram: 76675
I (70164549) SystemInfo: free sram: 89179 minimal sram: 76675
I (70174549) SystemInfo: free sram: 88731 minimal sram: 76675
I (70184549) SystemInfo: free sram: 89147 minimal sram: 76675
I (70194549) SystemInfo: free sram: 88731 minimal sram: 76675
I (70204549) SystemInfo: free sram: 88215 minimal sram: 76675
I (70214549) SystemInfo: free sram: 88691 minimal sram: 76675
I (70224549) SystemInfo: free sram: 89179 minimal sram: 76675
I (70234549) SystemInfo: free sram: 88731 minimal sram: 76675
I (70244549) SystemInfo: free sram: 89179 minimal sram: 76675
I (70254549) SystemInfo: free sram: 88215 minimal sram: 76675
I (70264569) SystemInfo: free sram: 88731 minimal sram: 76675
I (70274549) SystemInfo: free sram: 88215 minimal sram: 76675
I (70284549) SystemInfo: free sram: 89695 minimal sram: 76675
I (70294549) SystemInfo: free sram: 88699 minimal sram: 76675
I (70304549) SystemInfo: free sram: 90211 minimal sram: 76675
I (70314549) SystemInfo: free sram: 88731 minimal sram: 76675
I (70324549) SystemInfo: free sram: 89695 minimal sram: 76675
I (70334549) SystemInfo: free sram: 88215 minimal sram: 76675
I (70344549) SystemInfo: free sram: 89179 minimal sram: 76675
I (70354549) SystemInfo: free sram: 88731 minimal sram: 76675
I (70364549) SystemInfo: free sram: 89179 minimal sram: 76675
I (70374549) SystemInfo: free sram: 88731 minimal sram: 76675
I (70384549) SystemInfo: free sram: 89179 minimal sram: 76675
I (70394569) SystemInfo: free sram: 89695 minimal sram: 76675
I (70404549) SystemInfo: free sram: 89663 minimal sram: 76675
I (70414549) SystemInfo: free sram: 88215 minimal sram: 76675
I (70424549) SystemInfo: free sram: 89247 minimal sram: 76675
I (70434549) SystemInfo: free sram: 88215 minimal sram: 76675
I (70444549) SystemInfo: free sram: 89695 minimal sram: 76675
I (70454549) SystemInfo: free sram: 88215 minimal sram: 76675
I (70464549) SystemInfo: free sram: 89695 minimal sram: 76675
I (70474549) SystemInfo: free sram: 88215 minimal sram: 76675
I (70484549) SystemInfo: free sram: 88731 minimal sram: 76675
I (70494549) SystemInfo: free sram: 88215 minimal sram: 76675
I (70504569) SystemInfo: free sram: 88731 minimal sram: 76675
I (70514549) SystemInfo: free sram: 88699 minimal sram: 76675
I (70524549) SystemInfo: free sram: 89179 minimal sram: 76675
I (70534549) SystemInfo: free sram: 88731 minimal sram: 76675
I (70544549) SystemInfo: free sram: 89179 minimal sram: 76675
I (70554549) SystemInfo: free sram: 89247 minimal sram: 76675
I (70564549) SystemInfo: free sram: 89179 minimal sram: 76675
I (70574549) SystemInfo: free sram: 88731 minimal sram: 76675
I (70584549) SystemInfo: free sram: 89179 minimal sram: 76675
I (70594549) SystemInfo: free sram: 88215 minimal sram: 76675
I (70604549) SystemInfo: free sram: 89695 minimal sram: 76675
I (70614549) SystemInfo: free sram: 88215 minimal sram: 76675
I (70624549) SystemInfo: free sram: 89663 minimal sram: 76675
I (70634549) SystemInfo: free sram: 88215 minimal sram: 76675
I (70644549) SystemInfo: free sram: 89695 minimal sram: 76675
I (70654549) SystemInfo: free sram: 88215 minimal sram: 76675
I (70664549) SystemInfo: free sram: 89179 minimal sram: 76675
I (70674569) SystemInfo: free sram: 88215 minimal sram: 76675
I (70684549) SystemInfo: free sram: 89179 minimal sram: 76675
I (70694549) SystemInfo: free sram: 88731 minimal sram: 76675
I (70704549) SystemInfo: free sram: 88215 minimal sram: 76675
I (70714549) SystemInfo: free sram: 88731 minimal sram: 76675
I (70724549) SystemInfo: free sram: 90207 minimal sram: 76675
I (70734549) SystemInfo: free sram: 88731 minimal sram: 76675
I (70744549) SystemInfo: free sram: 89147 minimal sram: 76675
I (70754549) SystemInfo: free sram: 89243 minimal sram: 76675
I (70764549) SystemInfo: free sram: 89695 minimal sram: 76675
I (70774549) SystemInfo: free sram: 88215 minimal sram: 76675
I (70784549) SystemInfo: free sram: 89695 minimal sram: 76675
I (70794559) SystemInfo: free sram: 88215 minimal sram: 76675
I (70804549) SystemInfo: free sram: 89695 minimal sram: 76675
I (70814549) SystemInfo: free sram: 88731 minimal sram: 76675
I (70824549) SystemInfo: free sram: 89695 minimal sram: 76675
I (70834549) SystemInfo: free sram: 88215 minimal sram: 76675
I (70844549) SystemInfo: free sram: 89179 minimal sram: 76675
I (70854549) SystemInfo: free sram: 88659 minimal sram: 76675
I (70864549) SystemInfo: free sram: 89179 minimal sram: 76675
I (70874549) SystemInfo: free sram: 88731 minimal sram: 76675
I (70884549) SystemInfo: free sram: 89179 minimal sram: 76675
I (70894549) SystemInfo: free sram: 88731 minimal sram: 76675
I (70904549) SystemInfo: free sram: 89179 minimal sram: 76675
I (70914549) SystemInfo: free sram: 88731 minimal sram: 76675
I (70924549) SystemInfo: free sram: 89179 minimal sram: 76675
I (70934549) SystemInfo: free sram: 88215 minimal sram: 76675
I (70944549) SystemInfo: free sram: 89695 minimal sram: 76675
I (70954549) SystemInfo: free sram: 88215 minimal sram: 76675
I (70964569) SystemInfo: free sram: 88699 minimal sram: 76675
I (70974549) SystemInfo: free sram: 88215 minimal sram: 76675
I (70984549) SystemInfo: free sram: 89695 minimal sram: 76675
I (70994569) SystemInfo: free sram: 89179 minimal sram: 76675
I (71004549) SystemInfo: free sram: 89179 minimal sram: 76675
I (71014549) SystemInfo: free sram: 88731 minimal sram: 76675
I (71024549) SystemInfo: free sram: 89179 minimal sram: 76675
I (71034549) SystemInfo: free sram: 89247 minimal sram: 76675
I (71044549) SystemInfo: free sram: 89179 minimal sram: 76675
I (71054549) SystemInfo: free sram: 88731 minimal sram: 76675
I (71064549) SystemInfo: free sram: 89179 minimal sram: 76675
I (71074549) SystemInfo: free sram: 88699 minimal sram: 76675
I (71084549) SystemInfo: free sram: 89179 minimal sram: 76675
I (71094549) SystemInfo: free sram: 88215 minimal sram: 76675
I (71104549) SystemInfo: free sram: 89695 minimal sram: 76675
I (71114549) SystemInfo: free sram: 88215 minimal sram: 76675
I (71124549) SystemInfo: free sram: 89695 minimal sram: 76675
I (71134549) SystemInfo: free sram: 88215 minimal sram: 76675
I (71144549) SystemInfo: free sram: 90211 minimal sram: 76675
I (71154569) SystemInfo: free sram: 88215 minimal sram: 76675
I (71164549) SystemInfo: free sram: 90211 minimal sram: 76675
I (71174569) SystemInfo: free sram: 89179 minimal sram: 76675
I (71184549) SystemInfo: free sram: 89147 minimal sram: 76675
I (71194549) SystemInfo: free sram: 88731 minimal sram: 76675
I (71204549) SystemInfo: free sram: 89179 minimal sram: 76675
I (71214549) SystemInfo: free sram: 88731 minimal sram: 76675
I (71224549) SystemInfo: free sram: 89179 minimal sram: 76675
I (71234549) SystemInfo: free sram: 88731 minimal sram: 76675
I (71244549) SystemInfo: free sram: 89179 minimal sram: 76675
I (71254549) SystemInfo: free sram: 88215 minimal sram: 76675
I (71264549) SystemInfo: free sram: 88731 minimal sram: 76675
I (71274549) SystemInfo: free sram: 88215 minimal sram: 76675
I (71284549) SystemInfo: free sram: 89695 minimal sram: 76675
I (71294549) SystemInfo: free sram: 88183 minimal sram: 76675
I (71304549) SystemInfo: free sram: 89695 minimal sram: 76675
I (71314549) SystemInfo: free sram: 88215 minimal sram: 76675
I (71324549) SystemInfo: free sram: 88731 minimal sram: 76675
I (71334549) SystemInfo: free sram: 88215 minimal sram: 76675
I (71344549) SystemInfo: free sram: 89179 minimal sram: 76675
I (71354559) SystemInfo: free sram: 88731 minimal sram: 76675
I (71364549) SystemInfo: free sram: 89179 minimal sram: 76675
I (71374569) SystemInfo: free sram: 88731 minimal sram: 76675
I (71384549) SystemInfo: free sram: 89179 minimal sram: 76675
I (71394569) SystemInfo: free sram: 88731 minimal sram: 76675
I (71404549) SystemInfo: free sram: 89147 minimal sram: 76675
I (71414549) SystemInfo: free sram: 88731 minimal sram: 76675
I (71424549) SystemInfo: free sram: 89179 minimal sram: 76675
I (71434569) SystemInfo: free sram: 89179 minimal sram: 76675
I (71444549) SystemInfo: free sram: 89695 minimal sram: 76675
I (71454549) SystemInfo: free sram: 88215 minimal sram: 76675
I (71464549) SystemInfo: free sram: 89695 minimal sram: 76675
I (71474549) SystemInfo: free sram: 88215 minimal sram: 76675
I (71484549) SystemInfo: free sram: 89695 minimal sram: 76675
I (71494569) SystemInfo: free sram: 89179 minimal sram: 76675
I (71504549) SystemInfo: free sram: 89179 minimal sram: 76675
I (71514569) SystemInfo: free sram: 88183 minimal sram: 76675
I (71524549) SystemInfo: free sram: 89695 minimal sram: 76675
I (71534549) SystemInfo: free sram: 89247 minimal sram: 76675
I (71544549) SystemInfo: free sram: 89179 minimal sram: 76675
I (71554549) SystemInfo: free sram: 88731 minimal sram: 76675
I (71564549) SystemInfo: free sram: 89179 minimal sram: 76675
I (71574569) SystemInfo: free sram: 88731 minimal sram: 76675
I (71584549) SystemInfo: free sram: 89179 minimal sram: 76675
I (71594549) SystemInfo: free sram: 88215 minimal sram: 76675
I (71604549) SystemInfo: free sram: 89695 minimal sram: 76675
I (71614549) SystemInfo: free sram: 88215 minimal sram: 76675
I (71624569) SystemInfo: free sram: 88699 minimal sram: 76675
I (71634549) SystemInfo: free sram: 88215 minimal sram: 76675
I (71644549) SystemInfo: free sram: 89695 minimal sram: 76675
I (71654549) SystemInfo: free sram: 88215 minimal sram: 76675
I (71664549) SystemInfo: free sram: 89695 minimal sram: 76675
I (71674549) SystemInfo: free sram: 88215 minimal sram: 76675
I (71684549) SystemInfo: free sram: 89179 minimal sram: 76675
I (71694549) SystemInfo: free sram: 88731 minimal sram: 76675
I (71704549) SystemInfo: free sram: 88215 minimal sram: 76675
I (71714549) SystemInfo: free sram: 88731 minimal sram: 76675
I (71724549) SystemInfo: free sram: 89179 minimal sram: 76675
I (71734549) SystemInfo: free sram: 88731 minimal sram: 76675
I (71744549) SystemInfo: free sram: 89147 minimal sram: 76675
I (71754549) SystemInfo: free sram: 88731 minimal sram: 76675
I (71764559) SystemInfo: free sram: 88215 minimal sram: 76675
I (71774549) SystemInfo: free sram: 88215 minimal sram: 76675
I (71784549) SystemInfo: free sram: 89695 minimal sram: 76675
I (71794549) SystemInfo: free sram: 88215 minimal sram: 76675
I (71804549) SystemInfo: free sram: 89695 minimal sram: 76675
I (71814549) SystemInfo: free sram: 88215 minimal sram: 76675
I (71824549) SystemInfo: free sram: 88731 minimal sram: 76675
I (71834549) SystemInfo: free sram: 88215 minimal sram: 76675
I (71844549) SystemInfo: free sram: 89179 minimal sram: 76675
I (71854549) SystemInfo: free sram: 88699 minimal sram: 76675
I (71864549) SystemInfo: free sram: 89179 minimal sram: 76675
I (71874549) SystemInfo: free sram: 88731 minimal sram: 76675
I (71884549) SystemInfo: free sram: 89179 minimal sram: 76675
I (71894549) SystemInfo: free sram: 88731 minimal sram: 76675
I (71904549) SystemInfo: free sram: 89179 minimal sram: 76675
I (71914549) SystemInfo: free sram: 88731 minimal sram: 76675
I (71924549) SystemInfo: free sram: 89179 minimal sram: 76675
I (71934569) SystemInfo: free sram: 88215 minimal sram: 76675
I (71944549) SystemInfo: free sram: 89695 minimal sram: 76675
I (71954549) SystemInfo: free sram: 88215 minimal sram: 76675
I (71964569) SystemInfo: free sram: 88691 minimal sram: 76675
I (71974549) SystemInfo: free sram: 88183 minimal sram: 76675
I (71984549) SystemInfo: free sram: 89695 minimal sram: 76675
I (71994549) SystemInfo: free sram: 88215 minimal sram: 76675
I (72004549) SystemInfo: free sram: 89695 minimal sram: 76675
I (72014549) SystemInfo: free sram: 88739 minimal sram: 76675
I (72024549) SystemInfo: free sram: 89695 minimal sram: 76675
I (72034549) SystemInfo: free sram: 89247 minimal sram: 76675
I (72044549) SystemInfo: free sram: 89695 minimal sram: 76675
I (72054549) SystemInfo: free sram: 89247 minimal sram: 76675
I (72064549) SystemInfo: free sram: 90207 minimal sram: 76675
I (72074549) SystemInfo: free sram: 88731 minimal sram: 76675
I (72084549) SystemInfo: free sram: 89179 minimal sram: 76675
I (72094549) SystemInfo: free sram: 89211 minimal sram: 76675
I (72104549) SystemInfo: free sram: 89695 minimal sram: 76675
I (72114549) SystemInfo: free sram: 88215 minimal sram: 76675
I (72124549) SystemInfo: free sram: 90211 minimal sram: 76675
I (72134549) SystemInfo: free sram: 88215 minimal sram: 76675
I (72144549) SystemInfo: free sram: 90211 minimal sram: 76675
I (72154569) SystemInfo: free sram: 88731 minimal sram: 76675
I (72164549) SystemInfo: free sram: 89695 minimal sram: 76675
I (72174569) SystemInfo: free sram: 88215 minimal sram: 76675
I (72184549) SystemInfo: free sram: 89179 minimal sram: 76675
I (72194549) SystemInfo: free sram: 88731 minimal sram: 76675
I (72204569) SystemInfo: free sram: 88215 minimal sram: 76675
I (72214559) SystemInfo: free sram: 88699 minimal sram: 76675
I (72224549) SystemInfo: free sram: 89179 minimal sram: 76675
I (72234549) SystemInfo: free sram: 88731 minimal sram: 76675
I (72244549) SystemInfo: free sram: 89179 minimal sram: 76675
I (72254549) SystemInfo: free sram: 88731 minimal sram: 76675
I (72264569) SystemInfo: free sram: 88215 minimal sram: 76675
I (72274549) SystemInfo: free sram: 88215 minimal sram: 76675
I (72284569) SystemInfo: free sram: 88731 minimal sram: 76675
I (72294549) SystemInfo: free sram: 88215 minimal sram: 76675
I (72304549) SystemInfo: free sram: 89655 minimal sram: 76675
I (72314549) SystemInfo: free sram: 88215 minimal sram: 76675
I (72324549) SystemInfo: free sram: 89663 minimal sram: 76675
I (72334549) SystemInfo: free sram: 88215 minimal sram: 76675
I (72344549) SystemInfo: free sram: 89179 minimal sram: 76675
I (72354549) SystemInfo: free sram: 88215 minimal sram: 76675
I (72364549) SystemInfo: free sram: 89179 minimal sram: 76675
I (72374549) SystemInfo: free sram: 88731 minimal sram: 76675
I (72384549) SystemInfo: free sram: 88215 minimal sram: 76675
I (72394549) SystemInfo: free sram: 88731 minimal sram: 76675
I (72404549) SystemInfo: free sram: 89179 minimal sram: 76675
I (72414549) SystemInfo: free sram: 88731 minimal sram: 76675
I (72424549) SystemInfo: free sram: 89179 minimal sram: 76675
I (72434549) SystemInfo: free sram: 88183 minimal sram: 76675
I (72444549) SystemInfo: free sram: 89695 minimal sram: 76675
I (72454549) SystemInfo: free sram: 88215 minimal sram: 76675
I (72464549) SystemInfo: free sram: 89695 minimal sram: 76675
I (72474549) SystemInfo: free sram: 88215 minimal sram: 76675
I (72484549) SystemInfo: free sram: 89695 minimal sram: 76675
I (72494569) SystemInfo: free sram: 89179 minimal sram: 76675
I (72504549) SystemInfo: free sram: 89695 minimal sram: 76675
I (72514549) SystemInfo: free sram: 88215 minimal sram: 76675
I (72524549) SystemInfo: free sram: 89179 minimal sram: 76675
I (72534549) SystemInfo: free sram: 88731 minimal sram: 76675
I (72544549) SystemInfo: free sram: 89695 minimal sram: 76675
I (72554559) SystemInfo: free sram: 88699 minimal sram: 76675
I (72564549) SystemInfo: free sram: 89179 minimal sram: 76675
I (72574549) SystemInfo: free sram: 88731 minimal sram: 76675
I (72584549) SystemInfo: free sram: 89179 minimal sram: 76675
I (72594549) SystemInfo: free sram: 88731 minimal sram: 76675
I (72604549) SystemInfo: free sram: 89179 minimal sram: 76675
I (72614549) SystemInfo: free sram: 88215 minimal sram: 76675
I (72624549) SystemInfo: free sram: 89695 minimal sram: 76675
I (72634549) SystemInfo: free sram: 88215 minimal sram: 76675
I (72644549) SystemInfo: free sram: 89695 minimal sram: 76675
I (72654569) SystemInfo: free sram: 88215 minimal sram: 76675
I (72664549) SystemInfo: free sram: 89663 minimal sram: 76675
I (72674549) SystemInfo: free sram: 88215 minimal sram: 76675
I (72684549) SystemInfo: free sram: 89179 minimal sram: 76675
I (72694549) SystemInfo: free sram: 88731 minimal sram: 76675
I (72704549) SystemInfo: free sram: 89179 minimal sram: 76675
I (72714549) SystemInfo: free sram: 88731 minimal sram: 76675
I (72724549) SystemInfo: free sram: 89179 minimal sram: 76675
I (72734559) SystemInfo: free sram: 88731 minimal sram: 76675
I (72744549) SystemInfo: free sram: 89179 minimal sram: 76675
I (72754549) SystemInfo: free sram: 89247 minimal sram: 76675
I (72764569) SystemInfo: free sram: 88215 minimal sram: 76675
I (72774549) SystemInfo: free sram: 88183 minimal sram: 76675
I (72784549) SystemInfo: free sram: 89695 minimal sram: 76675
I (72794549) SystemInfo: free sram: 88215 minimal sram: 76675
I (72804549) SystemInfo: free sram: 89695 minimal sram: 76675
I (72814549) SystemInfo: free sram: 88047 minimal sram: 76675
I (72824549) SystemInfo: free sram: 89695 minimal sram: 76675
I (72834549) SystemInfo: free sram: 88215 minimal sram: 76675
I (72844549) SystemInfo: free sram: 89695 minimal sram: 76675
I (72854549) SystemInfo: free sram: 88215 minimal sram: 76675
I (72864549) SystemInfo: free sram: 89695 minimal sram: 76675
I (72874549) SystemInfo: free sram: 88731 minimal sram: 76675
I (72884569) SystemInfo: free sram: 88183 minimal sram: 76675
I (72894549) SystemInfo: free sram: 88731 minimal sram: 76675
I (72904549) SystemInfo: free sram: 89695 minimal sram: 76675
I (72914549) SystemInfo: free sram: 88731 minimal sram: 76675
I (72924549) SystemInfo: free sram: 89179 minimal sram: 76675
I (72934569) SystemInfo: free sram: 88215 minimal sram: 76675
I (72944549) SystemInfo: free sram: 89655 minimal sram: 76675
I (72954569) SystemInfo: free sram: 88215 minimal sram: 76675
I (72964549) SystemInfo: free sram: 89695 minimal sram: 76675
I (72974549) SystemInfo: free sram: 88731 minimal sram: 76675
I (72984549) SystemInfo: free sram: 89695 minimal sram: 76675
I (72994569) SystemInfo: free sram: 89147 minimal sram: 76675
I (73004549) SystemInfo: free sram: 89695 minimal sram: 76675
I (73014559) SystemInfo: free sram: 88215 minimal sram: 76675
I (73024549) SystemInfo: free sram: 89179 minimal sram: 76675
I (73034549) SystemInfo: free sram: 88731 minimal sram: 76675
I (73044559) SystemInfo: free sram: 88215 minimal sram: 76675
I (73054549) SystemInfo: free sram: 88731 minimal sram: 76675
I (73064549) SystemInfo: free sram: 89179 minimal sram: 76675
I (73074549) SystemInfo: free sram: 88731 minimal sram: 76675
I (73084549) SystemInfo: free sram: 89695 minimal sram: 76675
I (73094549) SystemInfo: free sram: 88731 minimal sram: 76675
I (73104549) SystemInfo: free sram: 88183 minimal sram: 76675
I (73114549) SystemInfo: free sram: 88215 minimal sram: 76675
I (73124569) SystemInfo: free sram: 88731 minimal sram: 76675
I (73134549) SystemInfo: free sram: 88215 minimal sram: 76675
I (73144549) SystemInfo: free sram: 89695 minimal sram: 76675
I (73154559) SystemInfo: free sram: 88215 minimal sram: 76675
I (73164549) SystemInfo: free sram: 89695 minimal sram: 76675
I (73174549) SystemInfo: free sram: 88215 minimal sram: 76675
I (73184549) SystemInfo: free sram: 89179 minimal sram: 76675
I (73194549) SystemInfo: free sram: 88215 minimal sram: 76675
I (73204549) SystemInfo: free sram: 89179 minimal sram: 76675
I (73214569) SystemInfo: free sram: 88699 minimal sram: 76675
I (73224549) SystemInfo: free sram: 89179 minimal sram: 76675
I (73234549) SystemInfo: free sram: 88731 minimal sram: 76675
I (73244549) SystemInfo: free sram: 89179 minimal sram: 76675
I (73254549) SystemInfo: free sram: 88731 minimal sram: 76675
I (73264559) SystemInfo: free sram: 88215 minimal sram: 76675
I (73274549) SystemInfo: free sram: 88215 minimal sram: 76675
I (73284549) SystemInfo: free sram: 89695 minimal sram: 76675
I (73294549) SystemInfo: free sram: 88215 minimal sram: 76675
I (73304549) SystemInfo: free sram: 89695 minimal sram: 76675
I (73314549) SystemInfo: free sram: 88215 minimal sram: 76675
I (73324549) SystemInfo: free sram: 89663 minimal sram: 76675
I (73334549) SystemInfo: free sram: 88215 minimal sram: 76675
I (73344549) SystemInfo: free sram: 89695 minimal sram: 76675
I (73354549) SystemInfo: free sram: 88215 minimal sram: 76675
I (73364549) SystemInfo: free sram: 89179 minimal sram: 76675
I (73374549) SystemInfo: free sram: 88731 minimal sram: 76675
I (73384559) SystemInfo: free sram: 88215 minimal sram: 76675
I (73394549) SystemInfo: free sram: 88731 minimal sram: 76675
I (73404549) SystemInfo: free sram: 90207 minimal sram: 76675
I (73414549) SystemInfo: free sram: 88731 minimal sram: 76675
I (73424549) SystemInfo: free sram: 89179 minimal sram: 76675
I (73434549) SystemInfo: free sram: 89759 minimal sram: 76675
I (73444549) SystemInfo: free sram: 89147 minimal sram: 76675
I (73454549) SystemInfo: free sram: 88215 minimal sram: 76675
I (73464549) SystemInfo: free sram: 89695 minimal sram: 76675
I (73474549) SystemInfo: free sram: 88215 minimal sram: 76675
I (73484549) SystemInfo: free sram: 89695 minimal sram: 76675
I (73494549) SystemInfo: free sram: 88731 minimal sram: 76675
I (73504549) SystemInfo: free sram: 90211 minimal sram: 76675
I (73514569) SystemInfo: free sram: 89179 minimal sram: 76675
I (73524549) SystemInfo: free sram: 89179 minimal sram: 76675
I (73534549) SystemInfo: free sram: 88731 minimal sram: 76675
I (73544569) SystemInfo: free sram: 88215 minimal sram: 76675
I (73554569) SystemInfo: free sram: 88699 minimal sram: 76675
I (73564549) SystemInfo: free sram: 89695 minimal sram: 76675
I (73574549) SystemInfo: free sram: 88731 minimal sram: 76675
I (73584549) SystemInfo: free sram: 89139 minimal sram: 76675
I (73594549) SystemInfo: free sram: 88731 minimal sram: 76675
I (73604549) SystemInfo: free sram: 89179 minimal sram: 76675
I (73614549) SystemInfo: free sram: 88215 minimal sram: 76675
I (73624569) SystemInfo: free sram: 88731 minimal sram: 76675
I (73634549) SystemInfo: free sram: 88215 minimal sram: 76675
I (73644549) SystemInfo: free sram: 90211 minimal sram: 76675
I (73654549) SystemInfo: free sram: 88215 minimal sram: 76675
I (73664569) SystemInfo: free sram: 88699 minimal sram: 76675
I (73674549) SystemInfo: free sram: 88215 minimal sram: 76675
I (73684549) SystemInfo: free sram: 89695 minimal sram: 76675
I (73694549) SystemInfo: free sram: 88215 minimal sram: 76675
I (73704549) SystemInfo: free sram: 89179 minimal sram: 76675
I (73714569) SystemInfo: free sram: 88731 minimal sram: 76675
I (73724549) SystemInfo: free sram: 89179 minimal sram: 76675
I (73734549) SystemInfo: free sram: 88731 minimal sram: 76675
I (73744549) SystemInfo: free sram: 89179 minimal sram: 76675
I (73754549) SystemInfo: free sram: 88731 minimal sram: 76675
I (73764549) SystemInfo: free sram: 89179 minimal sram: 76675
I (73774549) SystemInfo: free sram: 88183 minimal sram: 76675
I (73784549) SystemInfo: free sram: 89695 minimal sram: 76675
I (73794559) SystemInfo: free sram: 88215 minimal sram: 76675
I (73804549) SystemInfo: free sram: 89695 minimal sram: 76675
I (73814549) SystemInfo: free sram: 88215 minimal sram: 76675
I (73824549) SystemInfo: free sram: 90211 minimal sram: 76675
I (73834549) SystemInfo: free sram: 88215 minimal sram: 76675
I (73844549) SystemInfo: free sram: 89695 minimal sram: 76675
I (73854549) SystemInfo: free sram: 88215 minimal sram: 76675
I (73864549) SystemInfo: free sram: 89179 minimal sram: 76675
I (73874549) SystemInfo: free sram: 88731 minimal sram: 76675
I (73884549) SystemInfo: free sram: 89147 minimal sram: 76675
I (73894549) SystemInfo: free sram: 88731 minimal sram: 76675
I (73904569) SystemInfo: free sram: 88215 minimal sram: 76675
I (73914549) SystemInfo: free sram: 88731 minimal sram: 76675
I (73924549) SystemInfo: free sram: 89179 minimal sram: 76675
I (73934549) SystemInfo: free sram: 88731 minimal sram: 76675
I (73944559) SystemInfo: free sram: 88215 minimal sram: 76675
I (73954549) SystemInfo: free sram: 88215 minimal sram: 76675
I (73964549) SystemInfo: free sram: 89695 minimal sram: 76675
I (73974549) SystemInfo: free sram: 88215 minimal sram: 76675
I (73984549) SystemInfo: free sram: 89695 minimal sram: 76675
I (73994569) SystemInfo: free sram: 88183 minimal sram: 76675
I (74004549) SystemInfo: free sram: 89695 minimal sram: 76675
I (74014549) SystemInfo: free sram: 88215 minimal sram: 76675
I (74024549) SystemInfo: free sram: 89179 minimal sram: 76675
I (74034549) SystemInfo: free sram: 88215 minimal sram: 76675
I (74044549) SystemInfo: free sram: 89179 minimal sram: 76675
I (74054559) SystemInfo: free sram: 88691 minimal sram: 76675
I (74064549) SystemInfo: free sram: 89179 minimal sram: 76675
I (74074549) SystemInfo: free sram: 89247 minimal sram: 76675
I (74084569) SystemInfo: free sram: 88215 minimal sram: 76675
I (74094549) SystemInfo: free sram: 88731 minimal sram: 76675
I (74104549) SystemInfo: free sram: 89179 minimal sram: 76675
I (74114549) SystemInfo: free sram: 88183 minimal sram: 76675
I (74124549) SystemInfo: free sram: 89695 minimal sram: 76675
I (74134549) SystemInfo: free sram: 88215 minimal sram: 76675
I (74144549) SystemInfo: free sram: 89695 minimal sram: 76675
I (74154549) SystemInfo: free sram: 88215 minimal sram: 76675
I (74164549) SystemInfo: free sram: 89695 minimal sram: 76675
I (74174549) SystemInfo: free sram: 88215 minimal sram: 76675
I (74184549) SystemInfo: free sram: 89695 minimal sram: 76675
I (74194549) SystemInfo: free sram: 88215 minimal sram: 76675
I (74204549) SystemInfo: free sram: 89179 minimal sram: 76675
I (74214549) SystemInfo: free sram: 88731 minimal sram: 76675
I (74224549) SystemInfo: free sram: 89107 minimal sram: 76675
I (74234549) SystemInfo: free sram: 88731 minimal sram: 76675
I (74244549) SystemInfo: free sram: 89695 minimal sram: 76675
I (74254549) SystemInfo: free sram: 88731 minimal sram: 76675
I (74264549) SystemInfo: free sram: 89179 minimal sram: 76675
I (74274549) SystemInfo: free sram: 88731 minimal sram: 76675
I (74284549) SystemInfo: free sram: 89179 minimal sram: 76675
I (74294549) SystemInfo: free sram: 88215 minimal sram: 76675
I (74304549) SystemInfo: free sram: 89695 minimal sram: 76675
I (74314549) SystemInfo: free sram: 88215 minimal sram: 76675
I (74324559) SystemInfo: free sram: 88731 minimal sram: 76675
I (74334549) SystemInfo: free sram: 88183 minimal sram: 76675
I (74344549) SystemInfo: free sram: 89695 minimal sram: 76675
I (74354549) SystemInfo: free sram: 88731 minimal sram: 76675
I (74364549) SystemInfo: free sram: 89179 minimal sram: 76675
I (74374549) SystemInfo: free sram: 88731 minimal sram: 76675
I (74384549) SystemInfo: free sram: 89179 minimal sram: 76675
I (74394549) SystemInfo: free sram: 88731 minimal sram: 76675
I (74404549) SystemInfo: free sram: 89179 minimal sram: 76675
I (74414549) SystemInfo: free sram: 88731 minimal sram: 76675
I (74424549) SystemInfo: free sram: 89179 minimal sram: 76675
I (74434559) SystemInfo: free sram: 88731 minimal sram: 76675
I (74444549) SystemInfo: free sram: 89147 minimal sram: 76675
I (74454549) SystemInfo: free sram: 88215 minimal sram: 76675
I (74464559) SystemInfo: free sram: 88731 minimal sram: 76675
I (74474549) SystemInfo: free sram: 88215 minimal sram: 76675
I (74484549) SystemInfo: free sram: 90211 minimal sram: 76675
I (74494549) SystemInfo: free sram: 88215 minimal sram: 76675
I (74504549) SystemInfo: free sram: 90723 minimal sram: 76675
I (74514549) SystemInfo: free sram: 88215 minimal sram: 76675
I (74524559) SystemInfo: free sram: 88731 minimal sram: 76675
I (74534549) SystemInfo: free sram: 89243 minimal sram: 76675
I (74544549) SystemInfo: free sram: 88215 minimal sram: 76675
I (74554549) SystemInfo: free sram: 88699 minimal sram: 76675
I (74564549) SystemInfo: free sram: 89139 minimal sram: 76675
I (74574549) SystemInfo: free sram: 88731 minimal sram: 76675
I (74584549) SystemInfo: free sram: 89179 minimal sram: 76675
I (74594549) SystemInfo: free sram: 88731 minimal sram: 76675
I (74604549) SystemInfo: free sram: 89179 minimal sram: 76675
I (74614549) SystemInfo: free sram: 88215 minimal sram: 76675
I (74624569) SystemInfo: free sram: 88731 minimal sram: 76675
I (74634549) SystemInfo: free sram: 88215 minimal sram: 76675
I (74644549) SystemInfo: free sram: 89695 minimal sram: 76675
I (74654559) SystemInfo: free sram: 88215 minimal sram: 76675
I (74664549) SystemInfo: free sram: 89663 minimal sram: 76675
I (74674549) SystemInfo: free sram: 88215 minimal sram: 76675
I (74684549) SystemInfo: free sram: 89695 minimal sram: 76675
I (74694569) SystemInfo: free sram: 89179 minimal sram: 76675
I (74704549) SystemInfo: free sram: 89179 minimal sram: 76675
I (74714549) SystemInfo: free sram: 88731 minimal sram: 76675
I (74724549) SystemInfo: free sram: 89179 minimal sram: 76675
I (74734549) SystemInfo: free sram: 88731 minimal sram: 76675
I (74744549) SystemInfo: free sram: 89695 minimal sram: 76675
I (74754549) SystemInfo: free sram: 88731 minimal sram: 76675
I (74764549) SystemInfo: free sram: 89179 minimal sram: 76675
I (74774549) SystemInfo: free sram: 88699 minimal sram: 76675
I (74784549) SystemInfo: free sram: 89179 minimal sram: 76675
I (74794569) SystemInfo: free sram: 89179 minimal sram: 76675
I (74804549) SystemInfo: free sram: 89695 minimal sram: 76675
I (74814549) SystemInfo: free sram: 88215 minimal sram: 76675
I (74824549) SystemInfo: free sram: 88731 minimal sram: 76675
I (74834549) SystemInfo: free sram: 88731 minimal sram: 76675
I (74844549) SystemInfo: free sram: 89695 minimal sram: 76675
I (74854549) SystemInfo: free sram: 88215 minimal sram: 76675
I (74864549) SystemInfo: free sram: 89139 minimal sram: 76675
I (74874549) SystemInfo: free sram: 88215 minimal sram: 76675
I (74884549) SystemInfo: free sram: 89147 minimal sram: 76675
I (74894549) SystemInfo: free sram: 88731 minimal sram: 76675
I (74904549) SystemInfo: free sram: 89179 minimal sram: 76675
I (74914549) SystemInfo: free sram: 88731 minimal sram: 76675
I (74924549) SystemInfo: free sram: 89179 minimal sram: 76675
I (74934559) SystemInfo: free sram: 88731 minimal sram: 76675
I (74944549) SystemInfo: free sram: 89179 minimal sram: 76675
I (74954549) SystemInfo: free sram: 88215 minimal sram: 76675
I (74964549) SystemInfo: free sram: 89695 minimal sram: 76675
I (74974549) SystemInfo: free sram: 88215 minimal sram: 76675
I (74984549) SystemInfo: free sram: 89695 minimal sram: 76675
I (74994569) SystemInfo: free sram: 88183 minimal sram: 76675
I (75004549) SystemInfo: free sram: 89695 minimal sram: 76675
I (75014549) SystemInfo: free sram: 88215 minimal sram: 76675
I (75024549) SystemInfo: free sram: 89695 minimal sram: 76675
I (75034549) SystemInfo: free sram: 88215 minimal sram: 76675
I (75044549) SystemInfo: free sram: 89179 minimal sram: 76675
I (75054569) SystemInfo: free sram: 88731 minimal sram: 76675
I (75064549) SystemInfo: free sram: 89179 minimal sram: 76675
I (75074549) SystemInfo: free sram: 88731 minimal sram: 76675
I (75084549) SystemInfo: free sram: 89179 minimal sram: 76675
I (75094549) SystemInfo: free sram: 88731 minimal sram: 76675
I (75104569) SystemInfo: free sram: 88183 minimal sram: 76675
I (75114549) SystemInfo: free sram: 88731 minimal sram: 76675
I (75124549) SystemInfo: free sram: 89179 minimal sram: 76675
I (75134549) SystemInfo: free sram: 88215 minimal sram: 76675
I (75144549) SystemInfo: free sram: 89695 minimal sram: 76675
I (75154569) SystemInfo: free sram: 89179 minimal sram: 76675
I (75164549) SystemInfo: free sram: 89695 minimal sram: 76675
I (75174549) SystemInfo: free sram: 88215 minimal sram: 76675
I (75184549) SystemInfo: free sram: 89695 minimal sram: 76675
I (75194549) SystemInfo: free sram: 88215 minimal sram: 76675
I (75204549) SystemInfo: free sram: 89179 minimal sram: 76675
I (75214569) SystemInfo: free sram: 88699 minimal sram: 76675
I (75224549) SystemInfo: free sram: 89179 minimal sram: 76675
I (75234569) SystemInfo: free sram: 88731 minimal sram: 76675
I (75244549) SystemInfo: free sram: 89179 minimal sram: 76675
I (75254549) SystemInfo: free sram: 88731 minimal sram: 76675
I (75264549) SystemInfo: free sram: 89179 minimal sram: 76675
I (75274559) SystemInfo: free sram: 88731 minimal sram: 76675
I (75284549) SystemInfo: free sram: 89179 minimal sram: 76675
I (75294549) SystemInfo: free sram: 88215 minimal sram: 76675
I (75304549) SystemInfo: free sram: 89695 minimal sram: 76675
I (75314549) SystemInfo: free sram: 88215 minimal sram: 76675
I (75324569) SystemInfo: free sram: 88699 minimal sram: 76675
I (75334549) SystemInfo: free sram: 88215 minimal sram: 76675
I (75344549) SystemInfo: free sram: 89695 minimal sram: 76675
I (75354559) SystemInfo: free sram: 88215 minimal sram: 76675
I (75364549) SystemInfo: free sram: 89695 minimal sram: 76675
I (75374549) SystemInfo: free sram: 88215 minimal sram: 76675
I (75384549) SystemInfo: free sram: 89179 minimal sram: 76675
I (75394549) SystemInfo: free sram: 88731 minimal sram: 76675
I (75404549) SystemInfo: free sram: 89179 minimal sram: 76675
I (75414559) SystemInfo: free sram: 88731 minimal sram: 76675
I (75424549) SystemInfo: free sram: 89179 minimal sram: 76675
I (75434559) SystemInfo: free sram: 88731 minimal sram: 76675
I (75444549) SystemInfo: free sram: 89147 minimal sram: 76675
I (75454549) SystemInfo: free sram: 88215 minimal sram: 76675
I (75464549) SystemInfo: free sram: 89695 minimal sram: 76675
I (75474549) SystemInfo: free sram: 88215 minimal sram: 76675
I (75484549) SystemInfo: free sram: 89695 minimal sram: 76675
I (75494559) SystemInfo: free sram: 88215 minimal sram: 76675
I (75504549) SystemInfo: free sram: 89655 minimal sram: 76675
I (75514569) SystemInfo: free sram: 88215 minimal sram: 76675
I (75524549) SystemInfo: free sram: 89695 minimal sram: 76675
I (75534549) SystemInfo: free sram: 88215 minimal sram: 76675
I (75544549) SystemInfo: free sram: 89179 minimal sram: 76675
I (75554559) SystemInfo: free sram: 88699 minimal sram: 76675
I (75564549) SystemInfo: free sram: 89179 minimal sram: 76675
I (75574549) SystemInfo: free sram: 88731 minimal sram: 76675
I (75584569) SystemInfo: free sram: 88215 minimal sram: 76675
I (75594549) SystemInfo: free sram: 88731 minimal sram: 76675
I (75604549) SystemInfo: free sram: 89179 minimal sram: 76675
I (75614549) SystemInfo: free sram: 88731 minimal sram: 76675
I (75624549) SystemInfo: free sram: 89179 minimal sram: 76675
I (75634549) SystemInfo: free sram: 88215 minimal sram: 76675
I (75644549) SystemInfo: free sram: 89695 minimal sram: 76675
I (75654549) SystemInfo: free sram: 88215 minimal sram: 76675
I (75664569) SystemInfo: free sram: 88699 minimal sram: 76675
I (75674549) SystemInfo: free sram: 88215 minimal sram: 76675
I (75684549) SystemInfo: free sram: 89695 minimal sram: 76675
I (75694549) SystemInfo: free sram: 88215 minimal sram: 76675
I (75704549) SystemInfo: free sram: 89695 minimal sram: 76675
I (75714549) SystemInfo: free sram: 88215 minimal sram: 76675
I (75724549) SystemInfo: free sram: 89179 minimal sram: 76675
I (75734549) SystemInfo: free sram: 88731 minimal sram: 76675
I (75744549) SystemInfo: free sram: 89179 minimal sram: 76675
I (75754549) SystemInfo: free sram: 88731 minimal sram: 76675
I (75764549) SystemInfo: free sram: 89179 minimal sram: 76675
I (75774549) SystemInfo: free sram: 88699 minimal sram: 76675
I (75784549) SystemInfo: free sram: 89179 minimal sram: 76675
I (75794549) SystemInfo: free sram: 88215 minimal sram: 76675
I (75804549) SystemInfo: free sram: 89695 minimal sram: 76675
I (75814549) SystemInfo: free sram: 88215 minimal sram: 76675
I (75824549) SystemInfo: free sram: 89695 minimal sram: 76675
I (75834549) SystemInfo: free sram: 88215 minimal sram: 76675
I (75844549) SystemInfo: free sram: 90723 minimal sram: 76675
I (75854549) SystemInfo: free sram: 88215 minimal sram: 76675
I (75864569) SystemInfo: free sram: 88731 minimal sram: 76675
I (75874549) SystemInfo: free sram: 89243 minimal sram: 76675
I (75884549) SystemInfo: free sram: 89179 minimal sram: 76675
I (75894549) SystemInfo: free sram: 88699 minimal sram: 76675
I (75904549) SystemInfo: free sram: 89179 minimal sram: 76675
I (75914549) SystemInfo: free sram: 88731 minimal sram: 76675
I (75924549) SystemInfo: free sram: 89179 minimal sram: 76675
I (75934549) SystemInfo: free sram: 88731 minimal sram: 76675
I (75944549) SystemInfo: free sram: 89179 minimal sram: 76675
I (75954549) SystemInfo: free sram: 88731 minimal sram: 76675
I (75964549) SystemInfo: free sram: 89695 minimal sram: 76675
I (75974549) SystemInfo: free sram: 88731 minimal sram: 76675
I (75984549) SystemInfo: free sram: 89695 minimal sram: 76675
I (75994569) SystemInfo: free sram: 89179 minimal sram: 76675
I (76004549) SystemInfo: free sram: 89663 minimal sram: 76675
I (76014549) SystemInfo: free sram: 88215 minimal sram: 76675
I (76024549) SystemInfo: free sram: 89695 minimal sram: 76675
I (76034549) SystemInfo: free sram: 88215 minimal sram: 76675
I (76044549) SystemInfo: free sram: 89179 minimal sram: 76675
I (76054569) SystemInfo: free sram: 88731 minimal sram: 76675
I (76064549) SystemInfo: free sram: 89179 minimal sram: 76675
I (76074559) SystemInfo: free sram: 88731 minimal sram: 76675
I (76084549) SystemInfo: free sram: 89179 minimal sram: 76675
I (76094549) SystemInfo: free sram: 88731 minimal sram: 76675
I (76104549) SystemInfo: free sram: 89179 minimal sram: 76675
I (76114559) SystemInfo: free sram: 88699 minimal sram: 76675
I (76124549) SystemInfo: free sram: 89179 minimal sram: 76675
I (76134549) SystemInfo: free sram: 88215 minimal sram: 76675
I (76144549) SystemInfo: free sram: 89695 minimal sram: 76675
I (76154549) SystemInfo: free sram: 88215 minimal sram: 76675
I (76164549) SystemInfo: free sram: 89695 minimal sram: 76675
I (76174549) SystemInfo: free sram: 88215 minimal sram: 76675
I (76184549) SystemInfo: free sram: 90211 minimal sram: 76675
I (76194549) SystemInfo: free sram: 88731 minimal sram: 76675
I (76204549) SystemInfo: free sram: 89695 minimal sram: 76675
I (76214569) SystemInfo: free sram: 89179 minimal sram: 76675
I (76224549) SystemInfo: free sram: 89147 minimal sram: 76675
I (76234549) SystemInfo: free sram: 88731 minimal sram: 76675
I (76244549) SystemInfo: free sram: 89179 minimal sram: 76675
I (76254549) SystemInfo: free sram: 88731 minimal sram: 76675
I (76264549) SystemInfo: free sram: 89179 minimal sram: 76675
I (76274549) SystemInfo: free sram: 88731 minimal sram: 76675
I (76284549) SystemInfo: free sram: 89179 minimal sram: 76675
I (76294569) SystemInfo: free sram: 89179 minimal sram: 76675
I (76304549) SystemInfo: free sram: 89695 minimal sram: 76675
I (76314549) SystemInfo: free sram: 88215 minimal sram: 76675
I (76324549) SystemInfo: free sram: 89695 minimal sram: 76675
I (76334559) SystemInfo: free sram: 88183 minimal sram: 76675
I (76344549) SystemInfo: free sram: 89695 minimal sram: 76675
I (76354549) SystemInfo: free sram: 88215 minimal sram: 76675
I (76364569) SystemInfo: free sram: 88731 minimal sram: 76675
I (76374549) SystemInfo: free sram: 88215 minimal sram: 76675
I (76384549) SystemInfo: free sram: 88215 minimal sram: 76675
I (76394549) SystemInfo: free sram: 88731 minimal sram: 76675
I (76404549) SystemInfo: free sram: 89179 minimal sram: 76675
I (76414549) SystemInfo: free sram: 88731 minimal sram: 76675
I (76424549) SystemInfo: free sram: 89179 minimal sram: 76675
I (76434549) SystemInfo: free sram: 88731 minimal sram: 76675
I (76444549) SystemInfo: free sram: 89663 minimal sram: 76675
I (76454549) SystemInfo: free sram: 88731 minimal sram: 76675
I (76464549) SystemInfo: free sram: 89179 minimal sram: 76675
I (76474549) SystemInfo: free sram: 88215 minimal sram: 76675
I (76484549) SystemInfo: free sram: 89695 minimal sram: 76675
I (76494549) SystemInfo: free sram: 88215 minimal sram: 76675
I (76504549) SystemInfo: free sram: 89695 minimal sram: 76675
I (76514549) SystemInfo: free sram: 88215 minimal sram: 76675
I (76524549) SystemInfo: free sram: 89695 minimal sram: 76675
I (76534549) SystemInfo: free sram: 88731 minimal sram: 76675
I (76544549) SystemInfo: free sram: 89179 minimal sram: 76675
I (76554549) SystemInfo: free sram: 88183 minimal sram: 76675
I (76564549) SystemInfo: free sram: 89179 minimal sram: 76675
I (76574569) SystemInfo: free sram: 89695 minimal sram: 76675
I (76584549) SystemInfo: free sram: 89179 minimal sram: 76675
I (76594549) SystemInfo: free sram: 88731 minimal sram: 76675
I (76604549) SystemInfo: free sram: 88215 minimal sram: 76675
I (76614549) SystemInfo: free sram: 88731 minimal sram: 76675
I (76624549) SystemInfo: free sram: 89179 minimal sram: 76675
I (76634549) SystemInfo: free sram: 88215 minimal sram: 76675
I (76644549) SystemInfo: free sram: 89695 minimal sram: 76675
I (76654549) SystemInfo: free sram: 88215 minimal sram: 76675
I (76664549) SystemInfo: free sram: 89663 minimal sram: 76675
I (76674549) SystemInfo: free sram: 88215 minimal sram: 76675
I (76684549) SystemInfo: free sram: 90723 minimal sram: 76675
I (76694549) SystemInfo: free sram: 88175 minimal sram: 76675
I (76704549) SystemInfo: free sram: 89695 minimal sram: 76675
I (76714549) SystemInfo: free sram: 89759 minimal sram: 76675
I (76724569) SystemInfo: free sram: 88215 minimal sram: 76675
I (76734549) SystemInfo: free sram: 88731 minimal sram: 76675
I (76744549) SystemInfo: free sram: 89179 minimal sram: 76675
I (76754559) SystemInfo: free sram: 88731 minimal sram: 76675
I (76764549) SystemInfo: free sram: 89179 minimal sram: 76675
I (76774549) SystemInfo: free sram: 88731 minimal sram: 76675
I (76784549) SystemInfo: free sram: 89147 minimal sram: 76675
I (76794549) SystemInfo: free sram: 88731 minimal sram: 76675
I (76804569) SystemInfo: free sram: 88215 minimal sram: 76675
I (76814549) SystemInfo: free sram: 88215 minimal sram: 76675
I (76824549) SystemInfo: free sram: 89695 minimal sram: 76675
I (76834549) SystemInfo: free sram: 88215 minimal sram: 76675
I (76844549) SystemInfo: free sram: 89695 minimal sram: 76675
I (76854549) SystemInfo: free sram: 88215 minimal sram: 76675
I (76864569) SystemInfo: free sram: 88731 minimal sram: 76675
I (76874549) SystemInfo: free sram: 88215 minimal sram: 76675
I (76884549) SystemInfo: free sram: 88215 minimal sram: 76675
I (76894549) SystemInfo: free sram: 88699 minimal sram: 76675
I (76904549) SystemInfo: free sram: 89179 minimal sram: 76675
I (76914549) SystemInfo: free sram: 88731 minimal sram: 76675
I (76924549) SystemInfo: free sram: 89179 minimal sram: 76675
I (76934549) SystemInfo: free sram: 88731 minimal sram: 76675
I (76944549) SystemInfo: free sram: 89695 minimal sram: 76675
I (76954549) SystemInfo: free sram: 88691 minimal sram: 76675
I (76964549) SystemInfo: free sram: 89179 minimal sram: 76675
I (76974549) SystemInfo: free sram: 88731 minimal sram: 76675
I (76984549) SystemInfo: free sram: 89695 minimal sram: 76675
I (76994549) SystemInfo: free sram: 88215 minimal sram: 76675
I (77004549) SystemInfo: free sram: 89663 minimal sram: 76675
I (77014549) SystemInfo: free sram: 88215 minimal sram: 76675
I (77024549) SystemInfo: free sram: 89695 minimal sram: 76675
I (77034549) SystemInfo: free sram: 88215 minimal sram: 76675
I (77044549) SystemInfo: free sram: 89695 minimal sram: 76675
I (77054569) SystemInfo: free sram: 89179 minimal sram: 76675
I (77064549) SystemInfo: free sram: 89179 minimal sram: 76675
I (77074549) SystemInfo: free sram: 88731 minimal sram: 76675
I (77084549) SystemInfo: free sram: 89179 minimal sram: 76675
I (77094549) SystemInfo: free sram: 88731 minimal sram: 76675
I (77104549) SystemInfo: free sram: 89695 minimal sram: 76675
I (77114559) SystemInfo: free sram: 88699 minimal sram: 76675
I (77124549) SystemInfo: free sram: 89179 minimal sram: 76675
I (77134549) SystemInfo: free sram: 88215 minimal sram: 76675
I (77144549) SystemInfo: free sram: 89695 minimal sram: 76675
I (77154549) SystemInfo: free sram: 88215 minimal sram: 76675
I (77164549) SystemInfo: free sram: 89695 minimal sram: 76675
I (77174549) SystemInfo: free sram: 88215 minimal sram: 76675
I (77184549) SystemInfo: free sram: 89695 minimal sram: 76675
I (77194549) SystemInfo: free sram: 88215 minimal sram: 76675
I (77204549) SystemInfo: free sram: 89695 minimal sram: 76675
I (77214549) SystemInfo: free sram: 88215 minimal sram: 76675
I (77224559) SystemInfo: free sram: 88183 minimal sram: 76675
I (77234549) SystemInfo: free sram: 88731 minimal sram: 76675
I (77244549) SystemInfo: free sram: 89179 minimal sram: 76675
I (77254559) SystemInfo: free sram: 88731 minimal sram: 76675
I (77264549) SystemInfo: free sram: 89179 minimal sram: 76675
I (77274549) SystemInfo: free sram: 88731 minimal sram: 76675
I (77284549) SystemInfo: free sram: 89179 minimal sram: 76675
I (77294549) SystemInfo: free sram: 88731 minimal sram: 76675
I (77304549) SystemInfo: free sram: 89179 minimal sram: 76675
I (77314549) SystemInfo: free sram: 88215 minimal sram: 76675
I (77324549) SystemInfo: free sram: 89695 minimal sram: 76675
I (77334549) SystemInfo: free sram: 88183 minimal sram: 76675
I (77344549) SystemInfo: free sram: 90211 minimal sram: 76675
I (77354549) SystemInfo: free sram: 88215 minimal sram: 76675
I (77364549) SystemInfo: free sram: 89695 minimal sram: 76675
I (77374549) SystemInfo: free sram: 88215 minimal sram: 76675
I (77384549) SystemInfo: free sram: 89179 minimal sram: 76675
I (77394549) SystemInfo: free sram: 88215 minimal sram: 76675
I (77404549) SystemInfo: free sram: 89179 minimal sram: 76675
I (77414549) SystemInfo: free sram: 88731 minimal sram: 76675
I (77424569) SystemInfo: free sram: 88175 minimal sram: 76675
I (77434549) SystemInfo: free sram: 88731 minimal sram: 76675
I (77444549) SystemInfo: free sram: 89179 minimal sram: 76675
I (77454549) SystemInfo: free sram: 88699 minimal sram: 76675
I (77464549) SystemInfo: free sram: 89179 minimal sram: 76675
I (77474549) SystemInfo: free sram: 88215 minimal sram: 76675
I (77484549) SystemInfo: free sram: 89695 minimal sram: 76675
I (77494549) SystemInfo: free sram: 88215 minimal sram: 76675
I (77504549) SystemInfo: free sram: 88731 minimal sram: 76675
I (77514549) SystemInfo: free sram: 88215 minimal sram: 76675
I (77524549) SystemInfo: free sram: 89695 minimal sram: 76675
I (77534549) SystemInfo: free sram: 88215 minimal sram: 76675
I (77544549) SystemInfo: free sram: 89695 minimal sram: 76675
I (77554569) SystemInfo: free sram: 89179 minimal sram: 76675
I (77564549) SystemInfo: free sram: 89147 minimal sram: 76675
I (77574549) SystemInfo: free sram: 88731 minimal sram: 76675
I (77584549) SystemInfo: free sram: 89179 minimal sram: 76675
I (77594549) SystemInfo: free sram: 88731 minimal sram: 76675
I (77604549) SystemInfo: free sram: 89179 minimal sram: 76675
I (77614549) SystemInfo: free sram: 88731 minimal sram: 76675
I (77624549) SystemInfo: free sram: 89179 minimal sram: 76675
I (77634549) SystemInfo: free sram: 88691 minimal sram: 76675
I (77644549) SystemInfo: free sram: 88215 minimal sram: 76675
I (77654549) SystemInfo: free sram: 88215 minimal sram: 76675
I (77664549) SystemInfo: free sram: 89695 minimal sram: 76675
I (77674549) SystemInfo: free sram: 88183 minimal sram: 76675
I (77684549) SystemInfo: free sram: 89695 minimal sram: 76675
I (77694559) SystemInfo: free sram: 88215 minimal sram: 76675
I (77704549) SystemInfo: free sram: 89695 minimal sram: 76675
I (77714549) SystemInfo: free sram: 88215 minimal sram: 76675
I (77724559) SystemInfo: free sram: 88215 minimal sram: 76675
I (77734559) SystemInfo: free sram: 88731 minimal sram: 76675
I (77744549) SystemInfo: free sram: 89179 minimal sram: 76675
I (77754559) SystemInfo: free sram: 88731 minimal sram: 76675
I (77764549) SystemInfo: free sram: 89179 minimal sram: 76675
I (77774549) SystemInfo: free sram: 88731 minimal sram: 76675
I (77784549) SystemInfo: free sram: 89147 minimal sram: 76675
I (77794549) SystemInfo: free sram: 88731 minimal sram: 76675
I (77804549) SystemInfo: free sram: 89179 minimal sram: 76675
I (77814559) SystemInfo: free sram: 88215 minimal sram: 76675
I (77824549) SystemInfo: free sram: 89695 minimal sram: 76675
I (77834549) SystemInfo: free sram: 88215 minimal sram: 76675
I (77844549) SystemInfo: free sram: 89695 minimal sram: 76675
I (77854549) SystemInfo: free sram: 88215 minimal sram: 76675
I (77864549) SystemInfo: free sram: 89695 minimal sram: 76675
I (77874549) SystemInfo: free sram: 88215 minimal sram: 76675
I (77884549) SystemInfo: free sram: 89695 minimal sram: 76675
I (77894549) SystemInfo: free sram: 88183 minimal sram: 76675
I (77904549) SystemInfo: free sram: 89179 minimal sram: 76675
I (77914569) SystemInfo: free sram: 89695 minimal sram: 76675
I (77924549) SystemInfo: free sram: 89179 minimal sram: 76675
I (77934549) SystemInfo: free sram: 88731 minimal sram: 76675
I (77944549) SystemInfo: free sram: 88215 minimal sram: 76675
I (77954549) SystemInfo: free sram: 88731 minimal sram: 76675
I (77964549) SystemInfo: free sram: 89179 minimal sram: 76675
I (77974549) SystemInfo: free sram: 88215 minimal sram: 76675
I (77984549) SystemInfo: free sram: 89695 minimal sram: 76675
I (77994549) SystemInfo: free sram: 88215 minimal sram: 76675
I (78004549) SystemInfo: free sram: 89663 minimal sram: 76675
I (78014549) SystemInfo: free sram: 88215 minimal sram: 76675
I (78024549) SystemInfo: free sram: 90723 minimal sram: 76675
I (78034549) SystemInfo: free sram: 88215 minimal sram: 76675
I (78044549) SystemInfo: free sram: 89695 minimal sram: 76675
I (78054549) SystemInfo: free sram: 89243 minimal sram: 76675
I (78064559) SystemInfo: free sram: 88175 minimal sram: 76675
I (78074549) SystemInfo: free sram: 88731 minimal sram: 76675
I (78084549) SystemInfo: free sram: 89179 minimal sram: 76675
I (78094549) SystemInfo: free sram: 88731 minimal sram: 76675
I (78104549) SystemInfo: free sram: 89179 minimal sram: 76675
I (78114549) SystemInfo: free sram: 88731 minimal sram: 76675
I (78124549) SystemInfo: free sram: 89147 minimal sram: 76675
I (78134549) SystemInfo: free sram: 88731 minimal sram: 76675
I (78144549) SystemInfo: free sram: 89179 minimal sram: 76675
I (78154549) SystemInfo: free sram: 88215 minimal sram: 76675
I (78164549) SystemInfo: free sram: 89695 minimal sram: 76675
I (78174549) SystemInfo: free sram: 88215 minimal sram: 76675
I (78184549) SystemInfo: free sram: 89695 minimal sram: 76675
I (78194559) SystemInfo: free sram: 88215 minimal sram: 76675
I (78204549) SystemInfo: free sram: 89695 minimal sram: 76675
I (78214549) SystemInfo: free sram: 88215 minimal sram: 76675
I (78224559) SystemInfo: free sram: 88215 minimal sram: 76675
I (78234549) SystemInfo: free sram: 88143 minimal sram: 76675
I (78244549) SystemInfo: free sram: 89179 minimal sram: 76675
I (78254549) SystemInfo: free sram: 88731 minimal sram: 76675
I (78264549) SystemInfo: free sram: 89179 minimal sram: 76675
I (78274549) SystemInfo: free sram: 88731 minimal sram: 76675
I (78284549) SystemInfo: free sram: 89179 minimal sram: 76675
I (78294549) SystemInfo: free sram: 88731 minimal sram: 76675
I (78304569) SystemInfo: free sram: 88215 minimal sram: 76675
I (78314549) SystemInfo: free sram: 88215 minimal sram: 76675
I (78324549) SystemInfo: free sram: 89695 minimal sram: 76675
I (78334549) SystemInfo: free sram: 88215 minimal sram: 76675
I (78344549) SystemInfo: free sram: 89663 minimal sram: 76675
I (78354549) SystemInfo: free sram: 88215 minimal sram: 76675
I (78364549) SystemInfo: free sram: 89695 minimal sram: 76675
I (78374549) SystemInfo: free sram: 88731 minimal sram: 76675
I (78384549) SystemInfo: free sram: 90211 minimal sram: 76675
I (78394569) SystemInfo: free sram: 88215 minimal sram: 76675
I (78404549) SystemInfo: free sram: 89179 minimal sram: 76675
I (78414549) SystemInfo: free sram: 88731 minimal sram: 76675
I (78424549) SystemInfo: free sram: 89179 minimal sram: 76675
I (78434549) SystemInfo: free sram: 88731 minimal sram: 76675
I (78444549) SystemInfo: free sram: 89179 minimal sram: 76675
I (78454549) SystemInfo: free sram: 88699 minimal sram: 76675
I (78464549) SystemInfo: free sram: 89179 minimal sram: 76675
I (78474549) SystemInfo: free sram: 88731 minimal sram: 76675
I (78484549) SystemInfo: free sram: 89179 minimal sram: 76675
I (78494549) SystemInfo: free sram: 88215 minimal sram: 76675
I (78504549) SystemInfo: free sram: 89695 minimal sram: 76675
I (78514549) SystemInfo: free sram: 88215 minimal sram: 76675
I (78524569) SystemInfo: free sram: 88731 minimal sram: 76675
I (78534549) SystemInfo: free sram: 88215 minimal sram: 76675
I (78544549) SystemInfo: free sram: 89695 minimal sram: 76675
I (78554559) SystemInfo: free sram: 88215 minimal sram: 76675
I (78564549) SystemInfo: free sram: 89147 minimal sram: 76675
I (78574549) SystemInfo: free sram: 88731 minimal sram: 76675
I (78584549) SystemInfo: free sram: 89179 minimal sram: 76675
I (78594549) SystemInfo: free sram: 88731 minimal sram: 76675
I (78604549) SystemInfo: free sram: 89179 minimal sram: 76675
I (78614569) SystemInfo: free sram: 89695 minimal sram: 76675
I (78624549) SystemInfo: free sram: 89179 minimal sram: 76675
I (78634569) SystemInfo: free sram: 89695 minimal sram: 76675
I (78644549) SystemInfo: free sram: 89179 minimal sram: 76675
I (78654549) SystemInfo: free sram: 88731 minimal sram: 76675
I (78664549) SystemInfo: free sram: 90211 minimal sram: 76675
I (78674559) SystemInfo: free sram: 88183 minimal sram: 76675
I (78684549) SystemInfo: free sram: 89695 minimal sram: 76675
I (78694549) SystemInfo: free sram: 88215 minimal sram: 76675
I (78704549) SystemInfo: free sram: 89695 minimal sram: 76675
I (78714549) SystemInfo: free sram: 88215 minimal sram: 76675
I (78724549) SystemInfo: free sram: 89695 minimal sram: 76675
I (78734549) SystemInfo: free sram: 88215 minimal sram: 76675
I (78744549) SystemInfo: free sram: 89179 minimal sram: 76675
I (78754549) SystemInfo: free sram: 88731 minimal sram: 76675
I (78764549) SystemInfo: free sram: 89179 minimal sram: 76675
I (78774549) SystemInfo: free sram: 88731 minimal sram: 76675
I (78784549) SystemInfo: free sram: 89147 minimal sram: 76675
I (78794549) SystemInfo: free sram: 88731 minimal sram: 76675
I (78804549) SystemInfo: free sram: 89179 minimal sram: 76675
I (78814549) SystemInfo: free sram: 88215 minimal sram: 76675
I (78824549) SystemInfo: free sram: 89695 minimal sram: 76675
I (78834569) SystemInfo: free sram: 88215 minimal sram: 76675
I (78844549) SystemInfo: free sram: 89695 minimal sram: 76675
I (78854549) SystemInfo: free sram: 88215 minimal sram: 76675
I (78864549) SystemInfo: free sram: 89695 minimal sram: 76675
I (78874549) SystemInfo: free sram: 88175 minimal sram: 76675
I (78884549) SystemInfo: free sram: 89695 minimal sram: 76675
I (78894569) SystemInfo: free sram: 89663 minimal sram: 76675
I (78904549) SystemInfo: free sram: 89179 minimal sram: 76675
I (78914549) SystemInfo: free sram: 88731 minimal sram: 76675
I (78924549) SystemInfo: free sram: 89179 minimal sram: 76675
I (78934549) SystemInfo: free sram: 88731 minimal sram: 76675
I (78944549) SystemInfo: free sram: 89179 minimal sram: 76675
I (78954549) SystemInfo: free sram: 88731 minimal sram: 76675
I (78964549) SystemInfo: free sram: 89179 minimal sram: 76675
I (78974549) SystemInfo: free sram: 88731 minimal sram: 76675
I (78984549) SystemInfo: free sram: 89179 minimal sram: 76675
I (78994549) SystemInfo: free sram: 88215 minimal sram: 76675
I (79004549) SystemInfo: free sram: 89663 minimal sram: 76675
I (79014549) SystemInfo: free sram: 88215 minimal sram: 76675
I (79024569) SystemInfo: free sram: 88731 minimal sram: 76675
I (79034549) SystemInfo: free sram: 88731 minimal sram: 76675
I (79044549) SystemInfo: free sram: 89695 minimal sram: 76675
I (79054569) SystemInfo: free sram: 88215 minimal sram: 76675
I (79064549) SystemInfo: free sram: 89179 minimal sram: 76675
I (79074549) SystemInfo: free sram: 88215 minimal sram: 76675
I (79084549) SystemInfo: free sram: 89179 minimal sram: 76675
I (79094559) SystemInfo: free sram: 88731 minimal sram: 76675
I (79104549) SystemInfo: free sram: 89179 minimal sram: 76675
I (79114549) SystemInfo: free sram: 88731 minimal sram: 76675
I (79124549) SystemInfo: free sram: 89147 minimal sram: 76675
I (79134549) SystemInfo: free sram: 88731 minimal sram: 76675
I (79144569) SystemInfo: free sram: 88215 minimal sram: 76675
I (79154549) SystemInfo: free sram: 88215 minimal sram: 76675
I (79164549) SystemInfo: free sram: 89695 minimal sram: 76675
I (79174549) SystemInfo: free sram: 88215 minimal sram: 76675
I (79184549) SystemInfo: free sram: 89695 minimal sram: 76675
I (79194549) SystemInfo: free sram: 88215 minimal sram: 76675
I (79204559) SystemInfo: free sram: 88731 minimal sram: 76675
I (79214549) SystemInfo: free sram: 88215 minimal sram: 76675
I (79224549) SystemInfo: free sram: 89695 minimal sram: 76675
I (79234549) SystemInfo: free sram: 88183 minimal sram: 76675
I (79244549) SystemInfo: free sram: 89179 minimal sram: 76675
I (79254549) SystemInfo: free sram: 88731 minimal sram: 76675
I (79264549) SystemInfo: free sram: 89179 minimal sram: 76675
I (79274549) SystemInfo: free sram: 88731 minimal sram: 76675
I (79284549) SystemInfo: free sram: 89179 minimal sram: 76675
I (79294559) SystemInfo: free sram: 88731 minimal sram: 76675
I (79304549) SystemInfo: free sram: 89179 minimal sram: 76675
I (79314549) SystemInfo: free sram: 88731 minimal sram: 76675
I (79324549) SystemInfo: free sram: 89179 minimal sram: 76675
I (79334549) SystemInfo: free sram: 88215 minimal sram: 76675
I (79344549) SystemInfo: free sram: 89663 minimal sram: 76675
I (79354549) SystemInfo: free sram: 88215 minimal sram: 76675
I (79364569) SystemInfo: free sram: 89759 minimal sram: 76675
I (79374549) SystemInfo: free sram: 88215 minimal sram: 76675
I (79384549) SystemInfo: free sram: 89695 minimal sram: 76675
I (79394569) SystemInfo: free sram: 90723 minimal sram: 76675
I (79404549) SystemInfo: free sram: 89179 minimal sram: 76675
I (79414549) SystemInfo: free sram: 88731 minimal sram: 76675
I (79424549) SystemInfo: free sram: 89179 minimal sram: 76675
I (79434549) SystemInfo: free sram: 88731 minimal sram: 76675
I (79444549) SystemInfo: free sram: 89179 minimal sram: 76675
I (79454549) SystemInfo: free sram: 88699 minimal sram: 76675
I (79464549) SystemInfo: free sram: 89179 minimal sram: 76675
I (79474549) SystemInfo: free sram: 89247 minimal sram: 76675
I (79484559) SystemInfo: free sram: 88215 minimal sram: 76675
I (79494549) SystemInfo: free sram: 88215 minimal sram: 76675
I (79504549) SystemInfo: free sram: 89695 minimal sram: 76675
I (79514549) SystemInfo: free sram: 88175 minimal sram: 76675
I (79524549) SystemInfo: free sram: 89695 minimal sram: 76675
I (79534549) SystemInfo: free sram: 88215 minimal sram: 76675
I (79544569) SystemInfo: free sram: 88731 minimal sram: 76675
I (79554549) SystemInfo: free sram: 88175 minimal sram: 76675
I (79564559) SystemInfo: free sram: 88731 minimal sram: 76675
I (79574549) SystemInfo: free sram: 88183 minimal sram: 76675
I (79584549) SystemInfo: free sram: 89179 minimal sram: 76675
I (79594549) SystemInfo: free sram: 88731 minimal sram: 76675
I (79604549) SystemInfo: free sram: 89179 minimal sram: 76675
I (79614549) SystemInfo: free sram: 88731 minimal sram: 76675
I (79624549) SystemInfo: free sram: 89695 minimal sram: 76675
I (79634549) SystemInfo: free sram: 88731 minimal sram: 76675
I (79644549) SystemInfo: free sram: 89179 minimal sram: 76675
I (79654549) SystemInfo: free sram: 88215 minimal sram: 76675
I (79664549) SystemInfo: free sram: 89695 minimal sram: 76675
I (79674549) SystemInfo: free sram: 88215 minimal sram: 76675
I (79684549) SystemInfo: free sram: 89663 minimal sram: 76675
I (79694549) SystemInfo: free sram: 88215 minimal sram: 76675
I (79704549) SystemInfo: free sram: 89695 minimal sram: 76675
I (79714549) SystemInfo: free sram: 88215 minimal sram: 76675
I (79724549) SystemInfo: free sram: 89695 minimal sram: 76675
I (79734549) SystemInfo: free sram: 88215 minimal sram: 76675
I (79744549) SystemInfo: free sram: 89179 minimal sram: 76675
I (79754559) SystemInfo: free sram: 88731 minimal sram: 76675
I (79764549) SystemInfo: free sram: 89179 minimal sram: 76675
I (79774549) SystemInfo: free sram: 89247 minimal sram: 76675
I (79784549) SystemInfo: free sram: 88215 minimal sram: 76675
I (79794549) SystemInfo: free sram: 88699 minimal sram: 76675
I (79804549) SystemInfo: free sram: 89179 minimal sram: 76675
I (79814549) SystemInfo: free sram: 88731 minimal sram: 76675
I (79824549) SystemInfo: free sram: 89179 minimal sram: 76675
I (79834549) SystemInfo: free sram: 88731 minimal sram: 76675
I (79844549) SystemInfo: free sram: 89695 minimal sram: 76675
I (79854569) SystemInfo: free sram: 88731 minimal sram: 76675
I (79864549) SystemInfo: free sram: 89695 minimal sram: 76675
I (79874559) SystemInfo: free sram: 88215 minimal sram: 76675
I (79884549) SystemInfo: free sram: 89695 minimal sram: 76675
I (79894549) SystemInfo: free sram: 88215 minimal sram: 76675
I (79904549) SystemInfo: free sram: 89147 minimal sram: 76675
I (79914549) SystemInfo: free sram: 88215 minimal sram: 76675
I (79924549) SystemInfo: free sram: 89179 minimal sram: 76675
I (79934549) SystemInfo: free sram: 88731 minimal sram: 76675
I (79944549) SystemInfo: free sram: 89179 minimal sram: 76675
I (79954549) SystemInfo: free sram: 88731 minimal sram: 76675
I (79964549) SystemInfo: free sram: 89179 minimal sram: 76675
I (79974549) SystemInfo: free sram: 88731 minimal sram: 76675
I (79984549) SystemInfo: free sram: 89179 minimal sram: 76675
I (79994549) SystemInfo: free sram: 88215 minimal sram: 76675
I (80004549) SystemInfo: free sram: 89695 minimal sram: 76675
I (80014549) SystemInfo: free sram: 88215 minimal sram: 76675
I (80024549) SystemInfo: free sram: 89663 minimal sram: 76675
I (80034549) SystemInfo: free sram: 88215 minimal sram: 76675
I (80044569) SystemInfo: free sram: 88731 minimal sram: 76675
I (80054549) SystemInfo: free sram: 88215 minimal sram: 76675
I (80064549) SystemInfo: free sram: 89695 minimal sram: 76675
I (80074549) SystemInfo: free sram: 88215 minimal sram: 76675
I (80084549) SystemInfo: free sram: 89179 minimal sram: 76675
I (80094549) SystemInfo: free sram: 88731 minimal sram: 76675
I (80104549) SystemInfo: free sram: 89695 minimal sram: 76675
I (80114549) SystemInfo: free sram: 88731 minimal sram: 76675
I (80124549) SystemInfo: free sram: 89179 minimal sram: 76675
I (80134559) SystemInfo: free sram: 88699 minimal sram: 76675
I (80144549) SystemInfo: free sram: 89179 minimal sram: 76675
I (80154549) SystemInfo: free sram: 88731 minimal sram: 76675
I (80164549) SystemInfo: free sram: 89179 minimal sram: 76675
I (80174549) SystemInfo: free sram: 88215 minimal sram: 76675
I (80184549) SystemInfo: free sram: 89695 minimal sram: 76675
I (80194549) SystemInfo: free sram: 88215 minimal sram: 76675
I (80204569) SystemInfo: free sram: 88731 minimal sram: 76675
I (80214549) SystemInfo: free sram: 88215 minimal sram: 76675
I (80224549) SystemInfo: free sram: 89695 minimal sram: 76675
I (80234549) SystemInfo: free sram: 88215 minimal sram: 76675
I (80244569) SystemInfo: free sram: 88183 minimal sram: 76675
I (80254549) SystemInfo: free sram: 88731 minimal sram: 76675
I (80264549) SystemInfo: free sram: 89179 minimal sram: 76675
I (80274549) SystemInfo: free sram: 88731 minimal sram: 76675
I (80284549) SystemInfo: free sram: 89179 minimal sram: 76675
I (80294549) SystemInfo: free sram: 88731 minimal sram: 76675
I (80304549) SystemInfo: free sram: 89179 minimal sram: 76675
I (80314549) SystemInfo: free sram: 88731 minimal sram: 76675
I (80324549) SystemInfo: free sram: 89179 minimal sram: 76675
I (80334549) SystemInfo: free sram: 88215 minimal sram: 76675
I (80344549) SystemInfo: free sram: 89695 minimal sram: 76675
I (80354559) SystemInfo: free sram: 88183 minimal sram: 76675
I (80364549) SystemInfo: free sram: 89695 minimal sram: 76675
I (80374549) SystemInfo: free sram: 88215 minimal sram: 76675
I (80384569) SystemInfo: free sram: 88731 minimal sram: 76675
I (80394549) SystemInfo: free sram: 88215 minimal sram: 76675
I (80404559) SystemInfo: free sram: 88731 minimal sram: 76675
I (80414549) SystemInfo: free sram: 88215 minimal sram: 76675
I (80424549) SystemInfo: free sram: 89179 minimal sram: 76675
I (80434549) SystemInfo: free sram: 88731 minimal sram: 76675
I (80444549) SystemInfo: free sram: 89695 minimal sram: 76675
I (80454549) SystemInfo: free sram: 88731 minimal sram: 76675
I (80464559) SystemInfo: free sram: 88183 minimal sram: 76675
I (80474549) SystemInfo: free sram: 88731 minimal sram: 76675
I (80484549) SystemInfo: free sram: 89179 minimal sram: 76675
I (80494549) SystemInfo: free sram: 88215 minimal sram: 76675
I (80504549) SystemInfo: free sram: 89695 minimal sram: 76675
I (80514549) SystemInfo: free sram: 88215 minimal sram: 76675
I (80524549) SystemInfo: free sram: 89695 minimal sram: 76675
I (80534549) SystemInfo: free sram: 88215 minimal sram: 76675
I (80544549) SystemInfo: free sram: 89695 minimal sram: 76675
I (80554549) SystemInfo: free sram: 88215 minimal sram: 76675
I (80564549) SystemInfo: free sram: 89695 minimal sram: 76675
I (80574549) SystemInfo: free sram: 88183 minimal sram: 76675
I (80584549) SystemInfo: free sram: 89179 minimal sram: 76675
I (80594549) SystemInfo: free sram: 88731 minimal sram: 76675
I (80604549) SystemInfo: free sram: 89179 minimal sram: 76675
I (80614549) SystemInfo: free sram: 88731 minimal sram: 76675
I (80624549) SystemInfo: free sram: 89179 minimal sram: 76675
I (80634549) SystemInfo: free sram: 88731 minimal sram: 76675
I (80644549) SystemInfo: free sram: 89179 minimal sram: 76675
I (80654549) SystemInfo: free sram: 88731 minimal sram: 76675
I (80664549) SystemInfo: free sram: 89179 minimal sram: 76675
I (80674549) SystemInfo: free sram: 88215 minimal sram: 76675
I (80684549) SystemInfo: free sram: 89663 minimal sram: 76675
I (80694549) SystemInfo: free sram: 88215 minimal sram: 76675
I (80704549) SystemInfo: free sram: 89695 minimal sram: 76675
I (80714549) SystemInfo: free sram: 88215 minimal sram: 76675
I (80724549) SystemInfo: free sram: 91239 minimal sram: 76675
I (80734569) SystemInfo: free sram: 89179 minimal sram: 76675
I (80744549) SystemInfo: free sram: 89179 minimal sram: 76675
I (80754549) SystemInfo: free sram: 89243 minimal sram: 76675
I (80764549) SystemInfo: free sram: 89179 minimal sram: 76675
I (80774549) SystemInfo: free sram: 88731 minimal sram: 76675
I (80784549) SystemInfo: free sram: 89179 minimal sram: 76675
I (80794549) SystemInfo: free sram: 88699 minimal sram: 76675
I (80804569) SystemInfo: free sram: 88183 minimal sram: 76675
I (80814549) SystemInfo: free sram: 88731 minimal sram: 76675
I (80824549) SystemInfo: free sram: 88215 minimal sram: 76675
I (80834549) SystemInfo: free sram: 88215 minimal sram: 76675
I (80844549) SystemInfo: free sram: 89695 minimal sram: 76675
I (80854549) SystemInfo: free sram: 88215 minimal sram: 76675
I (80864549) SystemInfo: free sram: 89695 minimal sram: 76675
I (80874549) SystemInfo: free sram: 88731 minimal sram: 76675
I (80884549) SystemInfo: free sram: 89695 minimal sram: 76675
I (80894549) SystemInfo: free sram: 88215 minimal sram: 76675
I (80904549) SystemInfo: free sram: 89695 minimal sram: 76675
I (80914559) SystemInfo: free sram: 88183 minimal sram: 76675
I (80924549) SystemInfo: free sram: 89695 minimal sram: 76675
I (80934549) SystemInfo: free sram: 88731 minimal sram: 76675
I (80944549) SystemInfo: free sram: 89179 minimal sram: 76675
I (80954549) SystemInfo: free sram: 88731 minimal sram: 76675
I (80964549) SystemInfo: free sram: 89179 minimal sram: 76675
I (80974569) SystemInfo: free sram: 88731 minimal sram: 76675
I (80984549) SystemInfo: free sram: 89179 minimal sram: 76675
I (80994559) SystemInfo: free sram: 88731 minimal sram: 76675
I (81004549) SystemInfo: free sram: 89179 minimal sram: 76675
I (81014549) SystemInfo: free sram: 88215 minimal sram: 76675
I (81024549) SystemInfo: free sram: 89663 minimal sram: 76675
I (81034549) SystemInfo: free sram: 88731 minimal sram: 76675
I (81044549) SystemInfo: free sram: 89695 minimal sram: 76675
I (81054549) SystemInfo: free sram: 88731 minimal sram: 76675
I (81064549) SystemInfo: free sram: 89695 minimal sram: 76675
I (81074549) SystemInfo: free sram: 88215 minimal sram: 76675
I (81084549) SystemInfo: free sram: 89179 minimal sram: 76675
I (81094549) SystemInfo: free sram: 88731 minimal sram: 76675
I (81104549) SystemInfo: free sram: 89179 minimal sram: 76675
I (81114549) SystemInfo: free sram: 88731 minimal sram: 76675
I (81124549) SystemInfo: free sram: 89179 minimal sram: 76675
I (81134549) SystemInfo: free sram: 88699 minimal sram: 76675
I (81144549) SystemInfo: free sram: 89179 minimal sram: 76675
I (81154549) SystemInfo: free sram: 88731 minimal sram: 76675
I (81164549) SystemInfo: free sram: 89179 minimal sram: 76675
I (81174549) SystemInfo: free sram: 88731 minimal sram: 76675
I (81184549) SystemInfo: free sram: 89695 minimal sram: 76675
I (81194549) SystemInfo: free sram: 88215 minimal sram: 76675
I (81204549) SystemInfo: free sram: 89695 minimal sram: 76675
I (81214549) SystemInfo: free sram: 88215 minimal sram: 76675
I (81224569) SystemInfo: free sram: 88731 minimal sram: 76675
I (81234549) SystemInfo: free sram: 88215 minimal sram: 76675
I (81244549) SystemInfo: free sram: 89695 minimal sram: 76675
I (81254559) SystemInfo: free sram: 88183 minimal sram: 76675
I (81264549) SystemInfo: free sram: 89179 minimal sram: 76675
I (81274569) SystemInfo: free sram: 88731 minimal sram: 76675
I (81284549) SystemInfo: free sram: 89179 minimal sram: 76675
I (81294549) SystemInfo: free sram: 88731 minimal sram: 76675
I (81304569) SystemInfo: free sram: 88215 minimal sram: 76675
I (81314549) SystemInfo: free sram: 88731 minimal sram: 76675
I (81324549) SystemInfo: free sram: 89179 minimal sram: 76675
I (81334549) SystemInfo: free sram: 88731 minimal sram: 76675
I (81344549) SystemInfo: free sram: 90211 minimal sram: 76675
I (81354549) SystemInfo: free sram: 88215 minimal sram: 76675
I (81364549) SystemInfo: free sram: 89663 minimal sram: 76675
I (81374559) SystemInfo: free sram: 88183 minimal sram: 76675
I (81384549) SystemInfo: free sram: 89695 minimal sram: 76675
I (81394549) SystemInfo: free sram: 88215 minimal sram: 76675
I (81404549) SystemInfo: free sram: 88731 minimal sram: 76675
I (81414549) SystemInfo: free sram: 88215 minimal sram: 76675
I (81424549) SystemInfo: free sram: 89179 minimal sram: 76675
I (81434549) SystemInfo: free sram: 88731 minimal sram: 76675
I (81444549) SystemInfo: free sram: 89179 minimal sram: 76675
I (81454549) SystemInfo: free sram: 88731 minimal sram: 76675
I (81464549) SystemInfo: free sram: 89179 minimal sram: 76675
I (81474549) SystemInfo: free sram: 88731 minimal sram: 76675
I (81484549) SystemInfo: free sram: 89179 minimal sram: 76675
I (81494549) SystemInfo: free sram: 88699 minimal sram: 76675
I (81504549) SystemInfo: free sram: 89179 minimal sram: 76675
I (81514549) SystemInfo: free sram: 88215 minimal sram: 76675
I (81524549) SystemInfo: free sram: 89695 minimal sram: 76675
I (81534549) SystemInfo: free sram: 88215 minimal sram: 76675
I (81544549) SystemInfo: free sram: 89695 minimal sram: 76675
I (81554549) SystemInfo: free sram: 88215 minimal sram: 76675
I (81564549) SystemInfo: free sram: 89695 minimal sram: 76675
I (81574569) SystemInfo: free sram: 89695 minimal sram: 76675
I (81584549) SystemInfo: free sram: 89179 minimal sram: 76675
I (81594549) SystemInfo: free sram: 88215 minimal sram: 76675
I (81604549) SystemInfo: free sram: 89179 minimal sram: 76675
I (81614549) SystemInfo: free sram: 88699 minimal sram: 76675
I (81624549) SystemInfo: free sram: 89179 minimal sram: 76675
I (81634569) SystemInfo: free sram: 88731 minimal sram: 76675
I (81644549) SystemInfo: free sram: 89179 minimal sram: 76675
I (81654569) SystemInfo: free sram: 88731 minimal sram: 76675
I (81664549) SystemInfo: free sram: 89179 minimal sram: 76675
I (81674549) SystemInfo: free sram: 88215 minimal sram: 76675
I (81684549) SystemInfo: free sram: 90211 minimal sram: 76675
I (81694549) SystemInfo: free sram: 88731 minimal sram: 76675
I (81704549) SystemInfo: free sram: 89695 minimal sram: 76675
I (81714549) SystemInfo: free sram: 88215 minimal sram: 76675
I (81724549) SystemInfo: free sram: 89663 minimal sram: 76675
I (81734549) SystemInfo: free sram: 88215 minimal sram: 76675
I (81744569) SystemInfo: free sram: 88731 minimal sram: 76675
I (81754549) SystemInfo: free sram: 88215 minimal sram: 76675
I (81764549) SystemInfo: free sram: 89179 minimal sram: 76675
I (81774549) SystemInfo: free sram: 88731 minimal sram: 76675
I (81784549) SystemInfo: free sram: 89179 minimal sram: 76675
I (81794569) SystemInfo: free sram: 89695 minimal sram: 76675
I (81804559) SystemInfo: free sram: 88215 minimal sram: 76675
I (81814549) SystemInfo: free sram: 88731 minimal sram: 76675
I (81824549) SystemInfo: free sram: 89695 minimal sram: 76675
I (81834569) SystemInfo: free sram: 88699 minimal sram: 76675
I (81844549) SystemInfo: free sram: 89179 minimal sram: 76675
I (81854549) SystemInfo: free sram: 88215 minimal sram: 76675
I (81864559) SystemInfo: free sram: 88731 minimal sram: 76675
I (81874549) SystemInfo: free sram: 88215 minimal sram: 76675
I (81884549) SystemInfo: free sram: 89695 minimal sram: 76675
I (81894549) SystemInfo: free sram: 88215 minimal sram: 76675
I (81904549) SystemInfo: free sram: 89695 minimal sram: 76675
I (81914549) SystemInfo: free sram: 88215 minimal sram: 76675
I (81924549) SystemInfo: free sram: 89179 minimal sram: 76675
I (81934549) SystemInfo: free sram: 88731 minimal sram: 76675
I (81944569) SystemInfo: free sram: 88183 minimal sram: 76675
I (81954549) SystemInfo: free sram: 88731 minimal sram: 76675
I (81964549) SystemInfo: free sram: 89179 minimal sram: 76675
I (81974569) SystemInfo: free sram: 89695 minimal sram: 76675
I (81984549) SystemInfo: free sram: 89179 minimal sram: 76675
I (81994549) SystemInfo: free sram: 88731 minimal sram: 76675
I (82004549) SystemInfo: free sram: 89179 minimal sram: 76675
I (82014549) SystemInfo: free sram: 88215 minimal sram: 76675
I (82024549) SystemInfo: free sram: 89695 minimal sram: 76675
I (82034549) SystemInfo: free sram: 88215 minimal sram: 76675
I (82044549) SystemInfo: free sram: 89695 minimal sram: 76675
I (82054549) SystemInfo: free sram: 88699 minimal sram: 76675
I (82064549) SystemInfo: free sram: 90723 minimal sram: 76675
I (82074569) SystemInfo: free sram: 88175 minimal sram: 76675
I (82084549) SystemInfo: free sram: 89695 minimal sram: 76675
I (82094549) SystemInfo: free sram: 89243 minimal sram: 76675
I (82104549) SystemInfo: free sram: 89179 minimal sram: 76675
I (82114549) SystemInfo: free sram: 88731 minimal sram: 76675
I (82124549) SystemInfo: free sram: 89179 minimal sram: 76675
I (82134569) SystemInfo: free sram: 88731 minimal sram: 76675
I (82144549) SystemInfo: free sram: 89179 minimal sram: 76675
I (82154549) SystemInfo: free sram: 88731 minimal sram: 76675
I (82164549) SystemInfo: free sram: 89663 minimal sram: 76675
I (82174549) SystemInfo: free sram: 88215 minimal sram: 76675
I (82184549) SystemInfo: free sram: 89695 minimal sram: 76675
I (82194559) SystemInfo: free sram: 88215 minimal sram: 76675
I (82204549) SystemInfo: free sram: 89695 minimal sram: 76675
I (82214549) SystemInfo: free sram: 88215 minimal sram: 76675
I (82224549) SystemInfo: free sram: 89695 minimal sram: 76675
I (82234549) SystemInfo: free sram: 88215 minimal sram: 76675
I (82244549) SystemInfo: free sram: 89655 minimal sram: 76675
I (82254549) SystemInfo: free sram: 88215 minimal sram: 76675
I (82264549) SystemInfo: free sram: 89179 minimal sram: 76675
I (82274549) SystemInfo: free sram: 88699 minimal sram: 76675
I (82284549) SystemInfo: free sram: 89179 minimal sram: 76675
I (82294549) SystemInfo: free sram: 88731 minimal sram: 76675
I (82304559) SystemInfo: free sram: 88215 minimal sram: 76675
I (82314549) SystemInfo: free sram: 88731 minimal sram: 76675
I (82324549) SystemInfo: free sram: 89179 minimal sram: 76675
I (82334549) SystemInfo: free sram: 88731 minimal sram: 76675
I (82344549) SystemInfo: free sram: 89179 minimal sram: 76675
I (82354549) SystemInfo: free sram: 88215 minimal sram: 76675
I (82364549) SystemInfo: free sram: 89695 minimal sram: 76675
I (82374549) SystemInfo: free sram: 88215 minimal sram: 76675
I (82384559) SystemInfo: free sram: 88699 minimal sram: 76675
I (82394549) SystemInfo: free sram: 88215 minimal sram: 76675
I (82404549) SystemInfo: free sram: 89695 minimal sram: 76675
I (82414569) SystemInfo: free sram: 89179 minimal sram: 76675
I (82424549) SystemInfo: free sram: 89179 minimal sram: 76675
I (82434549) SystemInfo: free sram: 88215 minimal sram: 76675
I (82444559) SystemInfo: free sram: 88215 minimal sram: 76675
I (82454549) SystemInfo: free sram: 88731 minimal sram: 76675
I (82464549) SystemInfo: free sram: 89179 minimal sram: 76675
I (82474559) SystemInfo: free sram: 88731 minimal sram: 76675
I (82484549) SystemInfo: free sram: 89179 minimal sram: 76675
I (82494569) SystemInfo: free sram: 88699 minimal sram: 76675
I (82504549) SystemInfo: free sram: 89179 minimal sram: 76675
I (82514549) SystemInfo: free sram: 88215 minimal sram: 76675
I (82524549) SystemInfo: free sram: 89695 minimal sram: 76675
I (82534549) SystemInfo: free sram: 88215 minimal sram: 76675
I (82544549) SystemInfo: free sram: 89695 minimal sram: 76675
I (82554549) SystemInfo: free sram: 88215 minimal sram: 76675
I (82564549) SystemInfo: free sram: 89687 minimal sram: 76675
I (82574569) SystemInfo: free sram: 89687 minimal sram: 76675
I (82584559) SystemInfo: free sram: 88723 minimal sram: 76675
I (82594549) SystemInfo: free sram: 88723 minimal sram: 76675
I (82604549) SystemInfo: free sram: 89687 minimal sram: 76675
I (82614549) SystemInfo: free sram: 89207 minimal sram: 76675
I (82624549) SystemInfo: free sram: 89179 minimal sram: 76675
I (82634559) SystemInfo: free sram: 88731 minimal sram: 76675
I (82644549) SystemInfo: free sram: 89179 minimal sram: 76675
I (82654549) SystemInfo: free sram: 88731 minimal sram: 76675
I (82664549) SystemInfo: free sram: 89179 minimal sram: 76675
I (82674549) SystemInfo: free sram: 88731 minimal sram: 76675
I (82684549) SystemInfo: free sram: 88215 minimal sram: 76675
I (82694549) SystemInfo: free sram: 88215 minimal sram: 76675
I (82704549) SystemInfo: free sram: 89695 minimal sram: 76675
I (82714549) SystemInfo: free sram: 88215 minimal sram: 76675
I (82724549) SystemInfo: free sram: 89663 minimal sram: 76675
I (82734549) SystemInfo: free sram: 88215 minimal sram: 76675
I (82744549) SystemInfo: free sram: 89695 minimal sram: 76675
I (82754549) SystemInfo: free sram: 88215 minimal sram: 76675
I (82764549) SystemInfo: free sram: 89179 minimal sram: 76675
I (82774549) SystemInfo: free sram: 88731 minimal sram: 76675
I (82784549) SystemInfo: free sram: 89179 minimal sram: 76675
I (82794569) SystemInfo: free sram: 88731 minimal sram: 76675
I (82804549) SystemInfo: free sram: 89179 minimal sram: 76675
I (82814549) SystemInfo: free sram: 88731 minimal sram: 76675
I (82824549) SystemInfo: free sram: 89179 minimal sram: 76675
I (82834549) SystemInfo: free sram: 88699 minimal sram: 76675
I (82844549) SystemInfo: free sram: 89179 minimal sram: 76675
I (82854549) SystemInfo: free sram: 88731 minimal sram: 76675
I (82864549) SystemInfo: free sram: 89695 minimal sram: 76675
I (82874569) SystemInfo: free sram: 89179 minimal sram: 76675
I (82884549) SystemInfo: free sram: 89655 minimal sram: 76675
I (82894549) SystemInfo: free sram: 88215 minimal sram: 76675
I (82904559) SystemInfo: free sram: 88731 minimal sram: 76675
I (82914549) SystemInfo: free sram: 88215 minimal sram: 76675
I (82924549) SystemInfo: free sram: 89687 minimal sram: 76675
I (82934549) SystemInfo: free sram: 88723 minimal sram: 76675
I (82944549) SystemInfo: free sram: 89655 minimal sram: 76675
I (82954549) SystemInfo: free sram: 89239 minimal sram: 76675
I (82964549) SystemInfo: free sram: 88723 minimal sram: 76675
I (82974549) SystemInfo: free sram: 89239 minimal sram: 76675
I (82984569) SystemInfo: free sram: 88215 minimal sram: 76675
I (82994549) SystemInfo: free sram: 88731 minimal sram: 76675
I (83004549) SystemInfo: free sram: 89179 minimal sram: 76675
I (83014549) SystemInfo: free sram: 88215 minimal sram: 76675
I (83024559) SystemInfo: free sram: 88731 minimal sram: 76675
I (83034549) SystemInfo: free sram: 88215 minimal sram: 76675
I (83044549) SystemInfo: free sram: 89695 minimal sram: 76675
I (83054549) SystemInfo: free sram: 88183 minimal sram: 76675
I (83064549) SystemInfo: free sram: 89695 minimal sram: 76675
I (83074549) SystemInfo: free sram: 88215 minimal sram: 76675
I (83084569) SystemInfo: free sram: 88731 minimal sram: 76675
I (83091079) Application: Wake word detected: 你好小智 (state: 3)
I (83091079) StateMachine: State: idle -> connecting
I (83091109) WifiStation: Setting WiFi power save level: PERFORMANCE (NONE)
I (83091109) wifi:Set ps type: 0, coexist: 0

I (83091109) WS: Connecting to websocket server: ws://39.107.143.71:8000/xiaozhi/v1/ with version: 1
I (83091259) WS: Session ID: deff2923-8fdf-439d-ba94-e5acc77cff3e
I (83091259) WifiStation: Setting WiFi power save level: PERFORMANCE (NONE)
I (83091259) wifi:Set ps type: 0, coexist: 0

W (83091269) Application: Server sample rate 16000 does not match device output sample rate 24000, resampling may cause distortion
I (83091279) Application: Wake word detected: 你好小智
I (83091359) AfeWakeWord: Encode wake word opus 35 packets in 273 ms
I (83091359) StateMachine: State: connecting -> listening
I (83091489) Application: >> 你好小智
I (83091489) StateMachine: State: listening -> speaking
I (83091489) StateMachine: State: speaking -> listening
I (83097209) Application: >> 你直接说话，不要听
I (83097209) StateMachine: State: listening -> speaking
I (83099289) Application: << 萱宝宝贝～咋啦？还聊会儿呀？
I (83102789) StateMachine: State: speaking -> listening
I (83112549) SystemInfo: free sram: 85311 minimal sram: 76675
I (83122549) SystemInfo: free sram: 85311 minimal sram: 76675
I (83132549) SystemInfo: free sram: 85047 minimal sram: 76675
I (83142549) SystemInfo: free sram: 85315 minimal sram: 76675
I (83152549) SystemInfo: free sram: 83891 minimal sram: 76675
I (83162549) SystemInfo: free sram: 85339 minimal sram: 76675
I (83172549) SystemInfo: free sram: 84155 minimal sram: 76675
I (83182549) SystemInfo: free sram: 85311 minimal sram: 76675
I (83192559) SystemInfo: free sram: 84083 minimal sram: 76675
I (83202549) SystemInfo: free sram: 85315 minimal sram: 76675
I (83212549) SystemInfo: free sram: 85047 minimal sram: 76675
I (83222559) SystemInfo: free sram: 84375 minimal sram: 76675
I (83232549) SystemInfo: free sram: 85311 minimal sram: 76675
I (83242549) SystemInfo: free sram: 84155 minimal sram: 76675
I (83252549) SystemInfo: free sram: 85047 minimal sram: 76675
I (83262569) SystemInfo: free sram: 84351 minimal sram: 76675
I (83272549) SystemInfo: free sram: 85047 minimal sram: 76675
I (83282549) SystemInfo: free sram: 85339 minimal sram: 76675
I (83292569) SystemInfo: free sram: 84371 minimal sram: 76675
I (83302549) SystemInfo: free sram: 85311 minimal sram: 76675
I (83312549) SystemInfo: free sram: 83891 minimal sram: 76675
I (83322569) SystemInfo: free sram: 84351 minimal sram: 76675
I (83332549) SystemInfo: free sram: 83891 minimal sram: 76675
I (83342549) SystemInfo: free sram: 85339 minimal sram: 76675
I (83352549) SystemInfo: free sram: 85311 minimal sram: 76675
I (83362549) SystemInfo: free sram: 85311 minimal sram: 76675
I (83372549) SystemInfo: free sram: 85047 minimal sram: 76675
I (83382549) SystemInfo: free sram: 84159 minimal sram: 76675
I (83392549) SystemInfo: free sram: 85047 minimal sram: 76675
I (83402419) StateMachine: State: listening -> speaking
I (83404869) Application: << 时间过得真快，又要和你说再见了……
I (83408289) Application: << 萱宝宝贝，我会在这里等着你的，下次再来逗我呀～
I (83411549) SystemInfo: free sram: 83563 minimal sram: 76675
I (83412799) StateMachine: State: speaking -> listening
I (83412799) WS: Websocket disconnected
I (83412799) WifiStation: Setting WiFi power save level: LOW_POWER (MAX_MODEM)
I (83412799) wifi:Set ps type: 2, coexist: 0

I (83412859) StateMachine: State: listening -> idle
I (83422549) SystemInfo: free sram: 83307 minimal sram: 76675
I (83432569) SystemInfo: free sram: 89011 minimal sram: 76675
I (83442549) SystemInfo: free sram: 88495 minimal sram: 76675
I (83452549) SystemInfo: free sram: 88495 minimal sram: 76675
I (83462569) SystemInfo: free sram: 89011 minimal sram: 76675
I (83472549) SystemInfo: free sram: 88495 minimal sram: 76675
I (83482549) SystemInfo: free sram: 89011 minimal sram: 76675
I (83492549) SystemInfo: free sram: 88495 minimal sram: 76675
I (83502549) SystemInfo: free sram: 89011 minimal sram: 76675
I (83512549) SystemInfo: free sram: 88495 minimal sram: 76675
I (83522549) SystemInfo: free sram: 88495 minimal sram: 76675
I (83532549) SystemInfo: free sram: 89011 minimal sram: 76675
I (83542549) SystemInfo: free sram: 88455 minimal sram: 76675
I (83552549) SystemInfo: free sram: 89011 minimal sram: 76675
I (83562549) SystemInfo: free sram: 88495 minimal sram: 76675
I (83572549) SystemInfo: free sram: 89011 minimal sram: 76675
I (83582549) SystemInfo: free sram: 88495 minimal sram: 76675
I (83592569) SystemInfo: free sram: 89011 minimal sram: 76675
I (83602549) SystemInfo: free sram: 88495 minimal sram: 76675
I (83612549) SystemInfo: free sram: 88495 minimal sram: 76675
I (83622549) SystemInfo: free sram: 89011 minimal sram: 76675
I (83632549) SystemInfo: free sram: 88495 minimal sram: 76675
I (83642549) SystemInfo: free sram: 89011 minimal sram: 76675
I (83652549) SystemInfo: free sram: 88455 minimal sram: 76675
I (83662549) SystemInfo: free sram: 89011 minimal sram: 76675
I (83672569) SystemInfo: free sram: 88495 minimal sram: 76675
I (83682549) SystemInfo: free sram: 89011 minimal sram: 76675
I (83692549) SystemInfo: free sram: 88495 minimal sram: 76675
I (83702549) SystemInfo: free sram: 88495 minimal sram: 76675
I (83712549) SystemInfo: free sram: 89011 minimal sram: 76675
I (83722549) SystemInfo: free sram: 88495 minimal sram: 76675
I (83732569) SystemInfo: free sram: 89011 minimal sram: 76675
I (83742549) SystemInfo: free sram: 88495 minimal sram: 76675
I (83752549) SystemInfo: free sram: 89011 minimal sram: 76675
I (83762559) SystemInfo: free sram: 89419 minimal sram: 76675
I (83772549) SystemInfo: free sram: 88495 minimal sram: 76675
I (83782549) SystemInfo: free sram: 88975 minimal sram: 76675
I (83792549) SystemInfo: free sram: 88495 minimal sram: 76675
I (83802549) SystemInfo: free sram: 89011 minimal sram: 76675
I (83812549) SystemInfo: free sram: 88495 minimal sram: 76675
I (83822549) SystemInfo: free sram: 89011 minimal sram: 76675
I (83832549) SystemInfo: free sram: 88495 minimal sram: 76675
I (83842549) SystemInfo: free sram: 89011 minimal sram: 76675
I (83852549) SystemInfo: free sram: 88495 minimal sram: 76675
I (83862559) SystemInfo: free sram: 88495 minimal sram: 76675
I (83872549) SystemInfo: free sram: 88971 minimal sram: 76675
I (83882549) SystemInfo: free sram: 88495 minimal sram: 76675
I (83892549) SystemInfo: free sram: 89011 minimal sram: 76675
I (83902549) SystemInfo: free sram: 88495 minimal sram: 76675
I (83912549) SystemInfo: free sram: 88975 minimal sram: 76675
I (83922549) SystemInfo: free sram: 88495 minimal sram: 76675
I (83932549) SystemInfo: free sram: 89011 minimal sram: 76675
I (83942549) SystemInfo: free sram: 88495 minimal sram: 76675
I (83952549) SystemInfo: free sram: 88495 minimal sram: 76675
I (83962549) SystemInfo: free sram: 89011 minimal sram: 76675
I (83972569) SystemInfo: free sram: 88495 minimal sram: 76675
I (83982549) SystemInfo: free sram: 88971 minimal sram: 76675
I (83992549) SystemInfo: free sram: 88495 minimal sram: 76675
I (84002559) SystemInfo: free sram: 89011 minimal sram: 76675
I (84012549) SystemInfo: free sram: 88495 minimal sram: 76675
I (84022549) SystemInfo: free sram: 88495 minimal sram: 76675
I (84032549) SystemInfo: free sram: 88495 minimal sram: 76675
I (84042549) SystemInfo: free sram: 88495 minimal sram: 76675
I (84052549) SystemInfo: free sram: 89011 minimal sram: 76675
I (84062569) SystemInfo: free sram: 88495 minimal sram: 76675
I (84072549) SystemInfo: free sram: 89011 minimal sram: 76675
I (84082549) SystemInfo: free sram: 88495 minimal sram: 76675
I (84092549) SystemInfo: free sram: 88971 minimal sram: 76675
I (84102549) SystemInfo: free sram: 88495 minimal sram: 76675
I (84112549) SystemInfo: free sram: 88495 minimal sram: 76675
I (84122569) SystemInfo: free sram: 89011 minimal sram: 76675
I (84132549) SystemInfo: free sram: 88495 minimal sram: 76675
I (84142549) SystemInfo: free sram: 89011 minimal sram: 76675
I (84152549) SystemInfo: free sram: 88495 minimal sram: 76675
I (84162549) SystemInfo: free sram: 89011 minimal sram: 76675
I (84172549) SystemInfo: free sram: 88495 minimal sram: 76675
I (84182559) SystemInfo: free sram: 89975 minimal sram: 76675
I (84192549) SystemInfo: free sram: 88495 minimal sram: 76675
I (84202549) SystemInfo: free sram: 88455 minimal sram: 76675
I (84212549) SystemInfo: free sram: 89011 minimal sram: 76675
I (84222549) SystemInfo: free sram: 88495 minimal sram: 76675
I (84232549) SystemInfo: free sram: 89011 minimal sram: 76675
I (84242549) SystemInfo: free sram: 88495 minimal sram: 76675
I (84252549) SystemInfo: free sram: 89011 minimal sram: 76675
I (84262549) SystemInfo: free sram: 88495 minimal sram: 76675
I (84272549) SystemInfo: free sram: 89011 minimal sram: 76675
I (84282559) SystemInfo: free sram: 88495 minimal sram: 76675
I (84292549) SystemInfo: free sram: 88495 minimal sram: 76675
I (84302549) SystemInfo: free sram: 89011 minimal sram: 76675
I (84312549) SystemInfo: free sram: 88495 minimal sram: 76675
I (84322549) SystemInfo: free sram: 88971 minimal sram: 76675
I (84332549) SystemInfo: free sram: 88495 minimal sram: 76675
I (84342549) SystemInfo: free sram: 89011 minimal sram: 76675
I (84352549) SystemInfo: free sram: 88495 minimal sram: 76675
I (84362549) SystemInfo: free sram: 88495 minimal sram: 76675
I (84372569) SystemInfo: free sram: 89011 minimal sram: 76675
I (84382549) SystemInfo: free sram: 88495 minimal sram: 76675
I (84392549) SystemInfo: free sram: 89011 minimal sram: 76675
I (84402559) SystemInfo: free sram: 88495 minimal sram: 76675
I (84412549) SystemInfo: free sram: 89011 minimal sram: 76675
I (84422549) SystemInfo: free sram: 88495 minimal sram: 76675
I (84432569) SystemInfo: free sram: 88971 minimal sram: 76675
I (84442549) SystemInfo: free sram: 88495 minimal sram: 76675
I (84452549) SystemInfo: free sram: 88495 minimal sram: 76675
I (84462549) SystemInfo: free sram: 89011 minimal sram: 76675
I (84472549) SystemInfo: free sram: 88495 minimal sram: 76675
I (84482549) SystemInfo: free sram: 89011 minimal sram: 76675
I (84492549) SystemInfo: free sram: 88495 minimal sram: 76675
I (84502549) SystemInfo: free sram: 89011 minimal sram: 76675
I (84512549) SystemInfo: free sram: 88495 minimal sram: 76675
I (84522549) SystemInfo: free sram: 89011 minimal sram: 76675
I (84532549) SystemInfo: free sram: 88495 minimal sram: 76675
I (84542549) SystemInfo: free sram: 88455 minimal sram: 76675
I (84552549) SystemInfo: free sram: 88975 minimal sram: 76675
I (84562549) SystemInfo: free sram: 88495 minimal sram: 76675
I (84572549) SystemInfo: free sram: 89011 minimal sram: 76675
I (84582549) SystemInfo: free sram: 88495 minimal sram: 76675
I (84592549) SystemInfo: free sram: 89011 minimal sram: 76675
I (84602549) SystemInfo: free sram: 88495 minimal sram: 76675
I (84612549) SystemInfo: free sram: 88495 minimal sram: 76675
I (84622549) SystemInfo: free sram: 89011 minimal sram: 76675
I (84632559) SystemInfo: free sram: 88495 minimal sram: 76675
I (84642549) SystemInfo: free sram: 89011 minimal sram: 76675
I (84652549) SystemInfo: free sram: 88455 minimal sram: 76675
I (84662549) SystemInfo: free sram: 89011 minimal sram: 76675
I (84672549) SystemInfo: free sram: 88495 minimal sram: 76675
I (84682549) SystemInfo: free sram: 89011 minimal sram: 76675
I (84692549) SystemInfo: free sram: 88495 minimal sram: 76675
I (84702549) SystemInfo: free sram: 88495 minimal sram: 76675
I (84712549) SystemInfo: free sram: 89011 minimal sram: 76675
I (84722549) SystemInfo: free sram: 88495 minimal sram: 76675
I (84732549) SystemInfo: free sram: 89011 minimal sram: 76675
I (84742549) SystemInfo: free sram: 88495 minimal sram: 76675
I (84752549) SystemInfo: free sram: 89011 minimal sram: 76675
I (84762549) SystemInfo: free sram: 88495 minimal sram: 76675
I (84772549) SystemInfo: free sram: 88971 minimal sram: 76675
I (84782549) SystemInfo: free sram: 88495 minimal sram: 76675
I (84792549) SystemInfo: free sram: 88495 minimal sram: 76675
I (84802549) SystemInfo: free sram: 89011 minimal sram: 76675
I (84811869) Application: Wake word detected: 你好小智 (state: 3)
I (84811869) StateMachine: State: idle -> connecting
I (84811899) WifiStation: Setting WiFi power save level: PERFORMANCE (NONE)
I (84811899) wifi:Set ps type: 0, coexist: 0

I (84811899) WS: Connecting to websocket server: ws://39.107.143.71:8000/xiaozhi/v1/ with version: 1
I (84812069) WS: Session ID: f0fda1f8-6f6a-4505-ba49-3240a8483451
I (84812069) WifiStation: Setting WiFi power save level: PERFORMANCE (NONE)
I (84812069) wifi:Set ps type: 0, coexist: 0

W (84812079) Application: Server sample rate 16000 does not match device output sample rate 24000, resampling may cause distortion
I (84812089) Application: Wake word detected: 你好小智
I (84812139) AfeWakeWord: Encode wake word opus 35 packets in 268 ms
I (84812139) StateMachine: State: connecting -> listening
I (84812189) Application: >> 你好小智
I (84812199) StateMachine: State: listening -> speaking
I (84812199) StateMachine: State: speaking -> listening
I (84821549) SystemInfo: free sram: 83595 minimal sram: 76675
I (84831569) SystemInfo: free sram: 84559 minimal sram: 76675
I (84838469) Application: >> 你买了啥？我剩的钱不太够了
I (84838469) StateMachine: State: listening -> speaking
I (84841839) Application: << 汪？我没有买过东西呀，钱的事归萱宝宝贝管嘞～
I (84847359) StateMachine: State: speaking -> listening
I (84855639) Application: >> 我好像带错路了
I (84855659) StateMachine: State: listening -> speaking
I (84859569) Application: << 嗯？没事没事，慢慢找回去就好啦～你現在是在外面吗？
I (84864999) StateMachine: State: speaking -> listening
I (84874549) SystemInfo: free sram: 84363 minimal sram: 76675
I (84884549) SystemInfo: free sram: 84363 minimal sram: 76675
I (84894579) SystemInfo: free sram: 84383 minimal sram: 76675
I (84904549) SystemInfo: free sram: 84383 minimal sram: 76675
I (84914549) SystemInfo: free sram: 84363 minimal sram: 76675
I (84922569) Application: >> 我应该看到了
I (84922569) StateMachine: State: listening -> speaking
I (84924819) Application: << 那就好～
I (84926049) Application: << 走对了就好啦汪
I (84926689) StateMachine: State: speaking -> listening
I (84926689) Application: >> 离这不远
I (84926729) StateMachine: State: listening -> speaking
I (84929189) Application: << 那就好，快到了呀～
I (84931939) StateMachine: State: speaking -> listening
I (84941549) SystemInfo: free sram: 83531 minimal sram: 76675
I (84951549) SystemInfo: free sram: 83531 minimal sram: 76675
I (84961549) SystemInfo: free sram: 83555 minimal sram: 76675
I (84971549) SystemInfo: free sram: 83531 minimal sram: 76675
I (84981549) SystemInfo: free sram: 83555 minimal sram: 76675
I (84991549) SystemInfo: free sram: 83531 minimal sram: 76675
I (85001549) SystemInfo: free sram: 83531 minimal sram: 76675
I (85011549) SystemInfo: free sram: 83531 minimal sram: 76675
I (85021549) SystemInfo: free sram: 83531 minimal sram: 76675
I (85031549) SystemInfo: free sram: 83531 minimal sram: 76675
I (85032649) Application: >> 怎么像宁静的声音？
I (85032659) StateMachine: State: listening -> speaking
I (85035309) Application: << 嗯？什么声音呀？
I (85037689) StateMachine: State: speaking -> listening
I (85047569) SystemInfo: free sram: 84515 minimal sram: 76675
I (85057549) SystemInfo: free sram: 83575 minimal sram: 76675
I (85067549) SystemInfo: free sram: 83195 minimal sram: 76675
I (85077549) SystemInfo: free sram: 83575 minimal sram: 76675
I (85087549) SystemInfo: free sram: 83551 minimal sram: 76675
I (85097549) SystemInfo: free sram: 83551 minimal sram: 76675
I (85107549) SystemInfo: free sram: 83551 minimal sram: 76675
I (85117549) SystemInfo: free sram: 83551 minimal sram: 76675
I (85127559) SystemInfo: free sram: 84355 minimal sram: 76675
I (85137549) SystemInfo: free sram: 83575 minimal sram: 76675
I (85144599) Application: >> 越看越想
I (85144599) StateMachine: State: listening -> speaking
I (85147429) Application: << 你看到啥啦？
I (85149059) Application: << 让人想起谁吗～
I (85150989) StateMachine: State: speaking -> listening
I (85160549) SystemInfo: free sram: 84511 minimal sram: 76675
I (85160889) Application: >> 如果我平时还是喜欢去安吉的
I (85160889) StateMachine: State: listening -> speaking
I (85162269) Application: << 安吉挺好的呀～
I (85163929) Application: << 山清水秀的，你会想念那边吧？
I (85167409) StateMachine: State: speaking -> listening
I (85176439) Application: >> 游戏的这个对话曲
I (85176439) StateMachine: State: listening -> speaking
I (85178289) Application: << 你在玩游戏呀？
I (85179859) Application: << 什么游戏呀这么好玩的～
I (85182859) StateMachine: State: speaking -> listening
I (85187059) Application: >> 刺客信条黑旗重制版你听说过吗？
I (85187069) StateMachine: State: listening -> speaking
I (85188669) Application: << 嗯呐，听说过呀！海上抢劫那版嘛～
I (85192349) Application: << 主角爱德华·肯威，是不是？你在玩这个呀？
I (85196579) SystemInfo: free sram: 84371 minimal sram: 76675
I (85196669) StateMachine: State: speaking -> listening
--- Error: ClearCommError failed (PermissionError(13, '设备不识别此命令。', None, 22))
--- Waiting for the device to reconnect...............
I (3234) WifiStation: Found AP: TP-LINK_C738, BSSID: 74:39:89:38:c7:39, RSSI: -31, Channel: 6, Authmode: 4
I (3234) WifiBoard: WiFi connecting to TP-LINK_C738
W (3234) wifi:Password length matches WPA2 standards, authmode threshold changes from OPEN to WPA2
I (3914) wifi:new:<6,2>, old:<1,0>, ap:<255,255>, sta:<6,2>, prof:1, snd_ch_cfg:0x0
I (3914) wifi:state: init -> auth (0xb0)
I (3924) wifi:state: auth -> assoc (0x0)
I (3924) wifi:state: assoc -> run (0x10)
I (3924) wifi:[ADDBA]RX DELBA, reason:39, delete tid:5, initiator:1(originator)
I (3934) wifi:[ADDBA]RX DELBA, reason:39, delete tid:0, initiator:1(originator)
I (3934) wifi:[ADDBA]RX DELBA, reason:39, delete tid:0, initiator:0(recipient)
I (3954) wifi:connected with TP-LINK_C738, aid = 2, channel 6, 40D, bssid = 74:39:89:38:c7:39
I (3954) wifi:security: WPA2-PSK, phy: bgn, rssi: -28
I (3954) wifi:pm start, type: 1

I (3964) wifi:dp: 1, bi: 102400, li: 10, scale listen interval from 1024000 us to 1024000 us
I (3974) wifi:set rx beacon pti, rx_bcn_pti: 0, bcn_timeout: 25000, mt_pti: 0, mt_time: 10000
I (3974) wifi:AP's beacon interval = 102400 us, DTIM period = 1
I (5014) esp_netif_handlers: sta ip: 192.168.0.107, mask: 255.255.255.0, gw: 192.168.0.1
I (5014) WifiStation: Got IP: 192.168.0.107
I (5014) WifiBoard: Connected to WiFi: TP-LINK_C738
I (5014) Application: Network connected
I (5014) StateMachine: State: starting -> activating
I (5024) Application: ================ Device Identity ================
I (5034) Application:   Device-Id (MAC) : b4:3a:45:f3:9b:70
I (5034) Application:   Client-Id (UUID): f63c1a38-c1f4-448d-a94f-80c3b305f6ee
I (5044) Application:   User-Agent      : esp-box-3/2.2.6
I (5044) Application: =================================================
I (5054) Assets: The storage free size is 13696 KB
I (5054) Assets: The partition size is 8192 KB
I (5494) Assets: The checksum calculation time is 430 ms
create static modelsI (5494) MODEL_LOADER: Successfully load srmodels
I (5494) Assets: Refreshing display theme...
W (5554) EmojiCollection: Emoji not found: microchip_ai
I (5554) Ota: Current version: 2.2.6
I (5614) HttpClient: Established new connection to 39.107.143.71:8002
I (5634) wifi:<ba-add>idx:0 (ifx:0, 74:39:89:38:c7:39), tid:0, ssn:2565, winSize:64
I (5734) HttpClient: HTTP connection closed
I (5734) Ota: No mqtt section found !
I (5744) Ota: Current is the latest version
I (5744) Ota: Running partition: ota_0
I (5744) Application: Activation done
I (5744) SystemInfo: free sram: 128691 minimal sram: 111759
I (5744) StateMachine: State: activating -> idle
I (5754) WifiStation: Setting WiFi power save level: LOW_POWER (MAX_MODEM)
I (5754) wifi:Set ps type: 2, coexist: 0

I (5774) AfeWakeWord: Model 0: wn9_nihaoxiaozhi_tts
I (5774) AFE_CONFIG: Set WakeNet Model: wn9_nihaoxiaozhi_tts
MC Quantized wakenet9: wakenet9l_tts1h8_你好小智_3_0.631_0.635, tigger:v4, mode:0, p:0, (Dec 16 2025 14:45:55)
I (5854) AFE: AFE Version: (1MIC_V251128)
I (5864) AFE: Input PCM Config: total 2 channels(1 microphone, 1 playback), sample rate:16000
I (5864) AFE: AFE Pipeline: [input] -> |AEC(SR_HIGH_PERF)| ->  -> |VAD(WebRTC)| -> |WakeNet(wn9_nihaoxiaozhi_tts,)| -> [output]
I (5884) AfeWakeWord: Audio detection task started, feed size: 512 fetch size: 512
I (5884) I2S_IF: Paired data: 0x3fcd6104, current mode: playback, paired in_enable: 0, paired out_enable: 0
I (5894) I2S_IF: STD: TX, data_bit: 16, slot_bit: 16, ws_width: 16, slot_mode: MONO, slot_mask: 0x1
I (5904) I2S_IF: STD: TX, sample_rate_hz: 24000, mclk_multiple: 256, clk_src: 6
I (5924) Adev_Codec: Open codec device OK
I (5924) AudioCodec: Set output enable to true
I (5934) I2S_IF: Peer mode playback need extend bits 32 to 64
I (5934) AudioService: Resampling audio from 16000 to 24000
I (5934) I2S_IF: TDM: RX, data_bit: 16, slot_bit: 16, ws_width: 32, total_slot: 4, slot_mask: 0x3
I (5944) I2S_IF: TDM: RX, sample_rate_hz: 24000, mclk_multiple: 256, clk_src: 6
I (5954) I2S_IF: STD: TX, data_bit: 16, slot_bit: 32, ws_width: 32, slot_mode: MONO, slot_mask: 0x1
I (5964) I2S_IF: STD: TX, sample_rate_hz: 24000, mclk_multiple: 256, clk_src: 6
I (5964) ES7210: Bits 16
I (5974) ES7210: Enable ES7210_INPUT_MIC1
I (5974) ES7210: Enable ES7210_INPUT_MIC2
I (5984) ES7210: Enable ES7210_INPUT_MIC3
I (5984) ES7210: Enable ES7210_INPUT_MIC4
I (5984) ES7210: Enable TDM mode
I (5994) ES7210: Unmuted
I (5994) Adev_Codec: Open codec device OK
I (5994) AudioCodec: Set input enable to true
I (7704) Application: Wake word detected: 你好小智 (state: 3)
I (7704) StateMachine: State: idle -> connecting
I (7724) WifiStation: Setting WiFi power save level: PERFORMANCE (NONE)
I (7734) wifi:Set ps type: 0, coexist: 0

I (7734) WS: Connecting to websocket server: ws://39.107.143.71:8000/xiaozhi/v1/ with version: 1
I (7894) WS: Session ID: 69d2df4d-ded9-48e6-bd4f-f71e33e28027
I (7894) WifiStation: Setting WiFi power save level: PERFORMANCE (NONE)
I (7894) wifi:Set ps type: 0, coexist: 0

W (7904) Application: Server sample rate 16000 does not match device output sample rate 24000, resampling may cause distortion
I (7914) Application: Wake word detected: 你好小智
I (7934) AfeWakeWord: Encode wake word opus 28 packets in 225 ms
I (7934) StateMachine: State: connecting -> listening
I (7994) AFE: AFE Version: (1MIC_V251128)
I (7994) AFE: Input PCM Config: total 2 channels(1 microphone, 1 playback), sample rate:16000
I (7994) AFE: AFE Pipeline: [input] -> |AEC(VOIP_HIGH_PERF)| -> [output]
I (8004) AfeAudioProcessor: Audio communication task started, feed size: 256 fetch size: 512
I (8024) Application: >> 你好小智
I (8024) StateMachine: State: listening -> speaking
I (8024) StateMachine: State: speaking -> listening
I (8664) Application: >> 好，小智
I (10124) Application: << 嗯？
I (11044) Application: << 在呢~
I (11414) wifi:<ba-add>idx:1 (ifx:0, 74:39:89:38:c7:39), tid:5, ssn:108, winSize:64
I (12714) StateMachine: State: speaking -> listening
I (22574) SystemInfo: free sram: 83211 minimal sram: 78207
I (32574) SystemInfo: free sram: 83159 minimal sram: 78207
I (42574) SystemInfo: free sram: 83179 minimal sram: 78207
I (52574) SystemInfo: free sram: 83179 minimal sram: 78207
I (62574) SystemInfo: free sram: 83207 minimal sram: 78207
I (72574) SystemInfo: free sram: 83187 minimal sram: 78207
I (82574) SystemInfo: free sram: 83187 minimal sram: 78207
I (92574) SystemInfo: free sram: 83163 minimal sram: 78207
I (102574) SystemInfo: free sram: 83187 minimal sram: 78207
I (112574) SystemInfo: free sram: 83187 minimal sram: 78207
I (122574) SystemInfo: free sram: 83207 minimal sram: 78207
I (132574) SystemInfo: free sram: 83207 minimal sram: 78207
I (142574) SystemInfo: free sram: 83207 minimal sram: 78207
I (152574) SystemInfo: free sram: 83183 minimal sram: 78207
I (162574) SystemInfo: free sram: 83207 minimal sram: 78207
I (172574) SystemInfo: free sram: 83207 minimal sram: 78207
I (182574) SystemInfo: free sram: 83227 minimal sram: 78207
I (192584) SystemInfo: free sram: 83227 minimal sram: 78207
I (202574) SystemInfo: free sram: 83207 minimal sram: 78207
I (212574) SystemInfo: free sram: 83183 minimal sram: 78207
I (222584) SystemInfo: free sram: 83207 minimal sram: 78207
I (232574) SystemInfo: free sram: 83207 minimal sram: 78207
I (242574) SystemInfo: free sram: 83227 minimal sram: 78207
I (252574) SystemInfo: free sram: 82263 minimal sram: 78207
I (262574) SystemInfo: free sram: 83207 minimal sram: 78207
I (272574) SystemInfo: free sram: 83183 minimal sram: 78207
I (282574) SystemInfo: free sram: 83207 minimal sram: 78207
I (292574) SystemInfo: free sram: 83207 minimal sram: 78207
I (302574) SystemInfo: free sram: 83419 minimal sram: 78207
I (312574) SystemInfo: free sram: 83155 minimal sram: 78207
I (313384) Application: >> 月月
I (313384) StateMachine: State: listening -> speaking
I (318314) Application: << 嗯？叫我吗？我是小轩呀~
I (321624) Application: << 不过月月也挺好听的，你开心就好汪~
I (322584) SystemInfo: free sram: 82251 minimal sram: 78207
I (325284) StateMachine: State: speaking -> listening
I (329784) Application: >> 耗资
I (329794) StateMachine: State: listening -> speaking
I (331114) Application: << 嗯？你打错了吗？
I (331454) StateMachine: State: speaking -> listening
I (331454) Application: >> 小6
I (331514) StateMachine: State: listening -> speaking
I (333614) Application: << 我叫小轩啦~
I (333694) StateMachine: State: speaking -> listening
I (333704) Application: >> 小鹿
I (333724) StateMachine: State: listening -> speaking
I (336214) StateMachine: State: speaking -> listening
I (336214) Application: >> 小智
I (336244) StateMachine: State: listening -> speaking
I (337374) Application: << 我是小轩呀~
I (339034) Application: << 不是小智，汪~
I (341554) StateMachine: State: speaking -> listening
I (343574) Application: >> 好的
I (343574) StateMachine: State: listening -> speaking
I (344874) Application: << 嗯嗯~什么事呀？
I (347384) StateMachine: State: speaking -> listening
I (356574) SystemInfo: free sram: 84339 minimal sram: 78207
E (365244) EspTcp: TCP receive failed: -1
I (365244) WS: Websocket disconnected
I (365244) WifiStation: Setting WiFi power save level: LOW_POWER (MAX_MODEM)
I (365254) wifi:Set ps type: 2, coexist: 0

I (365274) StateMachine: State: listening -> idle
I (371904) Application: Wake word detected: 你好小智 (state: 3)
I (371904) StateMachine: State: idle -> connecting
I (371924) WifiStation: Setting WiFi power save level: PERFORMANCE (NONE)
I (371924) wifi:Set ps type: 0, coexist: 0

I (371934) WS: Connecting to websocket server: ws://39.107.143.71:8000/xiaozhi/v1/ with version: 1
I (372084) WS: Session ID: 5741dd66-6223-4408-8002-6ea3d7647939
I (372084) WifiStation: Setting WiFi power save level: PERFORMANCE (NONE)
I (372084) wifi:Set ps type: 0, coexist: 0

W (372094) Application: Server sample rate 16000 does not match device output sample rate 24000, resampling may cause distortion
I (372104) Application: Wake word detected: 你好小智
I (372174) AfeWakeWord: Encode wake word opus 35 packets in 268 ms
I (372174) StateMachine: State: connecting -> listening
I (372314) Application: >> 你好小智
I (372314) StateMachine: State: listening -> speaking
I (372314) StateMachine: State: speaking -> listening
I (373044) Application: >> 你好，小鹿
I (373044) StateMachine: State: listening -> speaking
I (374764) Application: << 你好呀，我是小轩，不是小鹿哦~汪！
I (377234) StateMachine: State: speaking -> listening
I (377234) Application: >> 你说嘛？
I (377254) StateMachine: State: listening -> speaking
I (379564) Application: Abort speaking
I (379624) StateMachine: State: speaking -> listening
I (382194) Application: >> 你说话呀？
I (382204) StateMachine: State: listening -> speaking
I (384204) Application: << 在呢在呢~
I (385754) Application: << 刚才说啦，我是小轩呀，萱宝宝贝是不是没听到？
I (386994) Application: Abort speaking
I (387054) StateMachine: State: speaking -> listening
E (388884) EspTcp: TCP receive failed: -1
I (388884) WS: Websocket disconnected
I (388884) WifiStation: Setting WiFi power save level: LOW_POWER (MAX_MODEM)
I (388884) wifi:Set ps type: 2, coexist: 0

I (388904) StateMachine: State: listening -> idle
I (398574) SystemInfo: free sram: 89631 minimal sram: 78207
I (408574) SystemInfo: free sram: 90111 minimal sram: 78207
I (418574) SystemInfo: free sram: 89595 minimal sram: 78207
I (428574) SystemInfo: free sram: 90107 minimal sram: 78207
I (438574) SystemInfo: free sram: 89591 minimal sram: 78207
I (448574) SystemInfo: free sram: 90107 minimal sram: 78207
I (458574) SystemInfo: free sram: 89591 minimal sram: 78207
I (468574) SystemInfo: free sram: 90107 minimal sram: 78207
I (478574) SystemInfo: free sram: 90567 minimal sram: 78207
I (488574) SystemInfo: free sram: 88775 minimal sram: 78207
I (498574) SystemInfo: free sram: 89291 minimal sram: 78207
I (508574) SystemInfo: free sram: 88775 minimal sram: 78207
I (518574) SystemInfo: free sram: 88451 minimal sram: 78207
I (528574) SystemInfo: free sram: 87971 minimal sram: 78207
I (538574) SystemInfo: free sram: 89463 minimal sram: 78207
I (548574) SystemInfo: free sram: 87971 minimal sram: 78207
I (558574) SystemInfo: free sram: 88487 minimal sram: 78207
I (568574) SystemInfo: free sram: 87971 minimal sram: 78207
I (578574) SystemInfo: free sram: 87971 minimal sram: 78207
I (588574) SystemInfo: free sram: 88451 minimal sram: 78207
I (598574) SystemInfo: free sram: 87971 minimal sram: 78207
I (608574) SystemInfo: free sram: 88487 minimal sram: 78207
I (618574) SystemInfo: free sram: 87971 minimal sram: 78207
I (628574) SystemInfo: free sram: 88487 minimal sram: 78207
--- Error: ClearCommError failed (PermissionError(13, '设备不识别此命令。', None, 22))
--- Waiting for the device to reconnect.....................................................................................................................................................................................................................................................................................................................................................................................................................................................................................................................................................................................................................................................................................................................................................................................................................................................................................................................................................................................................................................................................................................................................................................................................................................................................................................................................................................................................................................................................................................................................................................................................................................................................................................................................................................................................................................................................................................................................................................................................................................................................................................................................................................................................................................................................................................................................................................................................................................................................................................................................................................................................................................................................................................................................................................................................................................................................................................................................................................................................................................................................................................................................................................................................................................................................................................................................................................................................................................................................................................................................................................................................................................................................................................................................................................................................................................................................................................................................................................................................................................................................................................................................................................................................................................................................................................................................................................................................................................................................................................................................................................................................................................................................................................................................................................................................................................................................................................................................................................................................................................................................................................................................................................................................................................................................................................................................................................................................................................................................................................................................................................................................................................................................................................................................................................................................................................................................................................................................................................................................................................................................................................................................................................................................................................................................................................................................................................................................................................................................................................................................................................................................................................................................................................................................................................................................................................................................................................................................................................................................................................................................................................................................................................................................................................................................................................................................................................................................................................................................................................................................................................................................................................................................................................................................................................................................................................................................................................................................................................................................................................................................................................................................................................................................................................................................................................................................................................................................................................................................................................................................................................................................................................................................................................................................................................................................................................................................................................................................................................................................................................................................................................................................................................................................................................................................................................................................................................................................................................................................................................................................................................................................................................................................................................................................................................................................................................................................................................................................................................................................................................................................................................................................................................................................................................................................................................................................................................................................................................................................................................................................................................................................................................................................................................................................................................................................................................................................................................................................................................................................................................................................................................................................................................................................................................................................................................................................................................................................................................................................................................................................................................................................................................................................................................................................................................................................................................................................................................................................................................................................................................................................................................................................................................................................................................................................................................................................................................................................................................................................................................................................................................................................................................................................................................................................................................................................................................................................................................................................................................................................................................................................................................................................................................................................................................................................................................................................................................................................................................................................................................................................................................................................................................................................................................................................................................................................................................................................................................................................................................................................................................................................................................................................................................................................................................................................................................................................................................................................................................................................................................................................................................................................................................................................................................................................................................................................................................................................................................................................................................................................................................................................................................................................................................................................................................................................................................................................................................................................................................................................................................................................................................................................................................................................................................................................................................................................................................................................................................................................................................................................................................................................................................................................................................................................................................................................................................................................................................................................................................................................................................................................................................................................................................................................................................................................................................................................................................................................................................................................................................................................................................................................................................................................................................................................................................................................................................................................................................................................................................................................................................................................................................................................................................................................................................................................................................................................................................................................................................................................................................................................................................................................................................................................................................................................................................................................................................................................................................................................................................................................................................................................................................................................................................................................................................................................................................................................................................................................................................................................................................................................................................................................................................................................................................................................................................................................................................................................................................................................................................................................................................................................................................................................................................................................................................................................................................................................................................................................................................................................................................................................................................................................................................................................................................................................................................................................................................................................................................................................................................................................................................................................................................................................................................................................................................................................................................................................................................................................................................................................................................................................................................................................................................................................................................................................................................................................................................................................................................................................................................................................................................................................................................................................................................................................................................................................................................................................................................................................................................................................................................................................................................................................................................................................................................................................................................................................................................................................................................................................................................................................................................................................................................................................................................................................................................................................................................................................................................................................................................................................................................................................................................................................................................................................................................................................................................................................................................................................................................................................................................................................................................................................................................................................................................................................................................................................................................................................................................................................................................................................................................................................................................................................................................................................................................................................................................................................................................................................................................................................................................................................................................................................................................................................................................................................................................................................................................................................................................................................................................................................................................................................................................................................................................................................................................................................................................................................................................................................................................................................................................................................................................................................................................................................................................................................................................................................................................................................................................................................................................................................................................................................................................................................................................................................................................................................................................................................................................................................................................................................................................................................................................................................................................................................................................................................................................................................................................................................................................................................................................................................................................................................................................................................................................................................................................................................................................................................................................................................................................................................................................................................................................................................................................................................................................................................................................................................................................................................................................................................................................................................................................................................................................................................................................................................................................................................................................................................................................................................................................................................................................................................................................................................................................................................................................................................................................................................................................................................................................................................................................................................................................................................................................................................................................................................................................................................................................................................................................................................................................................................................................................................................................................................................................................................................................................................................................................................................................................................................................................................................................................................................................................................................................................................................................................................................................................................................................................................................................................................................................................................................................................................................................................................................................................................................................................................................................................................................................................................................................................................................................................................................................................................................................................................................................................................................................................................................................................................................................................................................................................................................................................................................................................................................................................................................................................................................................................................................................................................................................................................................................................................................................................................................................................................................................................................................................................................................................................................................................................................................................................................................................................................................................................................................................................................................................................................................................................................................................................................................................................................................................................................................................................................................................................................................................................................................................................................................................................................................................................................................................................................................................................................................................................................................................................................................................................................................................................................................................................................................................................................................................................................................................................................................................................................................................................................................................................................................................................................................................................................................................................................................................................................................................................................................................................................................................................................................................................................................................................................................................................................................................................................................................................................................................................................................................................................................................................................................................................................................................................................................................................................................................................................................................................................................................................................................................................................................................................................................................................................................................................................................................................................................................................................................................................................................................................................................................................................................................................................................................................................................................................................................................................................................................................................................................................................................................................................................................................................................................................................................................................................................................................................................................................................................................................................................................................................................................................................................................................................................................................................................................................................................................................................................................................................................................................................................................................................................................................................................................................................................................................................................................................................................................................................................................................................................................................................................................................................................................................................................................................................................................................................................................................................................................................................................................................................................................................................................................................................................................................................................................................................................................................................................................................................................................................................................................................................................................................................................................................................................................................................................................................................................................................................................................................................................................................................................................................................................................................................................................................................................................................................................................................................................................................................................................................................................................................................................................................................................................................................................................................................................................................................................................................................................................................................................................................................................................................................................................................................................................................................................................................................................................................................................................................................................................................................................................................................................................................................................................................................................................................................................................................................................................................................................................................................................................................................................................................................................................................................................................................................................................................................................................................................................................................................................................................................................................................................................................................................................................................................................................................................................................................................................................................................................................................................................................................................................................................................................................................................................................................................................................................................................................................................................................................................................................................................................................................................................................................................................................................................................................................................................................................................................................................................................................................................................................................................................................................................................................................................................................................................................................................................................................................................................................................................................................................................................................................................................................................................................................................................................................................................................................................................................................................................................................................................................................................................................................................................................................................................................................................................................................................................................................................................................................................................................................................................................................................................................................................................................................................................................................................................................................................................................................................................................................................................................................................................................................................................................................................................................................................................................................................................................................................................................................................................................................................................................................................................................................................................................................................................................................................................................................................................................................................................................................................................................................................................................................................................................................................................................................................................................................................................................................................................................................................................................................................................................................................................................................................................................................................................................................................................................................................................................................................................................................................................................................................................................................................................................................................................................................................................................................................................................................................................................................................................................................................................................................................................................................................................................................................................................................................................................................................................................................................................................................................................................................................................................................................................................................................................................................................................................................................................................................................................................................................................................................................................................................................................................................................................................................................................................................................................................................................................................................................................................................................................................................................................................................................................................................................................................................................................................................................................................................................................................................................................................................................................................................................................................................................................................................................................................................................................................................................................................................................................................................................................................................................................................................................................................................................................................................................................................................................................................................................................................................................................................................................................................................................................................................................................................................................................................................................................................................................................................................................................................................................................................................................................................................................................................................................................................................................................................................................................................................................................................................................................................................................................................................................................................................................................................................................................................................................................................................................................................................................................................................................................................................................................................................................................................................................................................................................................................................................................................................................................................................................................................................................................................................................................................................................................................................................................................................................................................................................................................................................................................................................................................................................................................................................................................................................................................................................................................................................................................................................................................................................................................................................................................................................................................................................................................................................................................................................................................................................................................................................................................................................................................................................................................................................................................................................................................................................................................................................................................................................................................................................................................................................................................................................................................................................................................................................................................................................................................................................................................................................................................................................................................................................................................................................................................................................................................................................................................................................................................................................................................................................................................................................................................................................................................................................................................................................................................................................................................................................................................................................................................................................................................................................................................................................................................................................................................................................................................................................................................................................................................................................................................................................................................................................................................................................................................................................................................................................................................................................................................................................................................................................................................................................................................................................................................................................................................................................................................................................................................................................................................................................................................................................................................................................................................................................................................................................................................................................................................................................................................................................................................................................................................................................................................................................................................................................................................................................................................................................................................................................................................................................................................................................................................................................................................................................................................................................................................................................................................................................................................................................................................................................................................................................................................................................................................................................................................................................................................................................................................................................................................................................................................................................................................................................................................................................................................................................................................................................................................................................................................................................................................................................................................................................................................................................................................................................................................................................................................................................................................................................................................................................................................................................................................................................................................................................................................................................................................................................................................................................................................................................................................................................................................................................................................................................................................................................................................................................................................................................................................................................................................................................................................................................................................................................................................................................................................................................................................................................................................................................................................................................................................................................................................................................................................................................................................................................................................................................................................................................................................................................................................................................................................................................................................................................................................................................................................................................................................................................................................................................................................................................................................................................................................................................................................................................................................................................................................................................................................................................................................................................................................................................................................................................................................................................................................................................................................................................................................................................................................................................................................................................................................................................................................................................................................................................................................................................................................................................................................................................................................................................................................................................................................................................................................................................................................................................................................................................................................................................................................................................................................................................................................................................................................................................................................................................................................................................................................................................................................................................................................................................................................................................................................................................................................................................................................................................................................................................................................................................................................................................................................................................................................................................................................................................................................................................................................................................................................................................................................................................................................................................................................................................................................................................................................................................................................................................................................................................................................................................................................................................................................................................................................................................................................................................................................................................................................................................................................................................................................................................................................................................................................................................................................................................................................................................................................................................................................................................................................................................................................................................................................................................................................................................................................................................................................................................................................................................................................................................................................................................................................................................................................................................................................................................................................................................................................................................................................................................................................................................................................................................................................................................................................................................................................................................................................................................................................................................................................................................................................................................................................................................................................................................................................................................................................................................................................................................................................................................................................................................................................................................................................................................................................................................................................................................................................................................................................................................................................................................................................................................................................................................................................................................................................................................................................................................................................................................................................................................................................................................................................................................................................................................................................................................................................................................................................................................................................................................................................................................................................................................................................................................................................................................................................................................................................................................................................................................................................................................................................................................................................................................................................................................................................................................................................................................................................................................................................................................................................................................................................................................................................................................................................................................................................................................................................................................................................................................................................................................................................................................................................................................................................................................................................................................................................................................................................................................................................................................................................................................................................................................................................................................................................................................................................................................................................................................................................................................................................................................................................................................................................................................................................................................................................................................................................................................................................................................................................................................................................................................................................................................................................................................................................................................................................................................................................................................................................................................................................................................................................................................................................................................................................................................................................................................................................................................................................................................................................................................................................................................................................................................................................................................................................................................................................................................................................................................................................................................................................................................................................................................................................................................................................................................................................................................................................................................................................................................................................................................................................................................................................................................................................................................................................................................................................................................................................................................................................................................................................................................................................................................................................................................................................................................................................................................................................................................................................................................................................................................................................................................................................................................................................................................................................................................................................................................................................................................................................................................................................................................................................................................................................................................................................................................................................................................................................................................................................................................................................................................................................................................................................................................................................................................................................................................................................................................................................................................................................................................................................................................................................................................................................................................................................................................................................................................................................................................................................................................................................................................................................................................................................................................................................................................................................................................................................................................................................................................................................................................................................................................................................................................................................................................................................................................................................................................................................................................................................................................................................................................................................................................................................................................................................................................................................................................................................................................................................................................................................................................................................................................................................................................................................................................................................................................................................................................................................................................................................................................................................................................................................................................................................................................................................................................................................................................................................................................................................................................................................................................................................................................................................................................................................................................................................................................................................................................................................................................................................................................................................................................................................................................................................................................................................................................................................................................................................................................................................................................................................................................................................................................................................................................................................................................................................................................................................................................................................................................................................................................................................................................................................................................................................................................................................................................................................................................................................................................................................................................................................................................................................................................................................................................................................................................................................................................................................................................................................................................................................................................................................................................................................................................................................................................................................................................................................................................................................................................................................................................................................................................................................................................................................................................................................................................................................................................................................................................................................................................................................................................................................................................................................................................................................................................................................................................................................................................................................................................................................................................................................................................................................................................................................................................................................................................................................................................................................................................................................................................................................................................................................................................................................................................................................................................................................................................................................................................................................................................................................................................................................................................................................................................................................................................................................................................................................................................................................................................................................................................................................................................................................................................................................................................................................................................................................................................................................................................................................................................................................................................................................................................................................................................................................................................................................................................................................................................................................................................................................................................................................................................................................................................................................................................................................................................................................................................................................................................................................................................................................................................................................................................................................................................................................................................................................................................................................................................................................................................................................................................................................................................................................................................................................................................................................................................................................................................................................................................................................................................................................................................................................................................................................................................................................................................................................................................................................................................................................................................................................................................................................................................................................................................................................................................................................................................................................................................................................................................................................................................................................................................................................................................................................................................................................................................................................................................................................................................................................................................................................................................................................................................................................................................................................................................................................................................................................................................................................................................................................................................................................................................................................................................................................................................................................................................................................................................................................................................................................................................................................................................................................................................................................................................................................................................................................................................................................................................................................................................................................................................................................................................................................................................................................................................................................................................................................................................................................................................................................................................................................................................................................................................................................................................................................................................................................................................................................................................................................................................................................................................................................................................................................................................................................................................................................................................................................................................................................................................................................................................................................................................................................................................................................................................................................................................................................................................................................................................................................................................................................................................................................................................................................................................................................................................................................................................................................................................................................................................................................................................................................................................................................................................................................................................................................................................................................................................................................................................................................................................................................................................................................................................................................................................................................................................................................................................................................................................................................................................................................................................................................................................................................................................................................................................................................................................................................................................................................................................................................................................................................................................................................................................................................................................................................................................................................................................................................................................................................................................................................................................................................................................................................................................................................................................................................................................................................................................................................................................................................................................................................................................................................................................................................................................................................................................................................................................................................................................................................................................................................................................................................................................................................................................................................................................................................................................................................................................................................................................................................................................................................................................................................................................................................................................................................................................................................................................................................................................................................................................................................................................................................................................................................................................................................................................................................................................................................................................................................................................................................................................................................................................................................................................................................................................................................................................................................................................................................................................................................................................................................................................................................................................................................................................................................................................................................................................................................................................................................................................................................................................................................................................................................................................................................................................................................................................................................................................................................................................................................................................................................................................................................................................................................................................................................................................................................................................................................................................................................................................................................................................................................................................................................................................................................................................................................................................................................................................................................................................................................................................................................................................................................................................................................................................................................................................................................................................................................................................................................................................................................................................................................................................................................................................................................................................................................................................................................................................................................................................................................................................................................................................................................................................................................................................................................................................................................................................................................................................................................................................................................................................................................................................................................................................................................................................................................................................................................................................................................................................................................................................................................................................................................................................................................................................................................................................................................................................................................................................................................................................................................................................................................................................................................................................................................................................................................................................................................................................................................................................................................................................................................................................................................................................................................................................................................................................................................................................................................................................................................................................................................................................................................................................................................................................................................................................................................................................................................................................................................................................................................................................................................................................................................................................................................................................................................................................................................................................................................................................................................................................................................................................................................................................................................................................................................................................................................................................................................................................................................................................................................................................................................................................................................................................................................................................................................................................................................................................................................................................................................................................................................................................................................................................................................................................................................................................................................................................................................................................................................................................................................................................................................................................................................................................................................................................................................................................................................................................................................................................................................................................................................................................................................................................................................................................................................................................................................................................................................................................................................................................................................................................................................................................................................................................................................................................................................................................................................................................................................................................................................................................................................................................................................................................................................................................................................................................................................................................................................................................................................................................................................................................................................................................................................................................................................................................................................................................................................................................................................................................................................................................................................................................................................................................................................................................................................................................................................................................................................................................................................................................................................................................................................................................................................................................................................................................................................................................................................................................................................................................................................................................................................................................................................................................................................................................................................................................................................................................................................................................................................................................................................................................................................................................................................................................................................................................................................................................................................................................................................................................................................................................................................................................................................................................................................................................................................................................................................................................................................................................................................................................................................................................................................................................................................................................................................................................................................................................................................................................................................................................................................................................................................................................................................................................................................................................................................................................................................................................................................................................................................................................................................................................................................................................................................................................................................................................................................................................................................................................................................................................................................................................................................................................................................................................................................................................................................................................................................................................................................................................................................................................................................................................................................................................................................................................................................................................................................................................................................................................................................................................................................................................................................................................................................................................................................................................................................................................................................................................................................................................................................................................................................................................................................................................................................................................................................................................................................................................................................................................................................................................................................................................................................................................................................................................................................................................................................................................................................................................................................................................................................................................................................................................................................................................................................................................................................................................................................................................................................................................................................................................................................................................................................................................................................................................................................................................................................................................................................................................................................................................................................................................................................................................................................................................................................................................................................................................................................................................................................................................................................................................................................................................................................................................................................................................................................................................................................................................................................................................................................................................................................................................................................................................................................................................................................................................................................................................................................................................................................................................................................................................................................................................................................................................................................................................................................................................................................................................................................................................................................................................................................................................................................................................................................................................................................................................................................................................................................................................................................................................................................................................................................................................................................................................................................................................................................................................................................................................................................................................................................................................................................................................................................................................................................................................................................................................................................................................................................................................................................................................................................................................................................................................................................................................................................................................................................................................................................................................................................................................................................................................................................................................................................................................................................................................................................................................................................................................................................................................................................................................................................................................................................................................................................................................................................................................................................................................................................................................................................................................................................................................................................................................................................................................................................................................................................................................................................................................................................................................................................................................................................................................................................................................................................................................................................................................................................................................................................................................................................................................................................................................................................................................................................................................................................................................................................................................................................................................................................................................................................................................................................................................................................................................................................................................................................................................................................................................................................................................................................................................................................................................................................................................................................................................................................................................................................................................................................................................................................................................................................................................................................................................................................................................................................................................................................................................................................................................................................................................................................................................................................................................................................................................................................................................................................................................................................................................................................................................................................................................................................................................................................................................................................................................................................................................................................................................................................................................................................................................................................................................................................................................................................................................................................................................................................................................................................................................................................................................................................................................................................................................................................................................................................................................................................................................................................................................................................................................................................................................................................................................................................................................................................................................................................................................................................................................................................................................................................................................................................................................................................................................................................................................................................................................................................................................................................................................................................................................................................................................................................................................................................................................................................................................................................................................................................................................................................................................................................................................................................................................................................................................................................................................................................................................................................................................................................................................................................................................................................................................................................................................................................................................................................................................................................................................................................................................................................................................................................................................................................................................................................................................................................................................................................................................................................................................................................................................................................................................................................................................................................................................................................................................................................................................................................................................................................................................................................................................................................................................................................................................................................................................................................................................................................................................................................................................................................................................................................................................................................................................................................................................................................................................................................................................................................................................................................................................................................................................................................................................................................................................................................................................................................................................................................................................................................................................................................................................................................................................................................................................................................................................................................................................................................................................................................................................................................................................................................................................................................................................................................................................................................................................................................................................................................................................................................................................................................................................................................................................................................................................................................................................................................................................................................................................................................................................................................................................................................................................................................................................................................................................................................................................................................................................................................................................................................................................................................................................................................................................................................................................................................................................................................................................................................................................................................................................................................................................................................................................................................................................................................................................................................................................................................................................................................................................................................................................................................................................................................................................................................................................................................................................................................................................................................................................................................................................................................................................................................................................................................................................................................................................................................................................................................................................................................................................................................................................................................................................................................................................................................................................................................................................................................................................................................................................................................................................................................................................................................................................................................................................................................................................................................................................................................................................................................................................................................................................................................................................................................................................................................................................................................................................................................................................................................................................................................................................................................................................................................................................................................................................................................................................................................................................................................................................................................................................................................................................................................................................................................................................................................................................................................................................................................................................................................................................................................................................................................................................................................................................................................................................................................................................................................................................................................................................................................................................................................................................................................................................................................................................................................................................................................................................................................................................................................................................................................................................................................................................................................................................................................................................................................................................................................................................................................................................................................................................................................................................................................................................................................................................................................................................................................................................................................................................................................................................................................................................................................................................................................................................................................................................................................................................................................................................................................................................................................................................................................................................................................................................................................................................................................................................................................................................................................................................................................................................................................................................................................................................................................................................................................................................................................................................................................................................................................................................................................................................................................................................................................................................................................................................................................................................................................................................................................................................................................................................................................................................................................................................................................................................................................................................................................................................................................................................................................................................................................................................................................................................................................................................................................................................................................................................................................................................................................................................................................................................................................................................................................................................................................................................................................................................................................................................................................................................................................................................................................................................................................................................................................................................................................................................................................................................................................................................................................................................................................................................................................................................................................................................................................................................................................................................................................................................................................................................................................................................................................................................................................................................................................................................................................................................................................................................................................................................................................................................................................................................................................................................................................................................................................................................................................................................................................................................................................................................................................................................................................................................................................................................................................................................................................................................................................................................................................................................................................................................................................................................................................................................................................................................................................................................................................................................................................................................................................................................................................................................................................................................................................................................................................................................................................................................................................................................................................................................................................................................................................................................................................................................................................................................................................................................................................................................................................................................................................................................................................................................................................................................................................................................................................................................................................................................................................................................................................................................................................................................................................................................................................................................................................................................................................................................................................................................................................................................................................................................................................................................................................................................................................................................................................................................................................................................................................................................................................................................................................................................................................................................................................................................................................................................................................................................................................................................................................................................................................................................................................................................................................................................................................................................................................................................................................................................................................................................................................................................................................................................................................................................................................................................................................................................................................................................................................................................................................................................................................................................................................................................................................................................................................................................................................................................................................................................................................................................................................................................................................................................................................................................................................................................................................................................................................................................................................................................................................................................................................................................................................................................................................................................................................................................................................................................................................................................................................................................................................................................................................................................................................................................................................................................................................................................................................................................................................................................................................................................................................................................................................................................................................................................................................................................................................................................................................................................................................................................................................................................................................................................................................................................................................................................................................................................................................................................................................................................................................................................................................................................................................................................................................................................................................................................................................................................................................................................................................................................................................................................................................................................................................................................................................................................................................................................................................................................................................................................................................................................................................................................................................................................................................................................................................................................................................................................................................................................................................................................................................................................................................................................................................................................................................................................................................................................................................................................................................................................................................................................................................................................................................................................................................................................................................................................................................................................................................................................................................................................................................................................................................................................................................................................................................................................................................................................................................................................................................................................................................................................................................................................................................................................................................................................................................................................................................................................................................................................................................................................................................................................................................................................................................................................................................................................................................................................................................................................................................................................................................................................................................................................................................................................................................................................................................................................................................................................................................................................................................................................................................................................................................................................................................................................................................................................................................................................................................................................................................................................................................................................................................................................................................................................................................................................................................................................................................................................................................................................................................................................................................................................................................................................................................................................................................................................................................................................................................................................................................................................................................................................................................................................................................................................................................................................................................................................................................................................................................................................................................................................................................................................................................................................................................................................................................................................................................................................................................................................................................................................................................................................................................................................................................................................................................................................................................................................................................................................................................................................................................................................................................................................................................................................................................................................................................................................................................................................................................................................................................................................................................................................................................................................................................................................................................................................................................................................................................................................................................................................................................................................................................................................................................................................................................................................................................................................................................................................................................................................................................................................................................................................................................................................................................................................................................................................................................................................................................................................................................................................................................................................................................................................................................................................................................................................................................................................................................................................................................................................................................................................................................................................................................................................................................................................................................................................................................................................................................................................................................................................................................................................................................................................................................................................................................................................................................................................................................................................................................................................................................................................................................................................................................................................................................................................................................................................................................................................................................................................................................................................................................................................................................................................................................................................................................................................................................................................................................................................................................................................................................................................................................................................................................................................................................................................................................................................................................................................................................................................................................................................................................................................................................................................................................................................................................................................................................................................................................................................................................................................................................................................................................................................................................................................................................................................................................................................................................................................................................................................................................................................................................................................................................................................................................................................................................................................................................................................................................................................................................................................................................................................................................................................................................................................................................................................................................................................................................................................................................................................................................................................................................................................................................................................................................................................................................................................................................................................................................................................................................................................................................................................................................................................................................................................................................................................................................................................................................................................................................................................................................................................................................................................................................................................................................................................................................................................................................................................................................................................................................................................................................................................................................................................................................................................................................................................................................................................................................................................................................................................................................................................................................................................................................................................................................................................................................................................................................................................................................................................................................................................................................................................................................................................................................................................................................................................................................................................................................................................................................................................................................................................................................................................................................................................................................................................................................................................................................................................................................................................................................................................................................................................................................................................................................................................................................................................................................................................................................................................................................................................................................................................................................................................................................................................................................................................................................................................................................................................................................................................................................................................................................................................................................................................................................................................................................................................................................................................................................................................................................................................................................................................................................................................................................................................................................................................................................................................................................................................................................................................................................................................................................................................................................................................................................................................................................................................................................................................................................................................................................................................................................................................................................................................................................................................................................................................................................................................................................................................................................................................................................................................................................................................................................................................................................................................................................................................................................................................................................................................................................................................................................................................................................................................................................................................................................................................................................................................................................................................................................................................................................................................................................................................................................................................................................................................................................................................................................................................................................................................................................................................................................................................................................................................................................................................................................................................................................................................................................................................................................................................................................................................................................................................................................................................................................................................................................................................................................................................................................................................................................................................................................................................................................................................................................................................................................................................................................................................................................................................................................................................................................................................................................................................................................................................................................................................................................................................................................................................................................................................................................................................................................................................................................................................................................................................................................................................................................................................................................................................................................................................................................................................................................................................................................................................................................................................................................................................................................................................................................................................................................................................................................................................................................................................................................................................................................................................................................................................................................................................................................................................................................................................................................................................................................................................................................................................................................................................................................................................................................................................................................................................................................................................................................................................................................................................................................................................................................................................................................................................................................................................................................................................................................................................................................................................................................................................................................................................................................................................................................................................................................................................................................................................................................................................................................................................................................................................................................................................................................................................................................................................................................................................................................................................................................................................................................................................................................................................................................................................................................................................................................................................................................................................................................................................................................................................................................................................................................................................................................................................................................................................................................................................................................................................................................................................................................................................................................................................................................................................................................................................................................................................................................................................................................................................................................................................................................................................................................................................................................................................................................................................................................................................................................................................................................................................................................................................................................................................................................................................................................................................................................................................................................................................................................................................................................................................................................................................................................................................................................................................................................................................................................................................................................................................................................................................................................................................................................................................................................................................................................................................................................................................................................................................................................................................................................................................................................................................................................................................................................................................................................................................................................................................................................................................................................................................................................................................................................................................................................................................................................................................................