===== COM15 monitor started 2026-08-19 00:08:09 =====
I (35621) Application: << ?????????~
I (37721) StateMachine: State: speaking -> listening
I (43801) Application: >> ??????????????????????????????
I (43801) StateMachine: State: listening -> speaking
I (45581) Application: << ??????????????? ???????????????????????????~
I (49741) StateMachine: State: speaking -> listening
I (55531) Application: >> ?????????????????????????????????
I (55531) StateMachine: State: listening -> speaking
I (56411) wifi:<ba-add>idx:1 (ifx:0, 74:39:89:38:c7:39), tid:5, ssn:49, winSize:64
I (58111) Application: << ?????????????????????????????????~
===== COM15 monitor started 2026-08-19 00:08:34 =====
I (61151) StateMachine: State: speaking -> listening
I (70221) SystemInfo: free sram: 83111 minimal sram: 79935
I (76741) Application: >> 2台 AI 机器人，你们做一下对话
I (76741) StateMachine: State: listening -> speaking
I (78831) Application: << 哇塞，你这是要我自己和自己吵架啊？行吧行吧，那我来演！A：嘿，你会说话吗？
I (85871) Application: << B：废话，当然会！A：那你会唱歌吗？B：当然...不会！
I (86231) SystemInfo: free sram: 82955 minimal sram: 79935
I (91891) Application: << 咋地，你想听啊？A：算了算了，怕你跑调。B：你跑调！
I (96221) SystemInfo: free sram: 83463 minimal sram: 79935
I (97751) Application: << 你全家都跑调！好啦，演完了满意不~ 
I (101611) Application: << 你这也太无聊了吧老子！
I (104581) StateMachine: State: speaking -> listening
I (114221) SystemInfo: free sram: 83375 minimal sram: 79935
I (124221) SystemInfo: free sram: 83371 minimal sram: 79935
I (134221) SystemInfo: free sram: 83135 minimal sram: 79935
I (144221) SystemInfo: free sram: 83399 minimal sram: 79935
I (154221) SystemInfo: free sram: 83111 minimal sram: 79935
I (164221) SystemInfo: free sram: 83399 minimal sram: 79935
I (174221) SystemInfo: free sram: 83399 minimal sram: 79935
I (184221) SystemInfo: free sram: 83399 minimal sram: 79935
I (194221) SystemInfo: free sram: 83115 minimal sram: 79935
I (204221) SystemInfo: free sram: 83399 minimal sram: 79935
I (214221) SystemInfo: free sram: 83135 minimal sram: 79935
I (223821) StateMachine: State: listening -> idle
I (233221) SystemInfo: free sram: 82955 minimal sram: 79935
I (243221) SystemInfo: free sram: 83463 minimal sram: 79935
I (253221) SystemInfo: free sram: 82947 minimal sram: 79935
I (263221) SystemInfo: free sram: 83463 minimal sram: 79935
I (273221) SystemInfo: free sram: 82947 minimal sram: 79935
I (283221) SystemInfo: free sram: 83463 minimal sram: 79935
I (293221) SystemInfo: free sram: 82947 minimal sram: 79935
I (303221) SystemInfo: free sram: 82947 minimal sram: 79935
I (313221) SystemInfo: free sram: 83463 minimal sram: 79935
I (323221) SystemInfo: free sram: 82947 minimal sram: 79935
I (333221) SystemInfo: free sram: 83431 minimal sram: 79935
I (343221) SystemInfo: free sram: 82947 minimal sram: 79935
I (353221) SystemInfo: free sram: 83463 minimal sram: 79935
I (363221) SystemInfo: free sram: 82947 minimal sram: 79935
I (373221) SystemInfo: free sram: 83463 minimal sram: 79935
I (383221) SystemInfo: free sram: 82947 minimal sram: 79935
I (393221) SystemInfo: free sram: 82947 minimal sram: 79935
I (403221) SystemInfo: free sram: 82947 minimal sram: 79935
I (413221) SystemInfo: free sram: 82947 minimal sram: 79935
I (423221) SystemInfo: free sram: 82947 minimal sram: 79935
I (433221) SystemInfo: free sram: 82947 minimal sram: 79935
I (443221) SystemInfo: free sram: 82915 minimal sram: 79935
I (453221) SystemInfo: free sram: 82947 minimal sram: 79935
I (463221) SystemInfo: free sram: 82947 minimal sram: 79935
I (470051) WS: Websocket disconnected
I (470051) WifiStation: Setting WiFi power save level: LOW_POWER (MAX_MODEM)
I (470061) wifi:Set ps type: 2, coexist: 0

I (473221) SystemInfo: free sram: 83431 minimal sram: 79935
I (483221) SystemInfo: free sram: 88063 minimal sram: 79935
I (493221) SystemInfo: free sram: 88579 minimal sram: 79935
I (503221) SystemInfo: free sram: 88063 minimal sram: 79935
I (513221) SystemInfo: free sram: 88579 minimal sram: 79935
I (523221) SystemInfo: free sram: 88063 minimal sram: 79935
I (533221) SystemInfo: free sram: 88579 minimal sram: 79935
I (543221) SystemInfo: free sram: 88063 minimal sram: 79935
I (553221) SystemInfo: free sram: 88019 minimal sram: 79935
I (563221) SystemInfo: free sram: 88579 minimal sram: 79935
I (573221) SystemInfo: free sram: 88063 minimal sram: 79935
I (583221) SystemInfo: free sram: 88579 minimal sram: 79935
I (593221) SystemInfo: free sram: 88063 minimal sram: 79935
I (603221) SystemInfo: free sram: 88579 minimal sram: 79935
I (607281) CustomWakeWord: Custom wake word detected: command_id=1, string= ni ni hao xiao lu, prob=0.369928
I (607281) Application: Wake word detected: 你好小鹿 (state: 3)
I (607291) StateMachine: State: idle -> connecting
I (607291) WifiStation: Setting WiFi power save level: PERFORMANCE (NONE)
I (607301) wifi:Set ps type: 0, coexist: 0

I (607311) WS: Connecting to websocket server: ws://39.107.143.71:8000/xiaozhi/v1/ with version: 1
I (607471) WS: Session ID: d05b0da1-03c6-4e0e-a3b6-ec1d6ecbda6c
I (607471) WifiStation: Setting WiFi power save level: PERFORMANCE (NONE)
I (607471) wifi:Set ps type: 0, coexist: 0

I (607481) Application: Wake word detected: 你好小鹿
I (607701) CustomWakeWord: Encode wake word opus 35 packets in 418 ms
I (607711) StateMachine: State: connecting -> listening
I (607781) Application: >> 你好小鹿
I (607791) StateMachine: State: listening -> speaking
I (610061) Application: << 哎呀，今天怎么这么晚才来看我呀！
I (613301) Application: << 快让我蹭蹭你~
I (615451) StateMachine: State: speaking -> listening
I (619341) Application: >> 你又不是狗，你蹭我干嘛？
I (619341) StateMachine: State: listening -> speaking
I (620971) Application: << 哼，我乐意不行啊？
I (623241) Application: << 老子想蹭就蹭，你管我~
I (626311) StateMachine: State: speaking -> listening
I (628551) StateMachine: State: listening -> idle
I (638221) SystemInfo: free sram: 83567 minimal sram: 79451
I (648221) SystemInfo: free sram: 83579 minimal sram: 79451
I (658221) SystemInfo: free sram: 83579 minimal sram: 79451
I (668221) SystemInfo: free sram: 83579 minimal sram: 79451
I (678221) SystemInfo: free sram: 83579 minimal sram: 79451
I (688221) SystemInfo: free sram: 83579 minimal sram: 79451
I (698221) SystemInfo: free sram: 84095 minimal sram: 79451
I (708221) SystemInfo: free sram: 83579 minimal sram: 79451
I (718221) SystemInfo: free sram: 84095 minimal sram: 79451
I (728221) SystemInfo: free sram: 83579 minimal sram: 79451
I (738221) SystemInfo: free sram: 84055 minimal sram: 79451
I (748221) SystemInfo: free sram: 83579 minimal sram: 79451
I (758221) SystemInfo: free sram: 84095 minimal sram: 79451
I (768221) SystemInfo: free sram: 83579 minimal sram: 79451
I (778221) SystemInfo: free sram: 83579 minimal sram: 79451
I (788221) SystemInfo: free sram: 84095 minimal sram: 79451
I (798221) SystemInfo: free sram: 83579 minimal sram: 79451
I (808221) SystemInfo: free sram: 84095 minimal sram: 79451
I (813431) CustomWakeWord: Custom wake word detected: command_id=1, string= ni ni hao xiao lu, prob=0.381866
I (813431) Application: Wake word detected: 你好小鹿 (state: 3)
E (813441) Protocol: Channel timeout 187 seconds
I (813441) StateMachine: State: idle -> connecting
I (813451) WifiStation: Setting WiFi power save level: PERFORMANCE (NONE)
I (813451) wifi:Set ps type: 0, coexist: 0

E (813461) Protocol: Channel timeout 187 seconds
E (813491) EspTcp: TCP receive failed: -1
I (813491) WS: Websocket disconnected
I (813491) WifiStation: Setting WiFi power save level: LOW_POWER (MAX_MODEM)
I (813491) wifi:Set ps type: 2, coexist: 0

I (813501) WS: Connecting to websocket server: ws://39.107.143.71:8000/xiaozhi/v1/ with version: 1
I (813651) WS: Session ID: 01cf1c4d-1d97-467c-bad2-bf66afc41132
I (813651) WifiStation: Setting WiFi power save level: PERFORMANCE (NONE)
I (813651) wifi:Set ps type: 0, coexist: 0

I (813661) Application: Wake word detected: 你好小鹿
I (813871) CustomWakeWord: Encode wake word opus 35 packets in 430 ms
I (813871) StateMachine: State: connecting -> listening
I (813891) StateMachine: State: listening -> idle
I (813961) Application: >> 你好小鹿
I (813961) StateMachine: State: idle -> speaking
I (816291) Application: << 哎呀，今天怎么这么晚才来看我呀！
I (819121) Application: Abort speaking
I (819121) StateMachine: State: speaking -> listening
I (819331) StateMachine: State: listening -> idle
I (829221) SystemInfo: free sram: 83871 minimal sram: 76051
I (830461) CustomWakeWord: Custom wake word detected: command_id=1, string= ni ni hao xiao lu, prob=0.427678
I (830461) Application: Wake word detected: 你好小鹿 (state: 3)
I (830811) CustomWakeWord: Encode wake word opus 35 packets in 346 ms
I (839221) SystemInfo: free sram: 82927 minimal sram: 76051
I (849221) SystemInfo: free sram: 82927 minimal sram: 76051
I (859221) SystemInfo: free sram: 82927 minimal sram: 76051
I (869221) SystemInfo: free sram: 82927 minimal sram: 76051
I (879221) SystemInfo: free sram: 82927 minimal sram: 76051
I (889221) SystemInfo: free sram: 82927 minimal sram: 76051
I (899221) SystemInfo: free sram: 82927 minimal sram: 76051
I (909221) SystemInfo: free sram: 82927 minimal sram: 76051
I (919221) SystemInfo: free sram: 82927 minimal sram: 76051
I (929221) SystemInfo: free sram: 83099 minimal sram: 76051
I (939221) SystemInfo: free sram: 83139 minimal sram: 76051
I (949221) SystemInfo: free sram: 83139 minimal sram: 76051
I (959221) SystemInfo: free sram: 83139 minimal sram: 76051
I (969221) SystemInfo: free sram: 83139 minimal sram: 76051
I (979221) SystemInfo: free sram: 83139 minimal sram: 76051
I (989221) SystemInfo: free sram: 83139 minimal sram: 76051
I (999221) SystemInfo: free sram: 83139 minimal sram: 76051
I (1009221) SystemInfo: free sram: 83139 minimal sram: 76051
I (1019221) SystemInfo: free sram: 83139 minimal sram: 76051
I (1029221) SystemInfo: free sram: 83139 minimal sram: 76051
I (1039221) SystemInfo: free sram: 83099 minimal sram: 76051
I (1049221) SystemInfo: free sram: 83139 minimal sram: 76051
I (1059221) SystemInfo: free sram: 83139 minimal sram: 76051
I (1069221) SystemInfo: free sram: 83139 minimal sram: 76051
I (1079221) SystemInfo: free sram: 83139 minimal sram: 76051
I (1089221) SystemInfo: free sram: 83139 minimal sram: 76051
I (1099221) SystemInfo: free sram: 83139 minimal sram: 76051
I (1109221) SystemInfo: free sram: 83139 minimal sram: 76051
I (1119221) SystemInfo: free sram: 83139 minimal sram: 76051
I (1129221) SystemInfo: free sram: 83139 minimal sram: 76051
I (1139221) SystemInfo: free sram: 83139 minimal sram: 76051
I (1149221) SystemInfo: free sram: 83099 minimal sram: 76051
I (1159221) SystemInfo: free sram: 83139 minimal sram: 76051
I (1169221) SystemInfo: free sram: 83139 minimal sram: 76051
I (1179221) SystemInfo: free sram: 83139 minimal sram: 76051
I (1183671) WS: Websocket disconnected
I (1183671) WifiStation: Setting WiFi power save level: LOW_POWER (MAX_MODEM)
I (1183671) wifi:Set ps type: 2, coexist: 0

I (1189221) SystemInfo: free sram: 83071 minimal sram: 76051
I (1199221) SystemInfo: free sram: 88227 minimal sram: 76051
I (1209221) SystemInfo: free sram: 88235 minimal sram: 76051
I (1219221) SystemInfo: free sram: 88235 minimal sram: 76051
I (1229221) SystemInfo: free sram: 88235 minimal sram: 76051
I (1239221) SystemInfo: free sram: 88235 minimal sram: 76051
I (1249221) SystemInfo: free sram: 88235 minimal sram: 76051
I (1259221) SystemInfo: free sram: 88195 minimal sram: 76051
I (1269221) SystemInfo: free sram: 88235 minimal sram: 76051
I (1279221) SystemInfo: free sram: 88235 minimal sram: 76051
I (1289221) SystemInfo: free sram: 88235 minimal sram: 76051
I (1299221) SystemInfo: free sram: 88235 minimal sram: 76051
I (1309221) SystemInfo: free sram: 88235 minimal sram: 76051
I (1319221) SystemInfo: free sram: 88235 minimal sram: 76051
I (1329221) SystemInfo: free sram: 88235 minimal sram: 76051
I (1339221) SystemInfo: free sram: 88235 minimal sram: 76051
I (1349221) SystemInfo: free sram: 88235 minimal sram: 76051
I (1359221) SystemInfo: free sram: 88235 minimal sram: 76051
I (1369221) SystemInfo: free sram: 88195 minimal sram: 76051
I (1379221) SystemInfo: free sram: 88235 minimal sram: 76051
I (1389221) SystemInfo: free sram: 88235 minimal sram: 76051
I (1399221) SystemInfo: free sram: 88235 minimal sram: 76051
I (1409221) SystemInfo: free sram: 88235 minimal sram: 76051
I (1419221) SystemInfo: free sram: 88235 minimal sram: 76051
I (1429221) SystemInfo: free sram: 88235 minimal sram: 76051
I (1439221) SystemInfo: free sram: 88235 minimal sram: 76051
I (1449221) SystemInfo: free sram: 88235 minimal sram: 76051
I (1459221) SystemInfo: free sram: 88235 minimal sram: 76051
I (1469221) SystemInfo: free sram: 88235 minimal sram: 76051
I (1479221) SystemInfo: free sram: 88195 minimal sram: 76051
I (1489221) SystemInfo: free sram: 88235 minimal sram: 76051
I (1499221) SystemInfo: free sram: 88235 minimal sram: 76051
I (1509221) SystemInfo: free sram: 88235 minimal sram: 76051
I (1519221) SystemInfo: free sram: 88235 minimal sram: 76051
I (1529221) SystemInfo: free sram: 88235 minimal sram: 76051
I (1539221) SystemInfo: free sram: 88235 minimal sram: 76051
I (1549221) SystemInfo: free sram: 88235 minimal sram: 76051
I (1559221) SystemInfo: free sram: 88235 minimal sram: 76051
I (1569221) SystemInfo: free sram: 88235 minimal sram: 76051
I (1579221) SystemInfo: free sram: 88235 minimal sram: 76051
I (1589221) SystemInfo: free sram: 88155 minimal sram: 76051
I (1599221) SystemInfo: free sram: 88235 minimal sram: 76051
I (1609221) SystemInfo: free sram: 88235 minimal sram: 76051
I (1619221) SystemInfo: free sram: 88235 minimal sram: 76051
I (1629221) SystemInfo: free sram: 88235 minimal sram: 76051
I (1639221) SystemInfo: free sram: 88235 minimal sram: 76051
I (1649221) SystemInfo: free sram: 88235 minimal sram: 76051
I (1659221) SystemInfo: free sram: 88235 minimal sram: 76051
I (1669221) SystemInfo: free sram: 88235 minimal sram: 76051
I (1679221) SystemInfo: free sram: 88235 minimal sram: 76051
I (1689221) SystemInfo: free sram: 88235 minimal sram: 76051
I (1699221) SystemInfo: free sram: 88195 minimal sram: 76051
I (1709221) SystemInfo: free sram: 88235 minimal sram: 76051
I (1719221) SystemInfo: free sram: 88235 minimal sram: 76051
I (1729221) SystemInfo: free sram: 88235 minimal sram: 76051
I (1739221) SystemInfo: free sram: 88235 minimal sram: 76051
I (1749221) SystemInfo: free sram: 88235 minimal sram: 76051
I (1759221) SystemInfo: free sram: 88235 minimal sram: 76051
I (1769221) SystemInfo: free sram: 88235 minimal sram: 76051
I (1779221) SystemInfo: free sram: 88235 minimal sram: 76051
I (1789221) SystemInfo: free sram: 88235 minimal sram: 76051
I (1799221) SystemInfo: free sram: 88235 minimal sram: 76051
I (1809221) SystemInfo: free sram: 88195 minimal sram: 76051
I (1819221) SystemInfo: free sram: 88235 minimal sram: 76051
I (1829221) SystemInfo: free sram: 88235 minimal sram: 76051
I (1839221) SystemInfo: free sram: 88235 minimal sram: 76051
I (1849221) SystemInfo: free sram: 88235 minimal sram: 76051
I (1859221) SystemInfo: free sram: 88235 minimal sram: 76051
I (1869221) SystemInfo: free sram: 88235 minimal sram: 76051
I (1879221) SystemInfo: free sram: 88235 minimal sram: 76051
I (1889221) SystemInfo: free sram: 88235 minimal sram: 76051
I (1899221) SystemInfo: free sram: 88235 minimal sram: 76051
I (1909221) SystemInfo: free sram: 88235 minimal sram: 76051
I (1919221) SystemInfo: free sram: 88195 minimal sram: 76051
I (1929221) SystemInfo: free sram: 88235 minimal sram: 76051
I (1939221) SystemInfo: free sram: 88235 minimal sram: 76051
I (1949221) SystemInfo: free sram: 88235 minimal sram: 76051
I (1959221) SystemInfo: free sram: 88235 minimal sram: 76051
I (1969221) SystemInfo: free sram: 88195 minimal sram: 76051
I (1979221) SystemInfo: free sram: 88235 minimal sram: 76051
I (1989221) SystemInfo: free sram: 88235 minimal sram: 76051
I (1999221) SystemInfo: free sram: 88235 minimal sram: 76051
I (2009221) SystemInfo: free sram: 88235 minimal sram: 76051
I (2019221) SystemInfo: free sram: 88235 minimal sram: 76051
I (2029221) SystemInfo: free sram: 88195 minimal sram: 76051
I (2039221) SystemInfo: free sram: 88235 minimal sram: 76051
I (2049221) SystemInfo: free sram: 88235 minimal sram: 76051
I (2059221) SystemInfo: free sram: 88235 minimal sram: 76051
I (2069221) SystemInfo: free sram: 88235 minimal sram: 76051
I (2079221) SystemInfo: free sram: 88235 minimal sram: 76051
I (2089221) SystemInfo: free sram: 88235 minimal sram: 76051
I (2099221) SystemInfo: free sram: 88235 minimal sram: 76051
I (2109221) SystemInfo: free sram: 88235 minimal sram: 76051
I (2119221) SystemInfo: free sram: 88235 minimal sram: 76051
I (2129221) SystemInfo: free sram: 88235 minimal sram: 76051
I (2139221) SystemInfo: free sram: 88195 minimal sram: 76051
I (2149221) SystemInfo: free sram: 88235 minimal sram: 76051
I (2159221) SystemInfo: free sram: 88235 minimal sram: 76051
I (2169221) SystemInfo: free sram: 88235 minimal sram: 76051
I (2179221) SystemInfo: free sram: 88235 minimal sram: 76051
I (2189221) SystemInfo: free sram: 88235 minimal sram: 76051
I (2199221) SystemInfo: free sram: 88235 minimal sram: 76051
I (2209221) SystemInfo: free sram: 88235 minimal sram: 76051
I (2219221) SystemInfo: free sram: 88235 minimal sram: 76051
I (2229221) SystemInfo: free sram: 88195 minimal sram: 76051
I (2239221) SystemInfo: free sram: 88235 minimal sram: 76051
I (2249221) SystemInfo: free sram: 88195 minimal sram: 76051
I (2259221) SystemInfo: free sram: 88235 minimal sram: 76051
I (2269221) SystemInfo: free sram: 88235 minimal sram: 76051
I (2279221) SystemInfo: free sram: 88235 minimal sram: 76051
I (2289221) SystemInfo: free sram: 88235 minimal sram: 76051
I (2299221) SystemInfo: free sram: 88235 minimal sram: 76051
I (2309221) SystemInfo: free sram: 88235 minimal sram: 76051
I (2319221) SystemInfo: free sram: 88235 minimal sram: 76051
I (2329221) SystemInfo: free sram: 88235 minimal sram: 76051
I (2339221) SystemInfo: free sram: 88235 minimal sram: 76051
I (2349221) SystemInfo: free sram: 88235 minimal sram: 76051
I (2359221) SystemInfo: free sram: 88195 minimal sram: 76051
I (2369221) SystemInfo: free sram: 88235 minimal sram: 76051
I (2379221) SystemInfo: free sram: 88235 minimal sram: 76051
I (2389221) SystemInfo: free sram: 88235 minimal sram: 76051
I (2399221) SystemInfo: free sram: 88235 minimal sram: 76051
I (2409221) SystemInfo: free sram: 88235 minimal sram: 76051
I (2419221) SystemInfo: free sram: 88235 minimal sram: 76051
I (2429221) SystemInfo: free sram: 88235 minimal sram: 76051
I (2439221) SystemInfo: free sram: 88235 minimal sram: 76051
I (2449221) SystemInfo: free sram: 88235 minimal sram: 76051
I (2459221) SystemInfo: free sram: 88235 minimal sram: 76051
I (2469221) SystemInfo: free sram: 88195 minimal sram: 76051
I (2479221) SystemInfo: free sram: 88235 minimal sram: 76051
I (2489221) SystemInfo: free sram: 88235 minimal sram: 76051
I (2499221) SystemInfo: free sram: 88235 minimal sram: 76051
I (2509221) SystemInfo: free sram: 88235 minimal sram: 76051
I (2519221) SystemInfo: free sram: 88235 minimal sram: 76051
I (2529221) SystemInfo: free sram: 88235 minimal sram: 76051
I (2539221) SystemInfo: free sram: 88235 minimal sram: 76051
I (2549221) SystemInfo: free sram: 88235 minimal sram: 76051
I (2559221) SystemInfo: free sram: 88235 minimal sram: 76051
I (2569221) SystemInfo: free sram: 88235 minimal sram: 76051
I (2579221) SystemInfo: free sram: 88195 minimal sram: 76051
I (2589221) SystemInfo: free sram: 88235 minimal sram: 76051
I (2599221) SystemInfo: free sram: 88235 minimal sram: 76051
I (2609221) SystemInfo: free sram: 88235 minimal sram: 76051
I (2619221) SystemInfo: free sram: 88235 minimal sram: 76051
I (2629221) SystemInfo: free sram: 88235 minimal sram: 76051
I (2639221) SystemInfo: free sram: 88235 minimal sram: 76051
I (2649221) SystemInfo: free sram: 88235 minimal sram: 76051
I (2659221) SystemInfo: free sram: 88235 minimal sram: 76051
I (2669221) SystemInfo: free sram: 88235 minimal sram: 76051
I (2679221) SystemInfo: free sram: 88235 minimal sram: 76051
I (2689221) SystemInfo: free sram: 88195 minimal sram: 76051
I (2699221) SystemInfo: free sram: 88235 minimal sram: 76051
I (2709221) SystemInfo: free sram: 88227 minimal sram: 76051
I (2719221) SystemInfo: free sram: 88227 minimal sram: 76051
I (2729221) SystemInfo: free sram: 88227 minimal sram: 76051
I (2739221) SystemInfo: free sram: 88227 minimal sram: 76051
I (2749221) SystemInfo: free sram: 88227 minimal sram: 76051
I (2759221) SystemInfo: free sram: 88227 minimal sram: 76051
I (2769221) SystemInfo: free sram: 88227 minimal sram: 76051
I (2779221) SystemInfo: free sram: 88227 minimal sram: 76051
I (2789221) SystemInfo: free sram: 88227 minimal sram: 76051
I (2799221) SystemInfo: free sram: 88187 minimal sram: 76051
I (2809221) SystemInfo: free sram: 88227 minimal sram: 76051
I (2819221) SystemInfo: free sram: 88227 minimal sram: 76051
I (2829221) SystemInfo: free sram: 88227 minimal sram: 76051
I (2839221) SystemInfo: free sram: 88227 minimal sram: 76051
I (2849221) SystemInfo: free sram: 88227 minimal sram: 76051
I (2859221) SystemInfo: free sram: 88227 minimal sram: 76051
I (2869221) SystemInfo: free sram: 88187 minimal sram: 76051
I (2879221) SystemInfo: free sram: 88227 minimal sram: 76051
I (2889221) SystemInfo: free sram: 88227 minimal sram: 76051
I (2899221) SystemInfo: free sram: 88227 minimal sram: 76051
I (2909221) SystemInfo: free sram: 88187 minimal sram: 76051
I (2919221) SystemInfo: free sram: 88227 minimal sram: 76051
I (2929221) SystemInfo: free sram: 88227 minimal sram: 76051
I (2939221) SystemInfo: free sram: 88227 minimal sram: 76051
I (2949221) SystemInfo: free sram: 88227 minimal sram: 76051
I (2959221) SystemInfo: free sram: 88227 minimal sram: 76051
I (2969221) SystemInfo: free sram: 88227 minimal sram: 76051
I (2979221) SystemInfo: free sram: 88227 minimal sram: 76051
I (2989221) SystemInfo: free sram: 88227 minimal sram: 76051
I (2999221) SystemInfo: free sram: 88227 minimal sram: 76051
I (3009221) SystemInfo: free sram: 88227 minimal sram: 76051
I (3019221) SystemInfo: free sram: 88187 minimal sram: 76051
I (3029221) SystemInfo: free sram: 88227 minimal sram: 76051
I (3039221) SystemInfo: free sram: 88227 minimal sram: 76051
I (3049221) SystemInfo: free sram: 88227 minimal sram: 76051
I (3059221) SystemInfo: free sram: 88227 minimal sram: 76051
I (3069221) SystemInfo: free sram: 88227 minimal sram: 76051
I (3079221) SystemInfo: free sram: 88227 minimal sram: 76051
I (3089221) SystemInfo: free sram: 88227 minimal sram: 76051
I (3099221) SystemInfo: free sram: 88227 minimal sram: 76051
I (3109221) SystemInfo: free sram: 88227 minimal sram: 76051
I (3119221) SystemInfo: free sram: 88227 minimal sram: 76051
I (3129221) SystemInfo: free sram: 88187 minimal sram: 76051
I (3139221) SystemInfo: free sram: 88227 minimal sram: 76051
I (3149221) SystemInfo: free sram: 88227 minimal sram: 76051
I (3159221) SystemInfo: free sram: 88227 minimal sram: 76051
I (3169221) SystemInfo: free sram: 88227 minimal sram: 76051
I (3179221) SystemInfo: free sram: 88227 minimal sram: 76051
I (3189221) SystemInfo: free sram: 88227 minimal sram: 76051
I (3199221) SystemInfo: free sram: 88227 minimal sram: 76051
I (3209221) SystemInfo: free sram: 88227 minimal sram: 76051
I (3219221) SystemInfo: free sram: 88227 minimal sram: 76051
I (3229221) SystemInfo: free sram: 88227 minimal sram: 76051
I (3239221) SystemInfo: free sram: 88187 minimal sram: 76051
I (3249221) SystemInfo: free sram: 88227 minimal sram: 76051
I (3259221) SystemInfo: free sram: 88227 minimal sram: 76051
I (3269221) SystemInfo: free sram: 88227 minimal sram: 76051
I (3279221) SystemInfo: free sram: 88227 minimal sram: 76051
I (3289221) SystemInfo: free sram: 88227 minimal sram: 76051
I (3299221) SystemInfo: free sram: 88227 minimal sram: 76051
I (3309221) SystemInfo: free sram: 88227 minimal sram: 76051
I (3319221) SystemInfo: free sram: 88227 minimal sram: 76051
I (3329221) SystemInfo: free sram: 88227 minimal sram: 76051
I (3339221) SystemInfo: free sram: 88227 minimal sram: 76051
I (3349221) SystemInfo: free sram: 88187 minimal sram: 76051
I (3359221) SystemInfo: free sram: 88227 minimal sram: 76051
I (3369221) SystemInfo: free sram: 88227 minimal sram: 76051
I (3379221) SystemInfo: free sram: 88227 minimal sram: 76051
I (3389221) SystemInfo: free sram: 88227 minimal sram: 76051
I (3399221) SystemInfo: free sram: 88227 minimal sram: 76051
I (3409221) SystemInfo: free sram: 88227 minimal sram: 76051
I (3419221) SystemInfo: free sram: 88227 minimal sram: 76051
I (3429221) SystemInfo: free sram: 88227 minimal sram: 76051
I (3439221) SystemInfo: free sram: 88227 minimal sram: 76051
I (3449221) SystemInfo: free sram: 88227 minimal sram: 76051
I (3459221) SystemInfo: free sram: 88187 minimal sram: 76051
I (3469221) SystemInfo: free sram: 88227 minimal sram: 76051
I (3479221) SystemInfo: free sram: 88227 minimal sram: 76051
I (3489221) SystemInfo: free sram: 88227 minimal sram: 76051
I (3499221) SystemInfo: free sram: 88227 minimal sram: 76051
I (3509221) SystemInfo: free sram: 88187 minimal sram: 76051
I (3519221) SystemInfo: free sram: 88227 minimal sram: 76051
I (3529221) SystemInfo: free sram: 88227 minimal sram: 76051
I (3539221) SystemInfo: free sram: 88227 minimal sram: 76051
I (3549221) SystemInfo: free sram: 88227 minimal sram: 76051
I (3559221) SystemInfo: free sram: 88227 minimal sram: 76051
I (3569221) SystemInfo: free sram: 88187 minimal sram: 76051
I (3579221) SystemInfo: free sram: 88227 minimal sram: 76051
I (3589221) SystemInfo: free sram: 88227 minimal sram: 76051
I (3599221) SystemInfo: free sram: 88227 minimal sram: 76051
I (3609221) SystemInfo: free sram: 88227 minimal sram: 76051
I (3619221) SystemInfo: free sram: 88227 minimal sram: 76051
I (3629221) SystemInfo: free sram: 88227 minimal sram: 76051
I (3639221) SystemInfo: free sram: 88227 minimal sram: 76051
I (3649221) SystemInfo: free sram: 88227 minimal sram: 76051
I (3659221) SystemInfo: free sram: 88227 minimal sram: 76051
I (3669221) SystemInfo: free sram: 88227 minimal sram: 76051
I (3679221) SystemInfo: free sram: 88187 minimal sram: 76051
I (3689221) SystemInfo: free sram: 88227 minimal sram: 76051
I (3699221) SystemInfo: free sram: 88227 minimal sram: 76051
I (3709221) SystemInfo: free sram: 88227 minimal sram: 76051
I (3719221) SystemInfo: free sram: 88227 minimal sram: 76051
I (3729221) SystemInfo: free sram: 88227 minimal sram: 76051
I (3739221) SystemInfo: free sram: 88227 minimal sram: 76051
I (3749221) SystemInfo: free sram: 88227 minimal sram: 76051
I (3759221) SystemInfo: free sram: 88227 minimal sram: 76051
I (3769221) SystemInfo: free sram: 88227 minimal sram: 76051
I (3779221) SystemInfo: free sram: 88227 minimal sram: 76051
I (3789221) SystemInfo: free sram: 88187 minimal sram: 76051
I (3799221) SystemInfo: free sram: 88227 minimal sram: 76051
I (3809221) SystemInfo: free sram: 88227 minimal sram: 76051
I (3819221) SystemInfo: free sram: 88227 minimal sram: 76051
I (3829221) SystemInfo: free sram: 88227 minimal sram: 76051
I (3839221) SystemInfo: free sram: 88227 minimal sram: 76051
I (3849221) SystemInfo: free sram: 88227 minimal sram: 76051
I (3859221) SystemInfo: free sram: 88227 minimal sram: 76051
I (3869221) SystemInfo: free sram: 88227 minimal sram: 76051
I (3879221) SystemInfo: free sram: 88227 minimal sram: 76051
I (3889221) SystemInfo: free sram: 88227 minimal sram: 76051
I (3899221) SystemInfo: free sram: 88187 minimal sram: 76051
I (3909221) SystemInfo: free sram: 88227 minimal sram: 76051
I (3919221) SystemInfo: free sram: 88227 minimal sram: 76051
I (3929221) SystemInfo: free sram: 88227 minimal sram: 76051
I (3939221) SystemInfo: free sram: 88227 minimal sram: 76051
I (3949221) SystemInfo: free sram: 88227 minimal sram: 76051
I (3959221) SystemInfo: free sram: 88227 minimal sram: 76051
I (3969221) SystemInfo: free sram: 88227 minimal sram: 76051
I (3979221) SystemInfo: free sram: 88227 minimal sram: 76051
I (3989221) SystemInfo: free sram: 88227 minimal sram: 76051
I (3999221) SystemInfo: free sram: 88227 minimal sram: 76051
I (4009221) SystemInfo: free sram: 88187 minimal sram: 76051
I (4019221) SystemInfo: free sram: 88227 minimal sram: 76051
I (4029221) SystemInfo: free sram: 88227 minimal sram: 76051
I (4039221) SystemInfo: free sram: 88227 minimal sram: 76051
I (4049221) SystemInfo: free sram: 88227 minimal sram: 76051
I (4059221) SystemInfo: free sram: 88227 minimal sram: 76051
I (4069221) SystemInfo: free sram: 88227 minimal sram: 76051
I (4079221) SystemInfo: free sram: 88227 minimal sram: 76051
I (4089221) SystemInfo: free sram: 88227 minimal sram: 76051
I (4099221) SystemInfo: free sram: 88227 minimal sram: 76051
I (4109221) SystemInfo: free sram: 88227 minimal sram: 76051
I (4119221) SystemInfo: free sram: 88187 minimal sram: 76051
I (4129221) SystemInfo: free sram: 88227 minimal sram: 76051
I (4139221) SystemInfo: free sram: 88227 minimal sram: 76051
I (4149221) SystemInfo: free sram: 88187 minimal sram: 76051
I (4159221) SystemInfo: free sram: 88227 minimal sram: 76051
I (4169221) SystemInfo: free sram: 88227 minimal sram: 76051
I (4179221) SystemInfo: free sram: 88227 minimal sram: 76051
I (4189221) SystemInfo: free sram: 88227 minimal sram: 76051
I (4199221) SystemInfo: free sram: 88227 minimal sram: 76051
I (4209221) SystemInfo: free sram: 88227 minimal sram: 76051
I (4219221) SystemInfo: free sram: 88227 minimal sram: 76051
I (4229221) SystemInfo: free sram: 88187 minimal sram: 76051
I (4239221) SystemInfo: free sram: 88227 minimal sram: 76051
I (4249221) SystemInfo: free sram: 88227 minimal sram: 76051
I (4259221) SystemInfo: free sram: 88227 minimal sram: 76051
I (4269221) SystemInfo: free sram: 88227 minimal sram: 76051
I (4279221) SystemInfo: free sram: 88227 minimal sram: 76051
I (4289221) SystemInfo: free sram: 88227 minimal sram: 76051
I (4299221) SystemInfo: free sram: 88227 minimal sram: 76051
I (4309221) SystemInfo: free sram: 88227 minimal sram: 76051
I (4319221) SystemInfo: free sram: 88227 minimal sram: 76051
I (4329221) SystemInfo: free sram: 88227 minimal sram: 76051
I (4339221) SystemInfo: free sram: 88187 minimal sram: 76051
I (4349221) SystemInfo: free sram: 88227 minimal sram: 76051
I (4359221) SystemInfo: free sram: 88227 minimal sram: 76051
I (4369221) SystemInfo: free sram: 88227 minimal sram: 76051
I (4379221) SystemInfo: free sram: 88227 minimal sram: 76051
I (4389221) SystemInfo: free sram: 88227 minimal sram: 76051
I (4399221) SystemInfo: free sram: 88227 minimal sram: 76051
I (4409221) SystemInfo: free sram: 88227 minimal sram: 76051
I (4419221) SystemInfo: free sram: 88227 minimal sram: 76051
I (4429221) SystemInfo: free sram: 88227 minimal sram: 76051
I (4439221) SystemInfo: free sram: 88227 minimal sram: 76051
I (4449221) SystemInfo: free sram: 88187 minimal sram: 76051
I (4459221) SystemInfo: free sram: 88227 minimal sram: 76051
I (4469221) SystemInfo: free sram: 88227 minimal sram: 76051
I (4479221) SystemInfo: free sram: 88227 minimal sram: 76051
I (4489221) SystemInfo: free sram: 88187 minimal sram: 76051
I (4499221) SystemInfo: free sram: 88227 minimal sram: 76051
I (4509221) SystemInfo: free sram: 88227 minimal sram: 76051
I (4519221) SystemInfo: free sram: 88227 minimal sram: 76051
I (4529221) SystemInfo: free sram: 88227 minimal sram: 76051
I (4539221) SystemInfo: free sram: 88227 minimal sram: 76051
I (4549221) SystemInfo: free sram: 88227 minimal sram: 76051
I (4559221) SystemInfo: free sram: 88187 minimal sram: 76051
I (4569221) SystemInfo: free sram: 88227 minimal sram: 76051
I (4579221) SystemInfo: free sram: 88227 minimal sram: 76051
I (4589221) SystemInfo: free sram: 88227 minimal sram: 76051
I (4599221) SystemInfo: free sram: 88227 minimal sram: 76051
I (4609221) SystemInfo: free sram: 88227 minimal sram: 76051
I (4619221) SystemInfo: free sram: 88227 minimal sram: 76051
I (4629221) SystemInfo: free sram: 88227 minimal sram: 76051
I (4639221) SystemInfo: free sram: 88227 minimal sram: 76051
I (4649221) SystemInfo: free sram: 88227 minimal sram: 76051
I (4659221) SystemInfo: free sram: 88227 minimal sram: 76051
I (4669221) SystemInfo: free sram: 88187 minimal sram: 76051
I (4679221) SystemInfo: free sram: 88227 minimal sram: 76051
I (4689221) SystemInfo: free sram: 88227 minimal sram: 76051
I (4699221) SystemInfo: free sram: 88227 minimal sram: 76051
I (4709221) SystemInfo: free sram: 88227 minimal sram: 76051
I (4719221) SystemInfo: free sram: 88227 minimal sram: 76051
I (4729221) SystemInfo: free sram: 88227 minimal sram: 76051
I (4739221) SystemInfo: free sram: 88227 minimal sram: 76051
I (4749221) SystemInfo: free sram: 88227 minimal sram: 76051
I (4759221) SystemInfo: free sram: 88227 minimal sram: 76051
I (4769221) SystemInfo: free sram: 88227 minimal sram: 76051
I (4779221) SystemInfo: free sram: 88187 minimal sram: 76051
I (4789221) SystemInfo: free sram: 88187 minimal sram: 76051
I (4799221) SystemInfo: free sram: 88227 minimal sram: 76051
I (4809221) SystemInfo: free sram: 88227 minimal sram: 76051
I (4819221) SystemInfo: free sram: 88227 minimal sram: 76051
I (4829221) SystemInfo: free sram: 88227 minimal sram: 76051
I (4839221) SystemInfo: free sram: 88227 minimal sram: 76051
I (4849221) SystemInfo: free sram: 88227 minimal sram: 76051
I (4859221) SystemInfo: free sram: 88227 minimal sram: 76051
I (4869221) SystemInfo: free sram: 88227 minimal sram: 76051
I (4879221) SystemInfo: free sram: 88227 minimal sram: 76051
I (4889221) SystemInfo: free sram: 88187 minimal sram: 76051
I (4899221) SystemInfo: free sram: 88227 minimal sram: 76051
I (4909221) SystemInfo: free sram: 88227 minimal sram: 76051
I (4919221) SystemInfo: free sram: 88227 minimal sram: 76051
I (4929221) SystemInfo: free sram: 88227 minimal sram: 76051
I (4939221) SystemInfo: free sram: 88227 minimal sram: 76051
I (4949221) SystemInfo: free sram: 88227 minimal sram: 76051
I (4959221) SystemInfo: free sram: 88227 minimal sram: 76051
I (4969221) SystemInfo: free sram: 88227 minimal sram: 76051
I (4979221) SystemInfo: free sram: 88227 minimal sram: 76051
I (4989221) SystemInfo: free sram: 88227 minimal sram: 76051
I (4999221) SystemInfo: free sram: 88187 minimal sram: 76051
I (5009221) SystemInfo: free sram: 88227 minimal sram: 76051
I (5019221) SystemInfo: free sram: 88227 minimal sram: 76051
I (5029221) SystemInfo: free sram: 88227 minimal sram: 76051
I (5039221) SystemInfo: free sram: 88227 minimal sram: 76051
I (5049221) SystemInfo: free sram: 88227 minimal sram: 76051
I (5059221) SystemInfo: free sram: 88227 minimal sram: 76051
I (5069221) SystemInfo: free sram: 88227 minimal sram: 76051
I (5079221) SystemInfo: free sram: 88227 minimal sram: 76051
I (5089221) SystemInfo: free sram: 88227 minimal sram: 76051
I (5099221) SystemInfo: free sram: 88227 minimal sram: 76051
I (5109221) SystemInfo: free sram: 88187 minimal sram: 76051
I (5119221) SystemInfo: free sram: 88227 minimal sram: 76051
I (5129221) SystemInfo: free sram: 88227 minimal sram: 76051
I (5139221) SystemInfo: free sram: 88227 minimal sram: 76051
I (5149221) SystemInfo: free sram: 88227 minimal sram: 76051
I (5159221) SystemInfo: free sram: 88227 minimal sram: 76051
I (5169221) SystemInfo: free sram: 88227 minimal sram: 76051
I (5179221) SystemInfo: free sram: 88227 minimal sram: 76051
I (5189221) SystemInfo: free sram: 88227 minimal sram: 76051
I (5199221) SystemInfo: free sram: 88227 minimal sram: 76051
I (5209221) SystemInfo: free sram: 88227 minimal sram: 76051
I (5219221) SystemInfo: free sram: 88187 minimal sram: 76051
I (5229221) SystemInfo: free sram: 88227 minimal sram: 76051
I (5239221) SystemInfo: free sram: 88227 minimal sram: 76051
I (5249221) SystemInfo: free sram: 88227 minimal sram: 76051
I (5259221) SystemInfo: free sram: 88227 minimal sram: 76051
I (5269221) SystemInfo: free sram: 88227 minimal sram: 76051
I (5279221) SystemInfo: free sram: 88227 minimal sram: 76051
I (5289221) SystemInfo: free sram: 88227 minimal sram: 76051
I (5299221) SystemInfo: free sram: 88227 minimal sram: 76051
I (5309221) SystemInfo: free sram: 88227 minimal sram: 76051
I (5319221) SystemInfo: free sram: 88227 minimal sram: 76051
I (5329221) SystemInfo: free sram: 88187 minimal sram: 76051
I (5339221) SystemInfo: free sram: 88227 minimal sram: 76051
I (5349221) SystemInfo: free sram: 88227 minimal sram: 76051
I (5359221) SystemInfo: free sram: 88227 minimal sram: 76051
I (5369221) SystemInfo: free sram: 88227 minimal sram: 76051
I (5379221) SystemInfo: free sram: 88227 minimal sram: 76051
I (5389221) SystemInfo: free sram: 88227 minimal sram: 76051
I (5399221) SystemInfo: free sram: 88227 minimal sram: 76051
I (5409221) SystemInfo: free sram: 88227 minimal sram: 76051
I (5419221) SystemInfo: free sram: 88227 minimal sram: 76051
I (5429221) SystemInfo: free sram: 88187 minimal sram: 76051
I (5439221) SystemInfo: free sram: 88187 minimal sram: 76051
I (5449221) SystemInfo: free sram: 88227 minimal sram: 76051
I (5459221) SystemInfo: free sram: 88227 minimal sram: 76051
I (5469221) SystemInfo: free sram: 88227 minimal sram: 76051
I (5479221) SystemInfo: free sram: 88227 minimal sram: 76051
I (5489221) SystemInfo: free sram: 88227 minimal sram: 76051
I (5499221) SystemInfo: free sram: 88227 minimal sram: 76051
I (5509221) SystemInfo: free sram: 88227 minimal sram: 76051
I (5519221) SystemInfo: free sram: 88227 minimal sram: 76051
I (5529221) SystemInfo: free sram: 88227 minimal sram: 76051
I (5539221) SystemInfo: free sram: 88227 minimal sram: 76051
I (5549221) SystemInfo: free sram: 88187 minimal sram: 76051
I (5559221) SystemInfo: free sram: 88227 minimal sram: 76051
I (5569221) SystemInfo: free sram: 88227 minimal sram: 76051
I (5579221) SystemInfo: free sram: 88227 minimal sram: 76051
I (5589221) SystemInfo: free sram: 88227 minimal sram: 76051
I (5599221) SystemInfo: free sram: 88227 minimal sram: 76051
I (5609221) SystemInfo: free sram: 88227 minimal sram: 76051
I (5619221) SystemInfo: free sram: 88227 minimal sram: 76051
I (5629221) SystemInfo: free sram: 88227 minimal sram: 76051
I (5639221) SystemInfo: free sram: 88227 minimal sram: 76051
I (5649221) SystemInfo: free sram: 88227 minimal sram: 76051
I (5659221) SystemInfo: free sram: 88187 minimal sram: 76051
I (5669221) SystemInfo: free sram: 88227 minimal sram: 76051
I (5679221) SystemInfo: free sram: 88227 minimal sram: 76051
I (5689221) SystemInfo: free sram: 88227 minimal sram: 76051
I (5699221) SystemInfo: free sram: 88227 minimal sram: 76051
I (5709221) SystemInfo: free sram: 88227 minimal sram: 76051
I (5719221) SystemInfo: free sram: 88227 minimal sram: 76051
I (5729221) SystemInfo: free sram: 88227 minimal sram: 76051
I (5739221) SystemInfo: free sram: 88227 minimal sram: 76051
I (5749221) SystemInfo: free sram: 88227 minimal sram: 76051
I (5759221) SystemInfo: free sram: 88227 minimal sram: 76051
I (5769221) SystemInfo: free sram: 88187 minimal sram: 76051
I (5779221) SystemInfo: free sram: 88227 minimal sram: 76051
I (5789221) SystemInfo: free sram: 88227 minimal sram: 76051
I (5799221) SystemInfo: free sram: 88227 minimal sram: 76051
I (5809221) SystemInfo: free sram: 88227 minimal sram: 76051
I (5819221) SystemInfo: free sram: 88227 minimal sram: 76051
I (5829221) SystemInfo: free sram: 88227 minimal sram: 76051
I (5839221) SystemInfo: free sram: 88227 minimal sram: 76051
I (5849221) SystemInfo: free sram: 88227 minimal sram: 76051
I (5859221) SystemInfo: free sram: 88227 minimal sram: 76051
I (5869221) SystemInfo: free sram: 88227 minimal sram: 76051
I (5879221) SystemInfo: free sram: 88187 minimal sram: 76051
I (5889221) SystemInfo: free sram: 88227 minimal sram: 76051
I (5899221) SystemInfo: free sram: 88227 minimal sram: 76051
I (5909221) SystemInfo: free sram: 88227 minimal sram: 76051
I (5919221) SystemInfo: free sram: 88227 minimal sram: 76051
I (5929221) SystemInfo: free sram: 88227 minimal sram: 76051
I (5939221) SystemInfo: free sram: 88227 minimal sram: 76051
I (5949221) SystemInfo: free sram: 88227 minimal sram: 76051
I (5959221) SystemInfo: free sram: 88227 minimal sram: 76051
I (5969221) SystemInfo: free sram: 88227 minimal sram: 76051
I (5979221) SystemInfo: free sram: 88227 minimal sram: 76051
I (5989221) SystemInfo: free sram: 88187 minimal sram: 76051
I (5999221) SystemInfo: free sram: 88227 minimal sram: 76051
I (6009221) SystemInfo: free sram: 88227 minimal sram: 76051
I (6019221) SystemInfo: free sram: 88227 minimal sram: 76051
I (6029221) SystemInfo: free sram: 88227 minimal sram: 76051
I (6039221) SystemInfo: free sram: 88227 minimal sram: 76051
I (6049221) SystemInfo: free sram: 88227 minimal sram: 76051
I (6059221) SystemInfo: free sram: 88227 minimal sram: 76051
I (6069221) SystemInfo: free sram: 88187 minimal sram: 76051
I (6079221) SystemInfo: free sram: 88227 minimal sram: 76051
I (6089221) SystemInfo: free sram: 88227 minimal sram: 76051
I (6099221) SystemInfo: free sram: 88187 minimal sram: 76051
I (6109221) SystemInfo: free sram: 88227 minimal sram: 76051
I (6119221) SystemInfo: free sram: 88227 minimal sram: 76051
I (6129221) SystemInfo: free sram: 88227 minimal sram: 76051
I (6139221) SystemInfo: free sram: 88227 minimal sram: 76051
I (6149221) SystemInfo: free sram: 88227 minimal sram: 76051
I (6159221) SystemInfo: free sram: 88227 minimal sram: 76051
I (6169221) SystemInfo: free sram: 88227 minimal sram: 76051
I (6179221) SystemInfo: free sram: 88227 minimal sram: 76051
I (6189221) SystemInfo: free sram: 88227 minimal sram: 76051
I (6199221) SystemInfo: free sram: 88227 minimal sram: 76051
I (6209221) SystemInfo: free sram: 88187 minimal sram: 76051
I (6219221) SystemInfo: free sram: 88227 minimal sram: 76051
I (6229221) SystemInfo: free sram: 88227 minimal sram: 76051
I (6239221) SystemInfo: free sram: 88227 minimal sram: 76051
I (6249221) SystemInfo: free sram: 88227 minimal sram: 76051
I (6259221) SystemInfo: free sram: 88227 minimal sram: 76051
I (6269221) SystemInfo: free sram: 88227 minimal sram: 76051
I (6279221) SystemInfo: free sram: 88227 minimal sram: 76051
I (6289221) SystemInfo: free sram: 88227 minimal sram: 76051
I (6299221) SystemInfo: free sram: 88227 minimal sram: 76051
I (6309221) SystemInfo: free sram: 88227 minimal sram: 76051
I (6319221) SystemInfo: free sram: 88187 minimal sram: 76051
I (6329221) SystemInfo: free sram: 88227 minimal sram: 76051
I (6339221) SystemInfo: free sram: 88227 minimal sram: 76051
I (6349221) SystemInfo: free sram: 88227 minimal sram: 76051
I (6359221) SystemInfo: free sram: 88227 minimal sram: 76051
I (6369221) SystemInfo: free sram: 88227 minimal sram: 76051
I (6379221) SystemInfo: free sram: 88227 minimal sram: 76051
I (6389221) SystemInfo: free sram: 88227 minimal sram: 76051
I (6399221) SystemInfo: free sram: 88227 minimal sram: 76051
I (6409221) SystemInfo: free sram: 88227 minimal sram: 76051
I (6419221) SystemInfo: free sram: 88227 minimal sram: 76051
I (6429221) SystemInfo: free sram: 88187 minimal sram: 76051
I (6439221) SystemInfo: free sram: 88227 minimal sram: 76051
I (6449221) SystemInfo: free sram: 88227 minimal sram: 76051
I (6459221) SystemInfo: free sram: 88227 minimal sram: 76051
I (6469221) SystemInfo: free sram: 88227 minimal sram: 76051
I (6479221) SystemInfo: free sram: 88227 minimal sram: 76051
I (6489221) SystemInfo: free sram: 88227 minimal sram: 76051
I (6499221) SystemInfo: free sram: 88227 minimal sram: 76051
I (6509221) SystemInfo: free sram: 88227 minimal sram: 76051
I (6519221) SystemInfo: free sram: 88227 minimal sram: 76051
I (6529221) SystemInfo: free sram: 88227 minimal sram: 76051
I (6539221) SystemInfo: free sram: 88187 minimal sram: 76051
I (6549221) SystemInfo: free sram: 88227 minimal sram: 76051
I (6559221) SystemInfo: free sram: 88227 minimal sram: 76051
I (6569221) SystemInfo: free sram: 88227 minimal sram: 76051
I (6579221) SystemInfo: free sram: 88227 minimal sram: 76051
I (6589221) SystemInfo: free sram: 88227 minimal sram: 76051
I (6599221) SystemInfo: free sram: 88227 minimal sram: 76051
I (6609221) SystemInfo: free sram: 88227 minimal sram: 76051
I (6619221) SystemInfo: free sram: 88227 minimal sram: 76051
I (6629221) SystemInfo: free sram: 88227 minimal sram: 76051
I (6639221) SystemInfo: free sram: 88227 minimal sram: 76051
I (6649221) SystemInfo: free sram: 88187 minimal sram: 76051
I (6659221) SystemInfo: free sram: 88227 minimal sram: 76051
I (6669221) SystemInfo: free sram: 88227 minimal sram: 76051
I (6679221) SystemInfo: free sram: 88227 minimal sram: 76051
I (6689221) SystemInfo: free sram: 88227 minimal sram: 76051
I (6699221) SystemInfo: free sram: 88227 minimal sram: 76051
I (6709221) SystemInfo: free sram: 88187 minimal sram: 76051
I (6719221) SystemInfo: free sram: 88227 minimal sram: 76051
I (6729221) SystemInfo: free sram: 88227 minimal sram: 76051
I (6739221) SystemInfo: free sram: 88227 minimal sram: 76051
I (6749221) SystemInfo: free sram: 88227 minimal sram: 76051
I (6759221) SystemInfo: free sram: 88187 minimal sram: 76051
I (6769221) SystemInfo: free sram: 88227 minimal sram: 76051
I (6779221) SystemInfo: free sram: 88227 minimal sram: 76051
I (6789221) SystemInfo: free sram: 88227 minimal sram: 76051
I (6799221) SystemInfo: free sram: 88227 minimal sram: 76051
I (6809221) SystemInfo: free sram: 88227 minimal sram: 76051
I (6819221) SystemInfo: free sram: 88227 minimal sram: 76051
I (6829221) SystemInfo: free sram: 88227 minimal sram: 76051
I (6839221) SystemInfo: free sram: 88227 minimal sram: 76051
I (6849221) SystemInfo: free sram: 88227 minimal sram: 76051
I (6859221) SystemInfo: free sram: 88227 minimal sram: 76051
I (6869221) SystemInfo: free sram: 88187 minimal sram: 76051
I (6879221) SystemInfo: free sram: 88227 minimal sram: 76051
I (6889221) SystemInfo: free sram: 88227 minimal sram: 76051
I (6899221) SystemInfo: free sram: 88227 minimal sram: 76051
I (6909221) SystemInfo: free sram: 88227 minimal sram: 76051
I (6919221) SystemInfo: free sram: 88227 minimal sram: 76051
I (6929221) SystemInfo: free sram: 88227 minimal sram: 76051
I (6939221) SystemInfo: free sram: 88227 minimal sram: 76051
I (6949221) SystemInfo: free sram: 88227 minimal sram: 76051
I (6959221) SystemInfo: free sram: 88227 minimal sram: 76051
I (6969221) SystemInfo: free sram: 88227 minimal sram: 76051
I (6979221) SystemInfo: free sram: 88187 minimal sram: 76051
I (6989221) SystemInfo: free sram: 88227 minimal sram: 76051
I (6999221) SystemInfo: free sram: 88227 minimal sram: 76051
I (7009221) SystemInfo: free sram: 88227 minimal sram: 76051
I (7019221) SystemInfo: free sram: 88227 minimal sram: 76051
I (7029221) SystemInfo: free sram: 88227 minimal sram: 76051
I (7039221) SystemInfo: free sram: 88227 minimal sram: 76051
I (7049221) SystemInfo: free sram: 88227 minimal sram: 76051
I (7059221) SystemInfo: free sram: 88227 minimal sram: 76051
I (7069221) SystemInfo: free sram: 88227 minimal sram: 76051
I (7079221) SystemInfo: free sram: 88227 minimal sram: 76051
I (7089221) SystemInfo: free sram: 88187 minimal sram: 76051
I (7099221) SystemInfo: free sram: 88227 minimal sram: 76051
I (7109221) SystemInfo: free sram: 88227 minimal sram: 76051
I (7119221) SystemInfo: free sram: 88227 minimal sram: 76051
I (7129221) SystemInfo: free sram: 88227 minimal sram: 76051
I (7139221) SystemInfo: free sram: 88227 minimal sram: 76051
I (7149221) SystemInfo: free sram: 88227 minimal sram: 76051
I (7159221) SystemInfo: free sram: 88227 minimal sram: 76051
I (7169221) SystemInfo: free sram: 88227 minimal sram: 76051
I (7179221) SystemInfo: free sram: 88227 minimal sram: 76051
I (7189221) SystemInfo: free sram: 88227 minimal sram: 76051
I (7199221) SystemInfo: free sram: 88187 minimal sram: 76051
I (7209221) SystemInfo: free sram: 88227 minimal sram: 76051
I (7219221) SystemInfo: free sram: 88227 minimal sram: 76051
I (7229221) SystemInfo: free sram: 88227 minimal sram: 76051
I (7239221) SystemInfo: free sram: 88227 minimal sram: 76051
I (7249221) SystemInfo: free sram: 88227 minimal sram: 76051
I (7259221) SystemInfo: free sram: 88227 minimal sram: 76051
I (7269221) SystemInfo: free sram: 88227 minimal sram: 76051
I (7279221) SystemInfo: free sram: 88227 minimal sram: 76051
I (7289221) SystemInfo: free sram: 88227 minimal sram: 76051
I (7299221) SystemInfo: free sram: 88227 minimal sram: 76051
I (7309221) SystemInfo: free sram: 88187 minimal sram: 76051
I (7319221) SystemInfo: free sram: 88227 minimal sram: 76051
I (7329221) SystemInfo: free sram: 88227 minimal sram: 76051
I (7339221) SystemInfo: free sram: 88227 minimal sram: 76051
I (7349221) SystemInfo: free sram: 88187 minimal sram: 76051
I (7359221) SystemInfo: free sram: 88227 minimal sram: 76051
I (7369221) SystemInfo: free sram: 88227 minimal sram: 76051
I (7379221) SystemInfo: free sram: 88227 minimal sram: 76051
I (7389221) SystemInfo: free sram: 88227 minimal sram: 76051
I (7399221) SystemInfo: free sram: 88227 minimal sram: 76051
I (7409221) SystemInfo: free sram: 88227 minimal sram: 76051
I (7419221) SystemInfo: free sram: 88187 minimal sram: 76051
I (7429221) SystemInfo: free sram: 88227 minimal sram: 76051
I (7439221) SystemInfo: free sram: 88227 minimal sram: 76051
I (7449221) SystemInfo: free sram: 88227 minimal sram: 76051
I (7459221) SystemInfo: free sram: 88227 minimal sram: 76051
I (7469221) SystemInfo: free sram: 88227 minimal sram: 76051
I (7479221) SystemInfo: free sram: 88227 minimal sram: 76051
I (7489221) SystemInfo: free sram: 88227 minimal sram: 76051
I (7499221) SystemInfo: free sram: 88227 minimal sram: 76051
I (7509221) SystemInfo: free sram: 88227 minimal sram: 76051
I (7519221) SystemInfo: free sram: 88227 minimal sram: 76051
I (7529221) SystemInfo: free sram: 88187 minimal sram: 76051
I (7539221) SystemInfo: free sram: 88227 minimal sram: 76051
I (7549221) SystemInfo: free sram: 88227 minimal sram: 76051
I (7559221) SystemInfo: free sram: 88227 minimal sram: 76051
I (7569221) SystemInfo: free sram: 88227 minimal sram: 76051
I (7579221) SystemInfo: free sram: 88227 minimal sram: 76051
I (7589221) SystemInfo: free sram: 88227 minimal sram: 76051
I (7599221) SystemInfo: free sram: 88227 minimal sram: 76051
I (7609221) SystemInfo: free sram: 88227 minimal sram: 76051
I (7619221) SystemInfo: free sram: 88227 minimal sram: 76051
I (7629221) SystemInfo: free sram: 88227 minimal sram: 76051
I (7639221) SystemInfo: free sram: 88187 minimal sram: 76051
I (7649221) SystemInfo: free sram: 88227 minimal sram: 76051
I (7659221) SystemInfo: free sram: 88227 minimal sram: 76051
I (7669221) SystemInfo: free sram: 88227 minimal sram: 76051
I (7679221) SystemInfo: free sram: 88227 minimal sram: 76051
I (7689221) SystemInfo: free sram: 88227 minimal sram: 76051
I (7699221) SystemInfo: free sram: 88227 minimal sram: 76051
I (7709221) SystemInfo: free sram: 88227 minimal sram: 76051
I (7719221) SystemInfo: free sram: 88227 minimal sram: 76051
I (7729221) SystemInfo: free sram: 88227 minimal sram: 76051
I (7739221) SystemInfo: free sram: 88227 minimal sram: 76051
I (7749221) SystemInfo: free sram: 88187 minimal sram: 76051
I (7759221) SystemInfo: free sram: 88227 minimal sram: 76051
I (7769221) SystemInfo: free sram: 88227 minimal sram: 76051
I (7779221) SystemInfo: free sram: 88227 minimal sram: 76051
I (7789221) SystemInfo: free sram: 88227 minimal sram: 76051
I (7799221) SystemInfo: free sram: 88227 minimal sram: 76051
I (7809221) SystemInfo: free sram: 88227 minimal sram: 76051
I (7819221) SystemInfo: free sram: 88227 minimal sram: 76051
I (7829221) SystemInfo: free sram: 88227 minimal sram: 76051
I (7839221) SystemInfo: free sram: 88227 minimal sram: 76051
I (7849221) SystemInfo: free sram: 88227 minimal sram: 76051
I (7859221) SystemInfo: free sram: 88187 minimal sram: 76051
I (7869221) SystemInfo: free sram: 88227 minimal sram: 76051
I (7879221) SystemInfo: free sram: 88227 minimal sram: 76051
I (7889221) SystemInfo: free sram: 88227 minimal sram: 76051
I (7899221) SystemInfo: free sram: 88227 minimal sram: 76051
I (7909221) SystemInfo: free sram: 88227 minimal sram: 76051
I (7919221) SystemInfo: free sram: 88227 minimal sram: 76051
I (7929221) SystemInfo: free sram: 88227 minimal sram: 76051
I (7939221) SystemInfo: free sram: 88227 minimal sram: 76051
I (7949221) SystemInfo: free sram: 88227 minimal sram: 76051
I (7959221) SystemInfo: free sram: 88227 minimal sram: 76051
I (7969221) SystemInfo: free sram: 88187 minimal sram: 76051
I (7979221) SystemInfo: free sram: 88227 minimal sram: 76051
I (7989221) SystemInfo: free sram: 88187 minimal sram: 76051
I (7999221) SystemInfo: free sram: 88227 minimal sram: 76051
I (8009221) SystemInfo: free sram: 88227 minimal sram: 76051
I (8019221) SystemInfo: free sram: 88227 minimal sram: 76051
I (8029221) SystemInfo: free sram: 88227 minimal sram: 76051
I (8039221) SystemInfo: free sram: 88227 minimal sram: 76051
I (8049221) SystemInfo: free sram: 88227 minimal sram: 76051
I (8059221) SystemInfo: free sram: 88227 minimal sram: 76051
I (8069221) SystemInfo: free sram: 88227 minimal sram: 76051
I (8079221) SystemInfo: free sram: 88187 minimal sram: 76051
I (8089221) SystemInfo: free sram: 88227 minimal sram: 76051
I (8099221) SystemInfo: free sram: 88227 minimal sram: 76051
I (8109221) SystemInfo: free sram: 88227 minimal sram: 76051
I (8119221) SystemInfo: free sram: 88227 minimal sram: 76051
I (8129221) SystemInfo: free sram: 88227 minimal sram: 76051
I (8139221) SystemInfo: free sram: 88227 minimal sram: 76051
I (8149221) SystemInfo: free sram: 88227 minimal sram: 76051
I (8159221) SystemInfo: free sram: 88227 minimal sram: 76051
I (8169221) SystemInfo: free sram: 88227 minimal sram: 76051
I (8179221) SystemInfo: free sram: 88227 minimal sram: 76051
I (8189221) SystemInfo: free sram: 88187 minimal sram: 76051
I (8199221) SystemInfo: free sram: 88227 minimal sram: 76051
I (8209221) SystemInfo: free sram: 88227 minimal sram: 76051
I (8219221) SystemInfo: free sram: 88227 minimal sram: 76051
I (8229221) SystemInfo: free sram: 88227 minimal sram: 76051
I (8239221) SystemInfo: free sram: 88227 minimal sram: 76051
I (8249221) SystemInfo: free sram: 88227 minimal sram: 76051
I (8259221) SystemInfo: free sram: 88227 minimal sram: 76051
I (8269221) SystemInfo: free sram: 88227 minimal sram: 76051
I (8279221) SystemInfo: free sram: 88227 minimal sram: 76051
I (8289221) SystemInfo: free sram: 88227 minimal sram: 76051
I (8299221) SystemInfo: free sram: 88187 minimal sram: 76051
I (8309221) SystemInfo: free sram: 88227 minimal sram: 76051
I (8319221) SystemInfo: free sram: 88227 minimal sram: 76051
I (8329221) SystemInfo: free sram: 88227 minimal sram: 76051
I (8339221) SystemInfo: free sram: 88227 minimal sram: 76051
I (8349221) SystemInfo: free sram: 88227 minimal sram: 76051
I (8359221) SystemInfo: free sram: 88227 minimal sram: 76051
I (8369221) SystemInfo: free sram: 88227 minimal sram: 76051
I (8379221) SystemInfo: free sram: 88227 minimal sram: 76051
I (8389221) SystemInfo: free sram: 88227 minimal sram: 76051
I (8399221) SystemInfo: free sram: 88227 minimal sram: 76051
I (8409221) SystemInfo: free sram: 88187 minimal sram: 76051
I (8419221) SystemInfo: free sram: 88227 minimal sram: 76051
I (8429221) SystemInfo: free sram: 88227 minimal sram: 76051
I (8439221) SystemInfo: free sram: 88227 minimal sram: 76051
I (8449221) SystemInfo: free sram: 88227 minimal sram: 76051
I (8459221) SystemInfo: free sram: 88227 minimal sram: 76051
I (8469221) SystemInfo: free sram: 88227 minimal sram: 76051
I (8479221) SystemInfo: free sram: 88227 minimal sram: 76051
I (8489221) SystemInfo: free sram: 88227 minimal sram: 76051
I (8499221) SystemInfo: free sram: 88187 minimal sram: 76051
I (8509221) SystemInfo: free sram: 88227 minimal sram: 76051
I (8519221) SystemInfo: free sram: 88187 minimal sram: 76051
I (8529221) SystemInfo: free sram: 88227 minimal sram: 76051
I (8539221) SystemInfo: free sram: 88227 minimal sram: 76051
I (8549221) SystemInfo: free sram: 88227 minimal sram: 76051
I (8559221) SystemInfo: free sram: 88227 minimal sram: 76051
I (8569221) SystemInfo: free sram: 88227 minimal sram: 76051
I (8579221) SystemInfo: free sram: 88227 minimal sram: 76051
I (8589221) SystemInfo: free sram: 88227 minimal sram: 76051
I (8599221) SystemInfo: free sram: 88227 minimal sram: 76051
I (8609221) SystemInfo: free sram: 88227 minimal sram: 76051
I (8619221) SystemInfo: free sram: 88227 minimal sram: 76051
I (8629221) SystemInfo: free sram: 88147 minimal sram: 76051
I (8639221) SystemInfo: free sram: 88227 minimal sram: 76051
I (8649221) SystemInfo: free sram: 88227 minimal sram: 76051
I (8659221) SystemInfo: free sram: 88227 minimal sram: 76051
I (8669221) SystemInfo: free sram: 88227 minimal sram: 76051
I (8679221) SystemInfo: free sram: 88227 minimal sram: 76051
I (8689221) SystemInfo: free sram: 88227 minimal sram: 76051
I (8699221) SystemInfo: free sram: 88227 minimal sram: 76051
I (8709221) SystemInfo: free sram: 88227 minimal sram: 76051
I (8719221) SystemInfo: free sram: 88227 minimal sram: 76051
I (8729221) SystemInfo: free sram: 88227 minimal sram: 76051
I (8739221) SystemInfo: free sram: 88187 minimal sram: 76051
I (8749221) SystemInfo: free sram: 88227 minimal sram: 76051
I (8759221) SystemInfo: free sram: 88227 minimal sram: 76051
I (8769221) SystemInfo: free sram: 88227 minimal sram: 76051
I (8779221) SystemInfo: free sram: 88227 minimal sram: 76051
I (8789221) SystemInfo: free sram: 88227 minimal sram: 76051
I (8799221) SystemInfo: free sram: 88227 minimal sram: 76051
I (8809221) SystemInfo: free sram: 88227 minimal sram: 76051
I (8819221) SystemInfo: free sram: 88227 minimal sram: 76051
I (8829221) SystemInfo: free sram: 88227 minimal sram: 76051
I (8839221) SystemInfo: free sram: 88227 minimal sram: 76051
I (8849221) SystemInfo: free sram: 88187 minimal sram: 76051
I (8859221) SystemInfo: free sram: 88227 minimal sram: 76051
I (8869221) SystemInfo: free sram: 88227 minimal sram: 76051
I (8879221) SystemInfo: free sram: 88227 minimal sram: 76051
I (8889221) SystemInfo: free sram: 88227 minimal sram: 76051
I (8899221) SystemInfo: free sram: 88227 minimal sram: 76051
I (8909221) SystemInfo: free sram: 88227 minimal sram: 76051
I (8919221) SystemInfo: free sram: 88227 minimal sram: 76051
I (8929221) SystemInfo: free sram: 88227 minimal sram: 76051
I (8939221) SystemInfo: free sram: 88227 minimal sram: 76051
I (8949221) SystemInfo: free sram: 88227 minimal sram: 76051
I (8959221) SystemInfo: free sram: 88187 minimal sram: 76051
I (8969221) SystemInfo: free sram: 88227 minimal sram: 76051
I (8979221) SystemInfo: free sram: 88227 minimal sram: 76051
I (8989221) SystemInfo: free sram: 88227 minimal sram: 76051
I (8999221) SystemInfo: free sram: 88227 minimal sram: 76051
I (9009221) SystemInfo: free sram: 88227 minimal sram: 76051
I (9019221) SystemInfo: free sram: 88227 minimal sram: 76051
I (9029221) SystemInfo: free sram: 88227 minimal sram: 76051
I (9039221) SystemInfo: free sram: 88227 minimal sram: 76051
I (9049221) SystemInfo: free sram: 88227 minimal sram: 76051
I (9059221) SystemInfo: free sram: 88227 minimal sram: 76051
I (9069221) SystemInfo: free sram: 88187 minimal sram: 76051
I (9079221) SystemInfo: free sram: 88227 minimal sram: 76051
I (9089221) SystemInfo: free sram: 88227 minimal sram: 76051
I (9099221) SystemInfo: free sram: 88227 minimal sram: 76051
I (9109221) SystemInfo: free sram: 88227 minimal sram: 76051
I (9119221) SystemInfo: free sram: 88227 minimal sram: 76051
I (9129221) SystemInfo: free sram: 88227 minimal sram: 76051
I (9139221) SystemInfo: free sram: 88227 minimal sram: 76051
I (9149221) SystemInfo: free sram: 88227 minimal sram: 76051
I (9159221) SystemInfo: free sram: 88227 minimal sram: 76051
I (9169221) SystemInfo: free sram: 88227 minimal sram: 76051
I (9179221) SystemInfo: free sram: 88187 minimal sram: 76051
I (9189221) SystemInfo: free sram: 88227 minimal sram: 76051
I (9199221) SystemInfo: free sram: 88227 minimal sram: 76051
I (9209221) SystemInfo: free sram: 88227 minimal sram: 76051
I (9219221) SystemInfo: free sram: 88227 minimal sram: 76051
I (9229221) SystemInfo: free sram: 88227 minimal sram: 76051
I (9239221) SystemInfo: free sram: 88227 minimal sram: 76051
I (9249221) SystemInfo: free sram: 88227 minimal sram: 76051
I (9259221) SystemInfo: free sram: 88227 minimal sram: 76051
I (9269221) SystemInfo: free sram: 88187 minimal sram: 76051
I (9279221) SystemInfo: free sram: 88227 minimal sram: 76051
I (9289221) SystemInfo: free sram: 88187 minimal sram: 76051
I (9299221) SystemInfo: free sram: 88227 minimal sram: 76051
I (9309221) SystemInfo: free sram: 88227 minimal sram: 76051
I (9319221) SystemInfo: free sram: 88227 minimal sram: 76051
I (9329221) SystemInfo: free sram: 88227 minimal sram: 76051
I (9339221) SystemInfo: free sram: 88227 minimal sram: 76051
I (9349221) SystemInfo: free sram: 88227 minimal sram: 76051
I (9359221) SystemInfo: free sram: 88227 minimal sram: 76051
I (9369221) SystemInfo: free sram: 88227 minimal sram: 76051
I (9379221) SystemInfo: free sram: 88227 minimal sram: 76051
I (9389221) SystemInfo: free sram: 88227 minimal sram: 76051
I (9399221) SystemInfo: free sram: 88187 minimal sram: 76051
I (9409221) SystemInfo: free sram: 88227 minimal sram: 76051
I (9419221) SystemInfo: free sram: 88227 minimal sram: 76051
I (9429221) SystemInfo: free sram: 88227 minimal sram: 76051
I (9439221) SystemInfo: free sram: 88227 minimal sram: 76051
I (9449221) SystemInfo: free sram: 88227 minimal sram: 76051
I (9459221) SystemInfo: free sram: 88227 minimal sram: 76051
I (9469221) SystemInfo: free sram: 88227 minimal sram: 76051
I (9479221) SystemInfo: free sram: 88227 minimal sram: 76051
I (9489221) SystemInfo: free sram: 88227 minimal sram: 76051
I (9499221) SystemInfo: free sram: 88227 minimal sram: 76051
I (9509221) SystemInfo: free sram: 88187 minimal sram: 76051
I (9519221) SystemInfo: free sram: 88227 minimal sram: 76051
I (9529221) SystemInfo: free sram: 88227 minimal sram: 76051
I (9539221) SystemInfo: free sram: 88227 minimal sram: 76051
I (9549221) SystemInfo: free sram: 88227 minimal sram: 76051
I (9559221) SystemInfo: free sram: 88227 minimal sram: 76051
I (9569221) SystemInfo: free sram: 88227 minimal sram: 76051
I (9579221) SystemInfo: free sram: 88227 minimal sram: 76051
I (9589221) SystemInfo: free sram: 88227 minimal sram: 76051
I (9599221) SystemInfo: free sram: 88227 minimal sram: 76051
I (9609221) SystemInfo: free sram: 88227 minimal sram: 76051
I (9619221) SystemInfo: free sram: 88187 minimal sram: 76051
I (9629221) SystemInfo: free sram: 88227 minimal sram: 76051
I (9639221) SystemInfo: free sram: 88227 minimal sram: 76051
I (9649221) SystemInfo: free sram: 88227 minimal sram: 76051
I (9659221) SystemInfo: free sram: 88227 minimal sram: 76051
I (9669221) SystemInfo: free sram: 88227 minimal sram: 76051
I (9679221) SystemInfo: free sram: 88227 minimal sram: 76051
I (9689221) SystemInfo: free sram: 88227 minimal sram: 76051
I (9699221) SystemInfo: free sram: 88227 minimal sram: 76051
I (9709221) SystemInfo: free sram: 88227 minimal sram: 76051
I (9719221) SystemInfo: free sram: 88227 minimal sram: 76051
I (9729221) SystemInfo: free sram: 88187 minimal sram: 76051
I (9739221) SystemInfo: free sram: 88227 minimal sram: 76051
I (9749221) SystemInfo: free sram: 88227 minimal sram: 76051
I (9759221) SystemInfo: free sram: 88227 minimal sram: 76051
I (9769221) SystemInfo: free sram: 88227 minimal sram: 76051
I (9779221) SystemInfo: free sram: 88227 minimal sram: 76051
I (9789221) SystemInfo: free sram: 88227 minimal sram: 76051
I (9799221) SystemInfo: free sram: 88227 minimal sram: 76051
I (9809221) SystemInfo: free sram: 88227 minimal sram: 76051
I (9819221) SystemInfo: free sram: 88227 minimal sram: 76051
I (9829221) SystemInfo: free sram: 88227 minimal sram: 76051
I (9839221) SystemInfo: free sram: 88187 minimal sram: 76051
I (9849221) SystemInfo: free sram: 88227 minimal sram: 76051
I (9859221) SystemInfo: free sram: 88227 minimal sram: 76051
I (9869221) SystemInfo: free sram: 88227 minimal sram: 76051
I (9879221) SystemInfo: free sram: 88227 minimal sram: 76051
I (9889221) SystemInfo: free sram: 88227 minimal sram: 76051
I (9899221) SystemInfo: free sram: 88227 minimal sram: 76051
I (9909221) SystemInfo: free sram: 88187 minimal sram: 76051
I (9919221) SystemInfo: free sram: 88227 minimal sram: 76051
I (9929221) SystemInfo: free sram: 88227 minimal sram: 76051
I (9939221) SystemInfo: free sram: 88227 minimal sram: 76051
I (9949221) SystemInfo: free sram: 88187 minimal sram: 76051
I (9959221) SystemInfo: free sram: 88227 minimal sram: 76051
I (9969221) SystemInfo: free sram: 88227 minimal sram: 76051
I (9979221) SystemInfo: free sram: 88227 minimal sram: 76051
I (9989221) SystemInfo: free sram: 88227 minimal sram: 76051
I (9999221) SystemInfo: free sram: 88227 minimal sram: 76051
I (10009221) SystemInfo: free sram: 88227 minimal sram: 76051
I (10019221) SystemInfo: free sram: 88227 minimal sram: 76051
I (10029221) SystemInfo: free sram: 88227 minimal sram: 76051
I (10039221) SystemInfo: free sram: 88227 minimal sram: 76051
I (10049221) SystemInfo: free sram: 88227 minimal sram: 76051
I (10059221) SystemInfo: free sram: 88187 minimal sram: 76051
I (10069221) SystemInfo: free sram: 88227 minimal sram: 76051
I (10079221) SystemInfo: free sram: 88227 minimal sram: 76051
I (10089221) SystemInfo: free sram: 88227 minimal sram: 76051
I (10099221) SystemInfo: free sram: 88227 minimal sram: 76051
I (10109221) SystemInfo: free sram: 88227 minimal sram: 76051
I (10119221) SystemInfo: free sram: 88227 minimal sram: 76051
I (10129221) SystemInfo: free sram: 88227 minimal sram: 76051
I (10139221) SystemInfo: free sram: 88227 minimal sram: 76051
I (10149221) SystemInfo: free sram: 88227 minimal sram: 76051
I (10159221) SystemInfo: free sram: 88227 minimal sram: 76051
I (10169221) SystemInfo: free sram: 88187 minimal sram: 76051
I (10179221) SystemInfo: free sram: 88227 minimal sram: 76051
I (10189221) SystemInfo: free sram: 88227 minimal sram: 76051
I (10199221) SystemInfo: free sram: 88227 minimal sram: 76051
I (10209221) SystemInfo: free sram: 88227 minimal sram: 76051
I (10219221) SystemInfo: free sram: 88227 minimal sram: 76051
I (10229221) SystemInfo: free sram: 88227 minimal sram: 76051
I (10239221) SystemInfo: free sram: 88227 minimal sram: 76051
I (10249221) SystemInfo: free sram: 88227 minimal sram: 76051
I (10259221) SystemInfo: free sram: 88227 minimal sram: 76051
I (10269221) SystemInfo: free sram: 88227 minimal sram: 76051
I (10279221) SystemInfo: free sram: 88187 minimal sram: 76051
I (10289221) SystemInfo: free sram: 88227 minimal sram: 76051
I (10299221) SystemInfo: free sram: 88227 minimal sram: 76051
I (10309221) SystemInfo: free sram: 88227 minimal sram: 76051
I (10319221) SystemInfo: free sram: 88227 minimal sram: 76051
I (10329221) SystemInfo: free sram: 88227 minimal sram: 76051
I (10339221) SystemInfo: free sram: 88227 minimal sram: 76051
I (10349221) SystemInfo: free sram: 88227 minimal sram: 76051
I (10359221) SystemInfo: free sram: 88227 minimal sram: 76051
I (10369221) SystemInfo: free sram: 88227 minimal sram: 76051
I (10379221) SystemInfo: free sram: 88227 minimal sram: 76051
I (10389221) SystemInfo: free sram: 88187 minimal sram: 76051
I (10399221) SystemInfo: free sram: 88227 minimal sram: 76051
I (10409221) SystemInfo: free sram: 88227 minimal sram: 76051
I (10419221) SystemInfo: free sram: 88227 minimal sram: 76051
I (10429221) SystemInfo: free sram: 88227 minimal sram: 76051
I (10439221) SystemInfo: free sram: 88227 minimal sram: 76051
I (10449221) SystemInfo: free sram: 88227 minimal sram: 76051
I (10459221) SystemInfo: free sram: 88227 minimal sram: 76051
I (10469221) SystemInfo: free sram: 88227 minimal sram: 76051
I (10479221) SystemInfo: free sram: 88227 minimal sram: 76051
I (10489221) SystemInfo: free sram: 88227 minimal sram: 76051
I (10499221) SystemInfo: free sram: 88187 minimal sram: 76051
I (10509221) SystemInfo: free sram: 88227 minimal sram: 76051
I (10519221) SystemInfo: free sram: 88227 minimal sram: 76051
I (10529221) SystemInfo: free sram: 88227 minimal sram: 76051
I (10539221) SystemInfo: free sram: 88227 minimal sram: 76051
I (10549221) SystemInfo: free sram: 88187 minimal sram: 76051
I (10559221) SystemInfo: free sram: 88227 minimal sram: 76051
I (10569221) SystemInfo: free sram: 88227 minimal sram: 76051
I (10579221) SystemInfo: free sram: 88227 minimal sram: 76051
I (10589221) SystemInfo: free sram: 88227 minimal sram: 76051
I (10599221) SystemInfo: free sram: 88227 minimal sram: 76051
I (10609221) SystemInfo: free sram: 88187 minimal sram: 76051
I (10619221) SystemInfo: free sram: 88227 minimal sram: 76051
I (10629221) SystemInfo: free sram: 88227 minimal sram: 76051
I (10639221) SystemInfo: free sram: 88227 minimal sram: 76051
I (10649221) SystemInfo: free sram: 88227 minimal sram: 76051
I (10659221) SystemInfo: free sram: 88227 minimal sram: 76051
I (10669221) SystemInfo: free sram: 88227 minimal sram: 76051
I (10679221) SystemInfo: free sram: 88227 minimal sram: 76051
I (10689221) SystemInfo: free sram: 88227 minimal sram: 76051
I (10699221) SystemInfo: free sram: 88227 minimal sram: 76051
I (10709221) SystemInfo: free sram: 88227 minimal sram: 76051
I (10719221) SystemInfo: free sram: 88187 minimal sram: 76051
I (10729221) SystemInfo: free sram: 88227 minimal sram: 76051
I (10739221) SystemInfo: free sram: 88227 minimal sram: 76051
I (10749221) SystemInfo: free sram: 88227 minimal sram: 76051
I (10759221) SystemInfo: free sram: 88227 minimal sram: 76051
I (10769221) SystemInfo: free sram: 88227 minimal sram: 76051
I (10779221) SystemInfo: free sram: 88227 minimal sram: 76051
I (10789221) SystemInfo: free sram: 88227 minimal sram: 76051
I (10799221) SystemInfo: free sram: 88227 minimal sram: 76051
I (10809221) SystemInfo: free sram: 88227 minimal sram: 76051
I (10819221) SystemInfo: free sram: 88227 minimal sram: 76051
I (10829221) SystemInfo: free sram: 88187 minimal sram: 76051
I (10839221) SystemInfo: free sram: 88227 minimal sram: 76051
I (10849221) SystemInfo: free sram: 88227 minimal sram: 76051
I (10859221) SystemInfo: free sram: 88227 minimal sram: 76051
I (10869221) SystemInfo: free sram: 88227 minimal sram: 76051
I (10879221) SystemInfo: free sram: 88227 minimal sram: 76051
I (10889221) SystemInfo: free sram: 88227 minimal sram: 76051
I (10899221) SystemInfo: free sram: 88227 minimal sram: 76051
I (10909221) SystemInfo: free sram: 88227 minimal sram: 76051
I (10919221) SystemInfo: free sram: 88227 minimal sram: 76051
I (10929221) SystemInfo: free sram: 88227 minimal sram: 76051
I (10939221) SystemInfo: free sram: 88187 minimal sram: 76051
I (10949221) SystemInfo: free sram: 88227 minimal sram: 76051
I (10959221) SystemInfo: free sram: 88227 minimal sram: 76051
I (10969221) SystemInfo: free sram: 88227 minimal sram: 76051
I (10979221) SystemInfo: free sram: 88227 minimal sram: 76051
I (10989221) SystemInfo: free sram: 88227 minimal sram: 76051
I (10999221) SystemInfo: free sram: 88227 minimal sram: 76051
I (11009221) SystemInfo: free sram: 88227 minimal sram: 76051
I (11019221) SystemInfo: free sram: 88227 minimal sram: 76051
I (11029221) SystemInfo: free sram: 88227 minimal sram: 76051
I (11039221) SystemInfo: free sram: 88227 minimal sram: 76051
I (11049221) SystemInfo: free sram: 88187 minimal sram: 76051
I (11059221) SystemInfo: free sram: 88227 minimal sram: 76051
I (11069221) SystemInfo: free sram: 88227 minimal sram: 76051
I (11079221) SystemInfo: free sram: 88227 minimal sram: 76051
I (11089221) SystemInfo: free sram: 88227 minimal sram: 76051
I (11099221) SystemInfo: free sram: 88227 minimal sram: 76051
I (11109221) SystemInfo: free sram: 88227 minimal sram: 76051
I (11119221) SystemInfo: free sram: 88227 minimal sram: 76051
I (11129221) SystemInfo: free sram: 88227 minimal sram: 76051
I (11139221) SystemInfo: free sram: 88227 minimal sram: 76051
I (11149221) SystemInfo: free sram: 88227 minimal sram: 76051
I (11159221) SystemInfo: free sram: 88187 minimal sram: 76051
I (11169221) SystemInfo: free sram: 88227 minimal sram: 76051
I (11179221) SystemInfo: free sram: 88227 minimal sram: 76051
I (11189221) SystemInfo: free sram: 88187 minimal sram: 76051
I (11199221) SystemInfo: free sram: 88227 minimal sram: 76051
I (11209221) SystemInfo: free sram: 88227 minimal sram: 76051
I (11219221) SystemInfo: free sram: 88227 minimal sram: 76051
I (11229221) SystemInfo: free sram: 88227 minimal sram: 76051
I (11239221) SystemInfo: free sram: 88227 minimal sram: 76051
I (11249221) SystemInfo: free sram: 88227 minimal sram: 76051
I (11259221) SystemInfo: free sram: 88227 minimal sram: 76051
I (11269221) SystemInfo: free sram: 88187 minimal sram: 76051
I (11279221) SystemInfo: free sram: 88227 minimal sram: 76051
I (11289221) SystemInfo: free sram: 88227 minimal sram: 76051
I (11299221) SystemInfo: free sram: 88227 minimal sram: 76051
I (11309221) SystemInfo: free sram: 88227 minimal sram: 76051
I (11319221) SystemInfo: free sram: 88227 minimal sram: 76051
I (11329221) SystemInfo: free sram: 88227 minimal sram: 76051
I (11339221) SystemInfo: free sram: 88227 minimal sram: 76051
I (11349221) SystemInfo: free sram: 88227 minimal sram: 76051
I (11359221) SystemInfo: free sram: 88227 minimal sram: 76051
I (11369221) SystemInfo: free sram: 88227 minimal sram: 76051
I (11379221) SystemInfo: free sram: 88187 minimal sram: 76051
I (11389221) SystemInfo: free sram: 88227 minimal sram: 76051
I (11399221) SystemInfo: free sram: 88227 minimal sram: 76051
I (11409221) SystemInfo: free sram: 88227 minimal sram: 76051
I (11419221) SystemInfo: free sram: 88227 minimal sram: 76051
I (11429221) SystemInfo: free sram: 88227 minimal sram: 76051
I (11439221) SystemInfo: free sram: 88227 minimal sram: 76051
I (11449221) SystemInfo: free sram: 88227 minimal sram: 76051
I (11459221) SystemInfo: free sram: 88227 minimal sram: 76051
I (11469221) SystemInfo: free sram: 88227 minimal sram: 76051
I (11479221) SystemInfo: free sram: 88227 minimal sram: 76051
I (11489221) SystemInfo: free sram: 88187 minimal sram: 76051
I (11499221) SystemInfo: free sram: 88227 minimal sram: 76051
I (11509221) SystemInfo: free sram: 88227 minimal sram: 76051
I (11519221) SystemInfo: free sram: 88227 minimal sram: 76051
I (11529221) SystemInfo: free sram: 88227 minimal sram: 76051
I (11539221) SystemInfo: free sram: 88227 minimal sram: 76051
I (11549221) SystemInfo: free sram: 88227 minimal sram: 76051
I (11559221) SystemInfo: free sram: 88227 minimal sram: 76051
I (11569221) SystemInfo: free sram: 88227 minimal sram: 76051
I (11579221) SystemInfo: free sram: 88227 minimal sram: 76051
I (11589221) SystemInfo: free sram: 88227 minimal sram: 76051
I (11599221) SystemInfo: free sram: 88187 minimal sram: 76051
I (11609221) SystemInfo: free sram: 88227 minimal sram: 76051
I (11619221) SystemInfo: free sram: 88227 minimal sram: 76051
I (11629221) SystemInfo: free sram: 88227 minimal sram: 76051
I (11639221) SystemInfo: free sram: 88227 minimal sram: 76051
I (11649221) SystemInfo: free sram: 88227 minimal sram: 76051
I (11659221) SystemInfo: free sram: 88227 minimal sram: 76051
I (11669221) SystemInfo: free sram: 88227 minimal sram: 76051
I (11679221) SystemInfo: free sram: 88227 minimal sram: 76051
I (11689221) SystemInfo: free sram: 88227 minimal sram: 76051
I (11699221) SystemInfo: free sram: 88227 minimal sram: 76051
I (11709221) SystemInfo: free sram: 88187 minimal sram: 76051
I (11719221) SystemInfo: free sram: 88227 minimal sram: 76051
I (11729221) SystemInfo: free sram: 88227 minimal sram: 76051
I (11739221) SystemInfo: free sram: 88227 minimal sram: 76051
I (11749221) SystemInfo: free sram: 88227 minimal sram: 76051
I (11759221) SystemInfo: free sram: 88227 minimal sram: 76051
I (11769221) SystemInfo: free sram: 88227 minimal sram: 76051
I (11779221) SystemInfo: free sram: 88227 minimal sram: 76051
I (11789221) SystemInfo: free sram: 88227 minimal sram: 76051
I (11799221) SystemInfo: free sram: 88227 minimal sram: 76051
I (11809221) SystemInfo: free sram: 88227 minimal sram: 76051
I (11819221) SystemInfo: free sram: 88187 minimal sram: 76051
I (11829221) SystemInfo: free sram: 88187 minimal sram: 76051
I (11839221) SystemInfo: free sram: 88227 minimal sram: 76051
I (11849221) SystemInfo: free sram: 88227 minimal sram: 76051
I (11859221) SystemInfo: free sram: 88227 minimal sram: 76051
I (11869221) SystemInfo: free sram: 88227 minimal sram: 76051
I (11879221) SystemInfo: free sram: 88227 minimal sram: 76051
I (11889221) SystemInfo: free sram: 88227 minimal sram: 76051
I (11899221) SystemInfo: free sram: 88227 minimal sram: 76051
I (11909221) SystemInfo: free sram: 88227 minimal sram: 76051
I (11919221) SystemInfo: free sram: 88227 minimal sram: 76051
I (11929221) SystemInfo: free sram: 88187 minimal sram: 76051
I (11939221) SystemInfo: free sram: 88227 minimal sram: 76051
I (11949221) SystemInfo: free sram: 88227 minimal sram: 76051
I (11959221) SystemInfo: free sram: 88227 minimal sram: 76051
I (11969221) SystemInfo: free sram: 88227 minimal sram: 76051
I (11979221) SystemInfo: free sram: 88227 minimal sram: 76051
I (11989221) SystemInfo: free sram: 88227 minimal sram: 76051
I (11999221) SystemInfo: free sram: 88227 minimal sram: 76051
I (12009221) SystemInfo: free sram: 88227 minimal sram: 76051
I (12019221) SystemInfo: free sram: 88227 minimal sram: 76051
I (12029221) SystemInfo: free sram: 88227 minimal sram: 76051
I (12039221) SystemInfo: free sram: 88187 minimal sram: 76051
I (12049221) SystemInfo: free sram: 88227 minimal sram: 76051
I (12059221) SystemInfo: free sram: 88227 minimal sram: 76051
I (12069221) SystemInfo: free sram: 88227 minimal sram: 76051
I (12079221) SystemInfo: free sram: 88227 minimal sram: 76051
I (12089221) SystemInfo: free sram: 88227 minimal sram: 76051
I (12099221) SystemInfo: free sram: 88227 minimal sram: 76051
I (12109221) SystemInfo: free sram: 88227 minimal sram: 76051
I (12119221) SystemInfo: free sram: 88227 minimal sram: 76051
I (12129221) SystemInfo: free sram: 88227 minimal sram: 76051
I (12139221) SystemInfo: free sram: 88227 minimal sram: 76051
I (12149221) SystemInfo: free sram: 88187 minimal sram: 76051
I (12159221) SystemInfo: free sram: 88227 minimal sram: 76051
I (12169221) SystemInfo: free sram: 88227 minimal sram: 76051
I (12179221) SystemInfo: free sram: 88227 minimal sram: 76051
I (12189221) SystemInfo: free sram: 88227 minimal sram: 76051
I (12199221) SystemInfo: free sram: 88227 minimal sram: 76051
I (12209221) SystemInfo: free sram: 88227 minimal sram: 76051
I (12219221) SystemInfo: free sram: 88227 minimal sram: 76051
I (12229221) SystemInfo: free sram: 88227 minimal sram: 76051
I (12239221) SystemInfo: free sram: 88227 minimal sram: 76051
I (12249221) SystemInfo: free sram: 88227 minimal sram: 76051
I (12259221) SystemInfo: free sram: 88187 minimal sram: 76051
I (12269221) SystemInfo: free sram: 88227 minimal sram: 76051
I (12279221) SystemInfo: free sram: 88227 minimal sram: 76051
I (12289221) SystemInfo: free sram: 88227 minimal sram: 76051
I (12299221) SystemInfo: free sram: 88227 minimal sram: 76051
I (12309221) SystemInfo: free sram: 88227 minimal sram: 76051
I (12319221) SystemInfo: free sram: 88227 minimal sram: 76051
I (12329221) SystemInfo: free sram: 88227 minimal sram: 76051
I (12339221) SystemInfo: free sram: 88227 minimal sram: 76051
I (12349221) SystemInfo: free sram: 88227 minimal sram: 76051
I (12359221) SystemInfo: free sram: 88227 minimal sram: 76051
I (12369221) SystemInfo: free sram: 88187 minimal sram: 76051
I (12379221) SystemInfo: free sram: 88227 minimal sram: 76051
I (12389221) SystemInfo: free sram: 88227 minimal sram: 76051
I (12399221) SystemInfo: free sram: 88227 minimal sram: 76051
I (12409221) SystemInfo: free sram: 88227 minimal sram: 76051
I (12419221) SystemInfo: free sram: 88227 minimal sram: 76051
I (12429221) SystemInfo: free sram: 88227 minimal sram: 76051
I (12439221) SystemInfo: free sram: 88227 minimal sram: 76051
I (12449221) SystemInfo: free sram: 88227 minimal sram: 76051
I (12459221) SystemInfo: free sram: 88227 minimal sram: 76051
I (12469221) SystemInfo: free sram: 88187 minimal sram: 76051
I (12479221) SystemInfo: free sram: 88187 minimal sram: 76051
I (12489221) SystemInfo: free sram: 88227 minimal sram: 76051
I (12499221) SystemInfo: free sram: 88227 minimal sram: 76051
I (12509221) SystemInfo: free sram: 88227 minimal sram: 76051
I (12519221) SystemInfo: free sram: 88227 minimal sram: 76051
I (12529221) SystemInfo: free sram: 88227 minimal sram: 76051
I (12539221) SystemInfo: free sram: 88227 minimal sram: 76051
I (12549221) SystemInfo: free sram: 88227 minimal sram: 76051
I (12559221) SystemInfo: free sram: 88227 minimal sram: 76051
I (12569221) SystemInfo: free sram: 88227 minimal sram: 76051
I (12579221) SystemInfo: free sram: 88227 minimal sram: 76051
I (12589221) SystemInfo: free sram: 88187 minimal sram: 76051
I (12599221) SystemInfo: free sram: 88227 minimal sram: 76051
I (12609221) SystemInfo: free sram: 88227 minimal sram: 76051
I (12619221) SystemInfo: free sram: 88227 minimal sram: 76051
I (12629221) SystemInfo: free sram: 88227 minimal sram: 76051
I (12639221) SystemInfo: free sram: 88227 minimal sram: 76051
I (12649221) SystemInfo: free sram: 88227 minimal sram: 76051
I (12659221) SystemInfo: free sram: 88227 minimal sram: 76051
I (12669221) SystemInfo: free sram: 88227 minimal sram: 76051
I (12679221) SystemInfo: free sram: 88227 minimal sram: 76051
I (12689221) SystemInfo: free sram: 88227 minimal sram: 76051
I (12699221) SystemInfo: free sram: 88187 minimal sram: 76051
I (12709221) SystemInfo: free sram: 88227 minimal sram: 76051
I (12719221) SystemInfo: free sram: 88227 minimal sram: 76051
I (12729221) SystemInfo: free sram: 88227 minimal sram: 76051
I (12739221) SystemInfo: free sram: 88227 minimal sram: 76051
I (12749221) SystemInfo: free sram: 88227 minimal sram: 76051
I (12759221) SystemInfo: free sram: 88227 minimal sram: 76051
I (12769221) SystemInfo: free sram: 88227 minimal sram: 76051
I (12779221) SystemInfo: free sram: 88227 minimal sram: 76051
I (12789221) SystemInfo: free sram: 88227 minimal sram: 76051
I (12799221) SystemInfo: free sram: 88227 minimal sram: 76051
I (12809221) SystemInfo: free sram: 88187 minimal sram: 76051
I (12819221) SystemInfo: free sram: 88227 minimal sram: 76051
I (12829221) SystemInfo: free sram: 88227 minimal sram: 76051
I (12839221) SystemInfo: free sram: 88227 minimal sram: 76051
I (12849221) SystemInfo: free sram: 88227 minimal sram: 76051
I (12859221) SystemInfo: free sram: 88227 minimal sram: 76051
I (12869221) SystemInfo: free sram: 88227 minimal sram: 76051
I (12879221) SystemInfo: free sram: 88227 minimal sram: 76051
I (12889221) SystemInfo: free sram: 88227 minimal sram: 76051
I (12899221) SystemInfo: free sram: 88227 minimal sram: 76051
I (12909221) SystemInfo: free sram: 88227 minimal sram: 76051
I (12919221) SystemInfo: free sram: 88187 minimal sram: 76051
I (12929221) SystemInfo: free sram: 88227 minimal sram: 76051
I (12939221) SystemInfo: free sram: 88227 minimal sram: 76051
I (12949221) SystemInfo: free sram: 88227 minimal sram: 76051
I (12959221) SystemInfo: free sram: 88227 minimal sram: 76051
I (12969221) SystemInfo: free sram: 88227 minimal sram: 76051
I (12979221) SystemInfo: free sram: 88227 minimal sram: 76051
I (12989221) SystemInfo: free sram: 88227 minimal sram: 76051
I (12999221) SystemInfo: free sram: 88227 minimal sram: 76051
I (13009221) SystemInfo: free sram: 88227 minimal sram: 76051
I (13019221) SystemInfo: free sram: 88227 minimal sram: 76051
I (13029221) SystemInfo: free sram: 88187 minimal sram: 76051
I (13039221) SystemInfo: free sram: 88227 minimal sram: 76051
I (13049221) SystemInfo: free sram: 88227 minimal sram: 76051
I (13059221) SystemInfo: free sram: 88227 minimal sram: 76051
I (13069221) SystemInfo: free sram: 88227 minimal sram: 76051
I (13079221) SystemInfo: free sram: 88227 minimal sram: 76051
I (13089221) SystemInfo: free sram: 88227 minimal sram: 76051
I (13099221) SystemInfo: free sram: 88227 minimal sram: 76051
I (13109221) SystemInfo: free sram: 88187 minimal sram: 76051
I (13119221) SystemInfo: free sram: 88227 minimal sram: 76051
I (13129221) SystemInfo: free sram: 88227 minimal sram: 76051
I (13139221) SystemInfo: free sram: 88187 minimal sram: 76051
I (13149221) SystemInfo: free sram: 88227 minimal sram: 76051
I (13159221) SystemInfo: free sram: 88227 minimal sram: 76051
I (13169221) SystemInfo: free sram: 88227 minimal sram: 76051
I (13179221) SystemInfo: free sram: 88227 minimal sram: 76051
I (13189221) SystemInfo: free sram: 88227 minimal sram: 76051
I (13199221) SystemInfo: free sram: 88227 minimal sram: 76051
I (13209221) SystemInfo: free sram: 88227 minimal sram: 76051
I (13219221) SystemInfo: free sram: 88227 minimal sram: 76051
I (13229221) SystemInfo: free sram: 88227 minimal sram: 76051
I (13239221) SystemInfo: free sram: 88227 minimal sram: 76051
I (13249221) SystemInfo: free sram: 88187 minimal sram: 76051
I (13259221) SystemInfo: free sram: 88227 minimal sram: 76051
I (13269221) SystemInfo: free sram: 88227 minimal sram: 76051
I (13279221) SystemInfo: free sram: 88227 minimal sram: 76051
I (13289221) SystemInfo: free sram: 88227 minimal sram: 76051
I (13299221) SystemInfo: free sram: 88227 minimal sram: 76051
I (13309221) SystemInfo: free sram: 88227 minimal sram: 76051
I (13319221) SystemInfo: free sram: 88227 minimal sram: 76051
I (13329221) SystemInfo: free sram: 88227 minimal sram: 76051
I (13339221) SystemInfo: free sram: 88227 minimal sram: 76051
I (13349221) SystemInfo: free sram: 88227 minimal sram: 76051
I (13359221) SystemInfo: free sram: 88187 minimal sram: 76051
I (13369221) SystemInfo: free sram: 88227 minimal sram: 76051
I (13379221) SystemInfo: free sram: 88227 minimal sram: 76051
I (13389221) SystemInfo: free sram: 88227 minimal sram: 76051
I (13399221) SystemInfo: free sram: 88227 minimal sram: 76051
I (13409221) SystemInfo: free sram: 88227 minimal sram: 76051
I (13419221) SystemInfo: free sram: 88227 minimal sram: 76051
I (13429221) SystemInfo: free sram: 88227 minimal sram: 76051
I (13439221) SystemInfo: free sram: 88227 minimal sram: 76051
I (13449221) SystemInfo: free sram: 88227 minimal sram: 76051
I (13459221) SystemInfo: free sram: 88227 minimal sram: 76051
I (13469221) SystemInfo: free sram: 88187 minimal sram: 76051
I (13479221) SystemInfo: free sram: 88227 minimal sram: 76051
I (13489221) SystemInfo: free sram: 88227 minimal sram: 76051
I (13499221) SystemInfo: free sram: 88227 minimal sram: 76051
I (13509221) SystemInfo: free sram: 88227 minimal sram: 76051
I (13519221) SystemInfo: free sram: 88227 minimal sram: 76051
I (13529221) SystemInfo: free sram: 88227 minimal sram: 76051
I (13539221) SystemInfo: free sram: 88227 minimal sram: 76051
I (13549221) SystemInfo: free sram: 88227 minimal sram: 76051
I (13559221) SystemInfo: free sram: 88227 minimal sram: 76051
I (13569221) SystemInfo: free sram: 88227 minimal sram: 76051
I (13579221) SystemInfo: free sram: 88187 minimal sram: 76051
I (13589221) SystemInfo: free sram: 88227 minimal sram: 76051
I (13599221) SystemInfo: free sram: 88227 minimal sram: 76051
I (13609221) SystemInfo: free sram: 88227 minimal sram: 76051
I (13619221) SystemInfo: free sram: 88227 minimal sram: 76051
I (13629221) SystemInfo: free sram: 88227 minimal sram: 76051
I (13639221) SystemInfo: free sram: 88227 minimal sram: 76051
I (13649221) SystemInfo: free sram: 88227 minimal sram: 76051
I (13659221) SystemInfo: free sram: 88227 minimal sram: 76051
I (13669221) SystemInfo: free sram: 88227 minimal sram: 76051
I (13679221) SystemInfo: free sram: 88227 minimal sram: 76051
I (13689221) SystemInfo: free sram: 88187 minimal sram: 76051
I (13699221) SystemInfo: free sram: 88059 minimal sram: 76051
I (13709221) SystemInfo: free sram: 88227 minimal sram: 76051
I (13719221) SystemInfo: free sram: 88227 minimal sram: 76051
I (13729221) SystemInfo: free sram: 88227 minimal sram: 76051
I (13739221) SystemInfo: free sram: 88227 minimal sram: 76051
I (13749221) SystemInfo: free sram: 88187 minimal sram: 76051
I (13759221) SystemInfo: free sram: 88227 minimal sram: 76051
I (13769221) SystemInfo: free sram: 88227 minimal sram: 76051
I (13779221) SystemInfo: free sram: 88227 minimal sram: 76051
I (13789221) SystemInfo: free sram: 88227 minimal sram: 76051
I (13799221) SystemInfo: free sram: 88187 minimal sram: 76051
I (13809221) SystemInfo: free sram: 88227 minimal sram: 76051
I (13819221) SystemInfo: free sram: 88227 minimal sram: 76051
I (13829221) SystemInfo: free sram: 88227 minimal sram: 76051
I (13839221) SystemInfo: free sram: 88227 minimal sram: 76051
I (13849221) SystemInfo: free sram: 88227 minimal sram: 76051
I (13859221) SystemInfo: free sram: 88227 minimal sram: 76051
I (13869221) SystemInfo: free sram: 88227 minimal sram: 76051
I (13879221) SystemInfo: free sram: 88227 minimal sram: 76051
I (13889221) SystemInfo: free sram: 88227 minimal sram: 76051
I (13899221) SystemInfo: free sram: 88227 minimal sram: 76051
I (13909221) SystemInfo: free sram: 88187 minimal sram: 76051
I (13919221) SystemInfo: free sram: 88227 minimal sram: 76051
I (13929221) SystemInfo: free sram: 88227 minimal sram: 76051
I (13939221) SystemInfo: free sram: 88227 minimal sram: 76051
I (13949221) SystemInfo: free sram: 88227 minimal sram: 76051
I (13959221) SystemInfo: free sram: 88227 minimal sram: 76051
I (13969221) SystemInfo: free sram: 88227 minimal sram: 76051
I (13979221) SystemInfo: free sram: 88227 minimal sram: 76051
I (13989221) SystemInfo: free sram: 88227 minimal sram: 76051
I (13999221) SystemInfo: free sram: 88227 minimal sram: 76051
I (14009221) SystemInfo: free sram: 88227 minimal sram: 76051
I (14019221) SystemInfo: free sram: 88187 minimal sram: 76051
I (14029221) SystemInfo: free sram: 88227 minimal sram: 76051
I (14039221) SystemInfo: free sram: 88227 minimal sram: 76051
I (14049221) SystemInfo: free sram: 88227 minimal sram: 76051
I (14059221) SystemInfo: free sram: 88227 minimal sram: 76051
I (14069221) SystemInfo: free sram: 88227 minimal sram: 76051
I (14079221) SystemInfo: free sram: 88227 minimal sram: 76051
I (14089221) SystemInfo: free sram: 88227 minimal sram: 76051
I (14099221) SystemInfo: free sram: 88227 minimal sram: 76051
I (14109221) SystemInfo: free sram: 88227 minimal sram: 76051
I (14119221) SystemInfo: free sram: 88227 minimal sram: 76051
I (14129221) SystemInfo: free sram: 88187 minimal sram: 76051
I (14139221) SystemInfo: free sram: 88227 minimal sram: 76051
I (14149221) SystemInfo: free sram: 88227 minimal sram: 76051
I (14159221) SystemInfo: free sram: 88227 minimal sram: 76051
I (14169221) SystemInfo: free sram: 88227 minimal sram: 76051
I (14179221) SystemInfo: free sram: 88227 minimal sram: 76051
I (14189221) SystemInfo: free sram: 88227 minimal sram: 76051
I (14199221) SystemInfo: free sram: 88227 minimal sram: 76051
I (14209221) SystemInfo: free sram: 88227 minimal sram: 76051
I (14219221) SystemInfo: free sram: 88227 minimal sram: 76051
I (14229221) SystemInfo: free sram: 88227 minimal sram: 76051
I (14239221) SystemInfo: free sram: 88187 minimal sram: 76051
I (14249221) SystemInfo: free sram: 88227 minimal sram: 76051
I (14259221) SystemInfo: free sram: 88227 minimal sram: 76051
I (14269221) SystemInfo: free sram: 88227 minimal sram: 76051
I (14279221) SystemInfo: free sram: 88227 minimal sram: 76051
I (14289221) SystemInfo: free sram: 88227 minimal sram: 76051
I (14299221) SystemInfo: free sram: 88227 minimal sram: 76051
I (14309221) SystemInfo: free sram: 88227 minimal sram: 76051
I (14319221) SystemInfo: free sram: 88227 minimal sram: 76051
I (14329221) SystemInfo: free sram: 88227 minimal sram: 76051
I (14339221) SystemInfo: free sram: 88227 minimal sram: 76051
I (14349221) SystemInfo: free sram: 88187 minimal sram: 76051
I (14359221) SystemInfo: free sram: 88227 minimal sram: 76051
I (14369221) SystemInfo: free sram: 88227 minimal sram: 76051
I (14379221) SystemInfo: free sram: 88227 minimal sram: 76051
I (14389221) SystemInfo: free sram: 88187 minimal sram: 76051
I (14399221) SystemInfo: free sram: 88227 minimal sram: 76051
I (14409221) SystemInfo: free sram: 88227 minimal sram: 76051
I (14419221) SystemInfo: free sram: 88227 minimal sram: 76051
I (14429221) SystemInfo: free sram: 88227 minimal sram: 76051
I (14439221) SystemInfo: free sram: 88227 minimal sram: 76051
I (14449221) SystemInfo: free sram: 88227 minimal sram: 76051
I (14459221) SystemInfo: free sram: 88187 minimal sram: 76051
I (14469221) SystemInfo: free sram: 88227 minimal sram: 76051
I (14479221) SystemInfo: free sram: 88227 minimal sram: 76051
I (14489221) SystemInfo: free sram: 88227 minimal sram: 76051
I (14499221) SystemInfo: free sram: 88227 minimal sram: 76051
I (14509221) SystemInfo: free sram: 88227 minimal sram: 76051
I (14519221) SystemInfo: free sram: 88227 minimal sram: 76051
I (14529221) SystemInfo: free sram: 88227 minimal sram: 76051
I (14539221) SystemInfo: free sram: 88227 minimal sram: 76051
I (14549221) SystemInfo: free sram: 88227 minimal sram: 76051
I (14559221) SystemInfo: free sram: 88227 minimal sram: 76051
I (14569221) SystemInfo: free sram: 88187 minimal sram: 76051
I (14579221) SystemInfo: free sram: 88227 minimal sram: 76051
I (14589221) SystemInfo: free sram: 88227 minimal sram: 76051
I (14599221) SystemInfo: free sram: 88227 minimal sram: 76051
I (14609221) SystemInfo: free sram: 88227 minimal sram: 76051
I (14619221) SystemInfo: free sram: 88227 minimal sram: 76051
I (14629221) SystemInfo: free sram: 88227 minimal sram: 76051
I (14639221) SystemInfo: free sram: 88227 minimal sram: 76051
I (14649221) SystemInfo: free sram: 88227 minimal sram: 76051
I (14659221) SystemInfo: free sram: 88227 minimal sram: 76051
I (14669221) SystemInfo: free sram: 88227 minimal sram: 76051
I (14679221) SystemInfo: free sram: 88187 minimal sram: 76051
I (14689221) SystemInfo: free sram: 88227 minimal sram: 76051
I (14699221) SystemInfo: free sram: 88227 minimal sram: 76051
I (14709221) SystemInfo: free sram: 88227 minimal sram: 76051
I (14719221) SystemInfo: free sram: 88227 minimal sram: 76051
I (14729221) SystemInfo: free sram: 88227 minimal sram: 76051
I (14739221) SystemInfo: free sram: 88227 minimal sram: 76051
I (14749221) SystemInfo: free sram: 88227 minimal sram: 76051
I (14759221) SystemInfo: free sram: 88227 minimal sram: 76051
I (14769221) SystemInfo: free sram: 88227 minimal sram: 76051
I (14779221) SystemInfo: free sram: 88227 minimal sram: 76051
I (14789221) SystemInfo: free sram: 88187 minimal sram: 76051
I (14799221) SystemInfo: free sram: 88227 minimal sram: 76051
I (14809221) SystemInfo: free sram: 88227 minimal sram: 76051
I (14819221) SystemInfo: free sram: 88227 minimal sram: 76051
I (14829221) SystemInfo: free sram: 88227 minimal sram: 76051
I (14839221) SystemInfo: free sram: 88227 minimal sram: 76051
I (14849221) SystemInfo: free sram: 88227 minimal sram: 76051
I (14859221) SystemInfo: free sram: 88227 minimal sram: 76051
I (14869221) SystemInfo: free sram: 88227 minimal sram: 76051
I (14879221) SystemInfo: free sram: 88227 minimal sram: 76051
I (14889221) SystemInfo: free sram: 88227 minimal sram: 76051
I (14899221) SystemInfo: free sram: 88187 minimal sram: 76051
I (14909221) SystemInfo: free sram: 88227 minimal sram: 76051
I (14919221) SystemInfo: free sram: 88227 minimal sram: 76051
I (14929221) SystemInfo: free sram: 88227 minimal sram: 76051
I (14939221) SystemInfo: free sram: 88227 minimal sram: 76051
I (14949221) SystemInfo: free sram: 88227 minimal sram: 76051
I (14959221) SystemInfo: free sram: 88227 minimal sram: 76051
I (14969221) SystemInfo: free sram: 88227 minimal sram: 76051
I (14979221) SystemInfo: free sram: 88227 minimal sram: 76051
I (14989221) SystemInfo: free sram: 88227 minimal sram: 76051
I (14999221) SystemInfo: free sram: 88227 minimal sram: 76051
I (15009221) SystemInfo: free sram: 88187 minimal sram: 76051
I (15019221) SystemInfo: free sram: 88227 minimal sram: 76051
I (15029221) SystemInfo: free sram: 88187 minimal sram: 76051
I (15039221) SystemInfo: free sram: 88227 minimal sram: 76051
I (15049221) SystemInfo: free sram: 88227 minimal sram: 76051
I (15059221) SystemInfo: free sram: 88227 minimal sram: 76051
I (15069221) SystemInfo: free sram: 88227 minimal sram: 76051
I (15079221) SystemInfo: free sram: 88227 minimal sram: 76051
I (15089221) SystemInfo: free sram: 88227 minimal sram: 76051
I (15099221) SystemInfo: free sram: 88227 minimal sram: 76051
I (15109221) SystemInfo: free sram: 88227 minimal sram: 76051
I (15119221) SystemInfo: free sram: 88187 minimal sram: 76051
I (15129221) SystemInfo: free sram: 88227 minimal sram: 76051
I (15139221) SystemInfo: free sram: 88227 minimal sram: 76051
I (15149221) SystemInfo: free sram: 88227 minimal sram: 76051
I (15159221) SystemInfo: free sram: 88227 minimal sram: 76051
I (15169221) SystemInfo: free sram: 88227 minimal sram: 76051
I (15179221) SystemInfo: free sram: 88227 minimal sram: 76051
I (15189221) SystemInfo: free sram: 88227 minimal sram: 76051
I (15199221) SystemInfo: free sram: 88227 minimal sram: 76051
I (15209221) SystemInfo: free sram: 88227 minimal sram: 76051
I (15219221) SystemInfo: free sram: 88227 minimal sram: 76051
I (15229221) SystemInfo: free sram: 88187 minimal sram: 76051
I (15239221) SystemInfo: free sram: 88227 minimal sram: 76051
I (15249221) SystemInfo: free sram: 88227 minimal sram: 76051
I (15259221) SystemInfo: free sram: 88227 minimal sram: 76051
I (15269221) SystemInfo: free sram: 88227 minimal sram: 76051
I (15279221) SystemInfo: free sram: 88227 minimal sram: 76051
I (15289221) SystemInfo: free sram: 88227 minimal sram: 76051
I (15299221) SystemInfo: free sram: 88227 minimal sram: 76051
I (15309221) SystemInfo: free sram: 88227 minimal sram: 76051
I (15319221) SystemInfo: free sram: 88227 minimal sram: 76051
I (15329221) SystemInfo: free sram: 88227 minimal sram: 76051
I (15339221) SystemInfo: free sram: 88187 minimal sram: 76051
I (15349221) SystemInfo: free sram: 88227 minimal sram: 76051
I (15359221) SystemInfo: free sram: 88227 minimal sram: 76051
I (15369221) SystemInfo: free sram: 88227 minimal sram: 76051
I (15379221) SystemInfo: free sram: 88227 minimal sram: 76051
I (15389221) SystemInfo: free sram: 88227 minimal sram: 76051
I (15399221) SystemInfo: free sram: 88227 minimal sram: 76051
I (15409221) SystemInfo: free sram: 88227 minimal sram: 76051
I (15419221) SystemInfo: free sram: 88227 minimal sram: 76051
I (15429221) SystemInfo: free sram: 88227 minimal sram: 76051
I (15439221) SystemInfo: free sram: 88227 minimal sram: 76051
I (15449221) SystemInfo: free sram: 88187 minimal sram: 76051
I (15459221) SystemInfo: free sram: 88227 minimal sram: 76051
I (15469221) SystemInfo: free sram: 88227 minimal sram: 76051
I (15479221) SystemInfo: free sram: 88227 minimal sram: 76051
I (15489221) SystemInfo: free sram: 88227 minimal sram: 76051
I (15499221) SystemInfo: free sram: 88227 minimal sram: 76051
I (15509221) SystemInfo: free sram: 88227 minimal sram: 76051
I (15519221) SystemInfo: free sram: 88227 minimal sram: 76051
I (15529221) SystemInfo: free sram: 88227 minimal sram: 76051
I (15539221) SystemInfo: free sram: 88227 minimal sram: 76051
I (15549221) SystemInfo: free sram: 88227 minimal sram: 76051
I (15559221) SystemInfo: free sram: 88187 minimal sram: 76051
I (15569221) SystemInfo: free sram: 88227 minimal sram: 76051
I (15579221) SystemInfo: free sram: 88227 minimal sram: 76051
I (15589221) SystemInfo: free sram: 88227 minimal sram: 76051
I (15599221) SystemInfo: free sram: 88227 minimal sram: 76051
I (15609221) SystemInfo: free sram: 88227 minimal sram: 76051
I (15619221) SystemInfo: free sram: 88227 minimal sram: 76051
I (15629221) SystemInfo: free sram: 88227 minimal sram: 76051
I (15639221) SystemInfo: free sram: 88227 minimal sram: 76051
I (15649221) SystemInfo: free sram: 88227 minimal sram: 76051
I (15659221) SystemInfo: free sram: 88227 minimal sram: 76051
I (15669221) SystemInfo: free sram: 88147 minimal sram: 76051
I (15679221) SystemInfo: free sram: 88227 minimal sram: 76051
I (15689221) SystemInfo: free sram: 88227 minimal sram: 76051
I (15699221) SystemInfo: free sram: 88227 minimal sram: 76051
I (15709221) SystemInfo: free sram: 88227 minimal sram: 76051
I (15719221) SystemInfo: free sram: 88227 minimal sram: 76051
I (15729221) SystemInfo: free sram: 88227 minimal sram: 76051
I (15739221) SystemInfo: free sram: 88227 minimal sram: 76051
I (15749221) SystemInfo: free sram: 88227 minimal sram: 76051
I (15759221) SystemInfo: free sram: 88227 minimal sram: 76051
I (15769221) SystemInfo: free sram: 88227 minimal sram: 76051
I (15779221) SystemInfo: free sram: 88187 minimal sram: 76051
I (15789221) SystemInfo: free sram: 88227 minimal sram: 76051
I (15799221) SystemInfo: free sram: 88227 minimal sram: 76051
I (15809221) SystemInfo: free sram: 88227 minimal sram: 76051
I (15819221) SystemInfo: free sram: 88227 minimal sram: 76051
I (15829221) SystemInfo: free sram: 88227 minimal sram: 76051
I (15839221) SystemInfo: free sram: 88227 minimal sram: 76051
I (15849221) SystemInfo: free sram: 88227 minimal sram: 76051
I (15859221) SystemInfo: free sram: 88227 minimal sram: 76051
I (15869221) SystemInfo: free sram: 88227 minimal sram: 76051
I (15879221) SystemInfo: free sram: 88227 minimal sram: 76051
I (15889221) SystemInfo: free sram: 88187 minimal sram: 76051
I (15899221) SystemInfo: free sram: 88227 minimal sram: 76051
I (15909221) SystemInfo: free sram: 88227 minimal sram: 76051
I (15919221) SystemInfo: free sram: 88227 minimal sram: 76051
I (15929221) SystemInfo: free sram: 88227 minimal sram: 76051
I (15939221) SystemInfo: free sram: 88227 minimal sram: 76051
I (15949221) SystemInfo: free sram: 88227 minimal sram: 76051
I (15959221) SystemInfo: free sram: 88227 minimal sram: 76051
I (15969221) SystemInfo: free sram: 88227 minimal sram: 76051
I (15979221) SystemInfo: free sram: 88227 minimal sram: 76051
I (15989221) SystemInfo: free sram: 88227 minimal sram: 76051
I (15999221) SystemInfo: free sram: 88187 minimal sram: 76051
I (16009221) SystemInfo: free sram: 88227 minimal sram: 76051
I (16019221) SystemInfo: free sram: 88227 minimal sram: 76051
I (16029221) SystemInfo: free sram: 88227 minimal sram: 76051
I (16039221) SystemInfo: free sram: 88227 minimal sram: 76051
I (16049221) SystemInfo: free sram: 88227 minimal sram: 76051
I (16059221) SystemInfo: free sram: 88227 minimal sram: 76051
I (16069221) SystemInfo: free sram: 88227 minimal sram: 76051
I (16079221) SystemInfo: free sram: 88227 minimal sram: 76051
I (16089221) SystemInfo: free sram: 88227 minimal sram: 76051
I (16099221) SystemInfo: free sram: 88227 minimal sram: 76051
I (16109221) SystemInfo: free sram: 88187 minimal sram: 76051
I (16119221) SystemInfo: free sram: 88227 minimal sram: 76051
I (16129221) SystemInfo: free sram: 88227 minimal sram: 76051
I (16139221) SystemInfo: free sram: 88227 minimal sram: 76051
I (16149221) SystemInfo: free sram: 88227 minimal sram: 76051
I (16159221) SystemInfo: free sram: 88227 minimal sram: 76051
I (16169221) SystemInfo: free sram: 88227 minimal sram: 76051
I (16179221) SystemInfo: free sram: 88227 minimal sram: 76051
I (16189221) SystemInfo: free sram: 88227 minimal sram: 76051
I (16199221) SystemInfo: free sram: 88227 minimal sram: 76051
I (16209221) SystemInfo: free sram: 88227 minimal sram: 76051
I (16219221) SystemInfo: free sram: 88187 minimal sram: 76051
I (16229221) SystemInfo: free sram: 88227 minimal sram: 76051
I (16239221) SystemInfo: free sram: 88227 minimal sram: 76051
I (16249221) SystemInfo: free sram: 88227 minimal sram: 76051
I (16259221) SystemInfo: free sram: 88227 minimal sram: 76051
I (16269221) SystemInfo: free sram: 88227 minimal sram: 76051
I (16279221) SystemInfo: free sram: 88227 minimal sram: 76051
I (16289221) SystemInfo: free sram: 88227 minimal sram: 76051
I (16299221) SystemInfo: free sram: 88227 minimal sram: 76051
I (16309221) SystemInfo: free sram: 88187 minimal sram: 76051
I (16319221) SystemInfo: free sram: 88227 minimal sram: 76051
I (16329221) SystemInfo: free sram: 88187 minimal sram: 76051
I (16339221) SystemInfo: free sram: 88227 minimal sram: 76051
I (16349221) SystemInfo: free sram: 88227 minimal sram: 76051
I (16359221) SystemInfo: free sram: 88227 minimal sram: 76051
I (16369221) SystemInfo: free sram: 88227 minimal sram: 76051
I (16379221) SystemInfo: free sram: 88227 minimal sram: 76051
I (16389221) SystemInfo: free sram: 88227 minimal sram: 76051
I (16399221) SystemInfo: free sram: 88227 minimal sram: 76051
I (16409221) SystemInfo: free sram: 88227 minimal sram: 76051
I (16419221) SystemInfo: free sram: 88227 minimal sram: 76051
I (16429221) SystemInfo: free sram: 88227 minimal sram: 76051
I (16439221) SystemInfo: free sram: 88187 minimal sram: 76051
I (16449221) SystemInfo: free sram: 88227 minimal sram: 76051
I (16459221) SystemInfo: free sram: 88227 minimal sram: 76051
I (16469221) SystemInfo: free sram: 88227 minimal sram: 76051
I (16479221) SystemInfo: free sram: 88227 minimal sram: 76051
I (16489221) SystemInfo: free sram: 88227 minimal sram: 76051
I (16499221) SystemInfo: free sram: 88227 minimal sram: 76051
I (16509221) SystemInfo: free sram: 88227 minimal sram: 76051
I (16519221) SystemInfo: free sram: 88227 minimal sram: 76051
I (16529221) SystemInfo: free sram: 88227 minimal sram: 76051
I (16539221) SystemInfo: free sram: 88227 minimal sram: 76051
I (16549221) SystemInfo: free sram: 88187 minimal sram: 76051
I (16559221) SystemInfo: free sram: 88227 minimal sram: 76051
I (16569221) SystemInfo: free sram: 88227 minimal sram: 76051
I (16579221) SystemInfo: free sram: 88227 minimal sram: 76051
I (16589221) SystemInfo: free sram: 88227 minimal sram: 76051
I (16599221) SystemInfo: free sram: 88227 minimal sram: 76051
I (16609221) SystemInfo: free sram: 88227 minimal sram: 76051
I (16619221) SystemInfo: free sram: 88227 minimal sram: 76051
I (16629221) SystemInfo: free sram: 88227 minimal sram: 76051
I (16639221) SystemInfo: free sram: 88227 minimal sram: 76051
I (16649221) SystemInfo: free sram: 88227 minimal sram: 76051
I (16659221) SystemInfo: free sram: 88187 minimal sram: 76051
I (16669221) SystemInfo: free sram: 88227 minimal sram: 76051
I (16679221) SystemInfo: free sram: 88227 minimal sram: 76051
I (16689221) SystemInfo: free sram: 88227 minimal sram: 76051
I (16699221) SystemInfo: free sram: 88227 minimal sram: 76051
I (16709221) SystemInfo: free sram: 88227 minimal sram: 76051
I (16719221) SystemInfo: free sram: 88227 minimal sram: 76051
I (16729221) SystemInfo: free sram: 88227 minimal sram: 76051
I (16739221) SystemInfo: free sram: 88227 minimal sram: 76051
I (16749221) SystemInfo: free sram: 88227 minimal sram: 76051
I (16759221) SystemInfo: free sram: 88227 minimal sram: 76051
I (16769221) SystemInfo: free sram: 88187 minimal sram: 76051
I (16779221) SystemInfo: free sram: 88227 minimal sram: 76051
I (16789221) SystemInfo: free sram: 88227 minimal sram: 76051
I (16799221) SystemInfo: free sram: 88227 minimal sram: 76051
I (16809221) SystemInfo: free sram: 88227 minimal sram: 76051
I (16819221) SystemInfo: free sram: 88227 minimal sram: 76051
I (16829221) SystemInfo: free sram: 88227 minimal sram: 76051
I (16839221) SystemInfo: free sram: 88227 minimal sram: 76051
I (16849221) SystemInfo: free sram: 88227 minimal sram: 76051
I (16859221) SystemInfo: free sram: 88227 minimal sram: 76051
I (16869221) SystemInfo: free sram: 88227 minimal sram: 76051
I (16879221) SystemInfo: free sram: 88187 minimal sram: 76051
I (16889221) SystemInfo: free sram: 88227 minimal sram: 76051
I (16899221) SystemInfo: free sram: 88227 minimal sram: 76051
I (16909221) SystemInfo: free sram: 88227 minimal sram: 76051
I (16919221) SystemInfo: free sram: 88227 minimal sram: 76051
I (16929221) SystemInfo: free sram: 88227 minimal sram: 76051
I (16939221) SystemInfo: free sram: 88227 minimal sram: 76051
I (16949221) SystemInfo: free sram: 88187 minimal sram: 76051
I (16959221) SystemInfo: free sram: 88227 minimal sram: 76051
I (16969221) SystemInfo: free sram: 88227 minimal sram: 76051
I (16979221) SystemInfo: free sram: 88227 minimal sram: 76051
I (16989221) SystemInfo: free sram: 88187 minimal sram: 76051
I (16999221) SystemInfo: free sram: 88227 minimal sram: 76051
I (17009221) SystemInfo: free sram: 88227 minimal sram: 76051
I (17019221) SystemInfo: free sram: 88227 minimal sram: 76051
I (17029221) SystemInfo: free sram: 88227 minimal sram: 76051
I (17039221) SystemInfo: free sram: 88227 minimal sram: 76051
I (17049221) SystemInfo: free sram: 88227 minimal sram: 76051
I (17059221) SystemInfo: free sram: 88227 minimal sram: 76051
I (17069221) SystemInfo: free sram: 88227 minimal sram: 76051
I (17079221) SystemInfo: free sram: 88227 minimal sram: 76051
I (17089221) SystemInfo: free sram: 88227 minimal sram: 76051
I (17099221) SystemInfo: free sram: 88187 minimal sram: 76051
I (17109221) SystemInfo: free sram: 88227 minimal sram: 76051
I (17119221) SystemInfo: free sram: 88227 minimal sram: 76051
I (17129221) SystemInfo: free sram: 88227 minimal sram: 76051
I (17139221) SystemInfo: free sram: 88227 minimal sram: 76051
I (17149221) SystemInfo: free sram: 88227 minimal sram: 76051
I (17159221) SystemInfo: free sram: 88227 minimal sram: 76051
I (17169221) SystemInfo: free sram: 88227 minimal sram: 76051
I (17179221) SystemInfo: free sram: 88227 minimal sram: 76051
I (17189221) SystemInfo: free sram: 88227 minimal sram: 76051
I (17199221) SystemInfo: free sram: 88227 minimal sram: 76051
I (17209221) SystemInfo: free sram: 88187 minimal sram: 76051
I (17219221) SystemInfo: free sram: 88227 minimal sram: 76051
I (17229221) SystemInfo: free sram: 88227 minimal sram: 76051
I (17239221) SystemInfo: free sram: 88227 minimal sram: 76051
I (17249221) SystemInfo: free sram: 88227 minimal sram: 76051
I (17259221) SystemInfo: free sram: 88227 minimal sram: 76051
I (17269221) SystemInfo: free sram: 88227 minimal sram: 76051
I (17279221) SystemInfo: free sram: 88227 minimal sram: 76051
I (17289221) SystemInfo: free sram: 88227 minimal sram: 76051
I (17299221) SystemInfo: free sram: 88227 minimal sram: 76051
I (17309221) SystemInfo: free sram: 88227 minimal sram: 76051
I (17319221) SystemInfo: free sram: 88187 minimal sram: 76051
I (17329221) SystemInfo: free sram: 88227 minimal sram: 76051
I (17339221) SystemInfo: free sram: 88227 minimal sram: 76051
I (17349221) SystemInfo: free sram: 88227 minimal sram: 76051
I (17359221) SystemInfo: free sram: 88227 minimal sram: 76051
I (17369221) SystemInfo: free sram: 88227 minimal sram: 76051
I (17379221) SystemInfo: free sram: 88227 minimal sram: 76051
I (17389221) SystemInfo: free sram: 88227 minimal sram: 76051
I (17399221) SystemInfo: free sram: 88227 minimal sram: 76051
I (17409221) SystemInfo: free sram: 88227 minimal sram: 76051
I (17419221) SystemInfo: free sram: 88227 minimal sram: 76051
I (17429221) SystemInfo: free sram: 88187 minimal sram: 76051
I (17439221) SystemInfo: free sram: 88227 minimal sram: 76051
I (17449221) SystemInfo: free sram: 88227 minimal sram: 76051
I (17459221) SystemInfo: free sram: 88227 minimal sram: 76051
I (17469221) SystemInfo: free sram: 88227 minimal sram: 76051
I (17479221) SystemInfo: free sram: 88227 minimal sram: 76051
I (17489221) SystemInfo: free sram: 88227 minimal sram: 76051
I (17499221) SystemInfo: free sram: 88227 minimal sram: 76051
I (17509221) SystemInfo: free sram: 88227 minimal sram: 76051
I (17519221) SystemInfo: free sram: 88227 minimal sram: 76051
I (17529221) SystemInfo: free sram: 88227 minimal sram: 76051
I (17539221) SystemInfo: free sram: 88187 minimal sram: 76051
I (17549221) SystemInfo: free sram: 88227 minimal sram: 76051
I (17559221) SystemInfo: free sram: 88227 minimal sram: 76051
I (17569221) SystemInfo: free sram: 88227 minimal sram: 76051
I (17579221) SystemInfo: free sram: 88227 minimal sram: 76051
I (17589221) SystemInfo: free sram: 88187 minimal sram: 76051
I (17599221) SystemInfo: free sram: 88227 minimal sram: 76051
I (17609221) SystemInfo: free sram: 88227 minimal sram: 76051
I (17619221) SystemInfo: free sram: 88227 minimal sram: 76051
I (17629221) SystemInfo: free sram: 88227 minimal sram: 76051
I (17639221) SystemInfo: free sram: 88227 minimal sram: 76051
I (17649221) SystemInfo: free sram: 88187 minimal sram: 76051
I (17659221) SystemInfo: free sram: 88227 minimal sram: 76051
I (17669221) SystemInfo: free sram: 88227 minimal sram: 76051
I (17679221) SystemInfo: free sram: 88227 minimal sram: 76051
I (17689221) SystemInfo: free sram: 88227 minimal sram: 76051
I (17699221) SystemInfo: free sram: 88227 minimal sram: 76051
I (17709221) SystemInfo: free sram: 88227 minimal sram: 76051
I (17719221) SystemInfo: free sram: 88227 minimal sram: 76051
I (17729221) SystemInfo: free sram: 88227 minimal sram: 76051
I (17739221) SystemInfo: free sram: 88227 minimal sram: 76051
I (17749221) SystemInfo: free sram: 88227 minimal sram: 76051
I (17759221) SystemInfo: free sram: 88187 minimal sram: 76051
I (17769221) SystemInfo: free sram: 88227 minimal sram: 76051
I (17779221) SystemInfo: free sram: 88227 minimal sram: 76051
I (17789221) SystemInfo: free sram: 88227 minimal sram: 76051
I (17799221) SystemInfo: free sram: 88227 minimal sram: 76051
I (17809221) SystemInfo: free sram: 88227 minimal sram: 76051
I (17819221) SystemInfo: free sram: 88227 minimal sram: 76051
I (17829221) SystemInfo: free sram: 88227 minimal sram: 76051
I (17839221) SystemInfo: free sram: 88227 minimal sram: 76051
I (17849221) SystemInfo: free sram: 88227 minimal sram: 76051
I (17859221) SystemInfo: free sram: 88227 minimal sram: 76051
I (17869221) SystemInfo: free sram: 88187 minimal sram: 76051
I (17879221) SystemInfo: free sram: 88227 minimal sram: 76051
I (17889221) SystemInfo: free sram: 88227 minimal sram: 76051
I (17899221) SystemInfo: free sram: 88227 minimal sram: 76051
I (17909221) SystemInfo: free sram: 88227 minimal sram: 76051
I (17919221) SystemInfo: free sram: 88227 minimal sram: 76051
I (17929221) SystemInfo: free sram: 88227 minimal sram: 76051
I (17939221) SystemInfo: free sram: 88227 minimal sram: 76051
I (17949221) SystemInfo: free sram: 88227 minimal sram: 76051
I (17959221) SystemInfo: free sram: 88227 minimal sram: 76051
I (17969221) SystemInfo: free sram: 88227 minimal sram: 76051
I (17979221) SystemInfo: free sram: 88187 minimal sram: 76051
I (17989221) SystemInfo: free sram: 88227 minimal sram: 76051
I (17999221) SystemInfo: free sram: 88227 minimal sram: 76051
I (18009221) SystemInfo: free sram: 88227 minimal sram: 76051
I (18019221) SystemInfo: free sram: 88227 minimal sram: 76051
I (18029221) SystemInfo: free sram: 88227 minimal sram: 76051
I (18039221) SystemInfo: free sram: 88227 minimal sram: 76051
I (18049221) SystemInfo: free sram: 88227 minimal sram: 76051
I (18059221) SystemInfo: free sram: 88227 minimal sram: 76051
I (18069221) SystemInfo: free sram: 88227 minimal sram: 76051
I (18079221) SystemInfo: free sram: 88227 minimal sram: 76051
I (18089221) SystemInfo: free sram: 88187 minimal sram: 76051
I (18099221) SystemInfo: free sram: 88227 minimal sram: 76051
I (18109221) SystemInfo: free sram: 88227 minimal sram: 76051
I (18119221) SystemInfo: free sram: 88227 minimal sram: 76051
I (18129221) SystemInfo: free sram: 88227 minimal sram: 76051
I (18139221) SystemInfo: free sram: 88227 minimal sram: 76051
I (18149221) SystemInfo: free sram: 88227 minimal sram: 76051
I (18159221) SystemInfo: free sram: 88227 minimal sram: 76051
I (18169221) SystemInfo: free sram: 88227 minimal sram: 76051
I (18179221) SystemInfo: free sram: 88227 minimal sram: 76051
I (18189221) SystemInfo: free sram: 88227 minimal sram: 76051
I (18199221) SystemInfo: free sram: 88187 minimal sram: 76051
I (18209221) SystemInfo: free sram: 88227 minimal sram: 76051
I (18219221) SystemInfo: free sram: 88227 minimal sram: 76051
I (18229221) SystemInfo: free sram: 88187 minimal sram: 76051
I (18239221) SystemInfo: free sram: 88227 minimal sram: 76051
I (18249221) SystemInfo: free sram: 88227 minimal sram: 76051
I (18259221) SystemInfo: free sram: 88227 minimal sram: 76051
I (18269221) SystemInfo: free sram: 88227 minimal sram: 76051
I (18279221) SystemInfo: free sram: 88227 minimal sram: 76051
I (18289221) SystemInfo: free sram: 88227 minimal sram: 76051
I (18299221) SystemInfo: free sram: 88227 minimal sram: 76051
I (18309221) SystemInfo: free sram: 88187 minimal sram: 76051
I (18319221) SystemInfo: free sram: 88227 minimal sram: 76051
I (18329221) SystemInfo: free sram: 88227 minimal sram: 76051
I (18339221) SystemInfo: free sram: 88227 minimal sram: 76051
I (18349221) SystemInfo: free sram: 88227 minimal sram: 76051
I (18359221) SystemInfo: free sram: 88227 minimal sram: 76051
I (18369221) SystemInfo: free sram: 88227 minimal sram: 76051
I (18379221) SystemInfo: free sram: 88227 minimal sram: 76051
I (18389221) SystemInfo: free sram: 88227 minimal sram: 76051
I (18399221) SystemInfo: free sram: 88227 minimal sram: 76051
I (18409221) SystemInfo: free sram: 88227 minimal sram: 76051
I (18419221) SystemInfo: free sram: 88187 minimal sram: 76051
I (18429221) SystemInfo: free sram: 88227 minimal sram: 76051
I (18439221) SystemInfo: free sram: 88227 minimal sram: 76051
I (18449221) SystemInfo: free sram: 88227 minimal sram: 76051
I (18459221) SystemInfo: free sram: 88227 minimal sram: 76051
I (18469221) SystemInfo: free sram: 88227 minimal sram: 76051
I (18479221) SystemInfo: free sram: 88227 minimal sram: 76051
I (18489221) SystemInfo: free sram: 88227 minimal sram: 76051
I (18499221) SystemInfo: free sram: 88227 minimal sram: 76051
I (18509221) SystemInfo: free sram: 88227 minimal sram: 76051
I (18519221) SystemInfo: free sram: 88227 minimal sram: 76051
I (18529221) SystemInfo: free sram: 88187 minimal sram: 76051
I (18539221) SystemInfo: free sram: 88227 minimal sram: 76051
I (18549221) SystemInfo: free sram: 88227 minimal sram: 76051
I (18559221) SystemInfo: free sram: 88227 minimal sram: 76051
I (18569221) SystemInfo: free sram: 88187 minimal sram: 76051
I (18579221) SystemInfo: free sram: 88227 minimal sram: 76051
I (18589221) SystemInfo: free sram: 88227 minimal sram: 76051
I (18599221) SystemInfo: free sram: 88227 minimal sram: 76051
I (18609221) SystemInfo: free sram: 88227 minimal sram: 76051
I (18619221) SystemInfo: free sram: 88227 minimal sram: 76051
I (18629221) SystemInfo: free sram: 88227 minimal sram: 76051
I (18639221) SystemInfo: free sram: 88187 minimal sram: 76051
I (18649221) SystemInfo: free sram: 88227 minimal sram: 76051
I (18659221) SystemInfo: free sram: 88227 minimal sram: 76051
I (18669221) SystemInfo: free sram: 88227 minimal sram: 76051
I (18679221) SystemInfo: free sram: 88227 minimal sram: 76051
I (18689221) SystemInfo: free sram: 88227 minimal sram: 76051
I (18699221) SystemInfo: free sram: 88227 minimal sram: 76051
I (18709221) SystemInfo: free sram: 88227 minimal sram: 76051
I (18719221) SystemInfo: free sram: 88227 minimal sram: 76051
I (18729221) SystemInfo: free sram: 88227 minimal sram: 76051
I (18739221) SystemInfo: free sram: 88227 minimal sram: 76051
I (18749221) SystemInfo: free sram: 88187 minimal sram: 76051
I (18759221) SystemInfo: free sram: 88227 minimal sram: 76051
I (18769221) SystemInfo: free sram: 88227 minimal sram: 76051
I (18779221) SystemInfo: free sram: 88227 minimal sram: 76051
I (18789221) SystemInfo: free sram: 88227 minimal sram: 76051
I (18799221) SystemInfo: free sram: 88227 minimal sram: 76051
I (18809221) SystemInfo: free sram: 88227 minimal sram: 76051
I (18819221) SystemInfo: free sram: 88227 minimal sram: 76051
I (18829221) SystemInfo: free sram: 88227 minimal sram: 76051
I (18839221) SystemInfo: free sram: 88227 minimal sram: 76051
I (18849221) SystemInfo: free sram: 88227 minimal sram: 76051
I (18859221) SystemInfo: free sram: 88187 minimal sram: 76051
I (18869221) SystemInfo: free sram: 88187 minimal sram: 76051
I (18879221) SystemInfo: free sram: 88227 minimal sram: 76051
I (18889221) SystemInfo: free sram: 88227 minimal sram: 76051
I (18899221) SystemInfo: free sram: 88227 minimal sram: 76051
I (18909221) SystemInfo: free sram: 88227 minimal sram: 76051
I (18919221) SystemInfo: free sram: 88227 minimal sram: 76051
I (18929221) SystemInfo: free sram: 88227 minimal sram: 76051
I (18939221) SystemInfo: free sram: 88227 minimal sram: 76051
I (18949221) SystemInfo: free sram: 88227 minimal sram: 76051
I (18959221) SystemInfo: free sram: 88227 minimal sram: 76051
I (18969221) SystemInfo: free sram: 88187 minimal sram: 76051
I (18979221) SystemInfo: free sram: 88227 minimal sram: 76051
I (18989221) SystemInfo: free sram: 88227 minimal sram: 76051
I (18999221) SystemInfo: free sram: 88227 minimal sram: 76051
I (19009221) SystemInfo: free sram: 88227 minimal sram: 76051
I (19019221) SystemInfo: free sram: 88227 minimal sram: 76051
I (19029221) SystemInfo: free sram: 88227 minimal sram: 76051
I (19039221) SystemInfo: free sram: 88227 minimal sram: 76051
I (19049221) SystemInfo: free sram: 88227 minimal sram: 76051
I (19059221) SystemInfo: free sram: 88227 minimal sram: 76051
I (19069221) SystemInfo: free sram: 88227 minimal sram: 76051
I (19079221) SystemInfo: free sram: 88187 minimal sram: 76051
I (19089221) SystemInfo: free sram: 88227 minimal sram: 76051
I (19099221) SystemInfo: free sram: 88227 minimal sram: 76051
I (19109221) SystemInfo: free sram: 88227 minimal sram: 76051
I (19119221) SystemInfo: free sram: 88227 minimal sram: 76051
I (19129221) SystemInfo: free sram: 88227 minimal sram: 76051
I (19139221) SystemInfo: free sram: 88227 minimal sram: 76051
I (19149221) SystemInfo: free sram: 88227 minimal sram: 76051
I (19159221) SystemInfo: free sram: 88227 minimal sram: 76051
I (19169221) SystemInfo: free sram: 88227 minimal sram: 76051
I (19179221) SystemInfo: free sram: 88227 minimal sram: 76051
I (19189221) SystemInfo: free sram: 88187 minimal sram: 76051
I (19199221) SystemInfo: free sram: 88227 minimal sram: 76051
I (19209221) SystemInfo: free sram: 88227 minimal sram: 76051
I (19219221) SystemInfo: free sram: 88227 minimal sram: 76051
I (19229221) SystemInfo: free sram: 88227 minimal sram: 76051
I (19239221) SystemInfo: free sram: 88227 minimal sram: 76051
I (19249221) SystemInfo: free sram: 88227 minimal sram: 76051
I (19259221) SystemInfo: free sram: 88227 minimal sram: 76051
I (19269221) SystemInfo: free sram: 88227 minimal sram: 76051
I (19279221) SystemInfo: free sram: 88227 minimal sram: 76051
I (19289221) SystemInfo: free sram: 88227 minimal sram: 76051
I (19299221) SystemInfo: free sram: 88187 minimal sram: 76051
I (19309221) SystemInfo: free sram: 88227 minimal sram: 76051
I (19319221) SystemInfo: free sram: 88227 minimal sram: 76051
I (19329221) SystemInfo: free sram: 88227 minimal sram: 76051
I (19339221) SystemInfo: free sram: 88227 minimal sram: 76051
I (19349221) SystemInfo: free sram: 88227 minimal sram: 76051
I (19359221) SystemInfo: free sram: 88227 minimal sram: 76051
I (19369221) SystemInfo: free sram: 88227 minimal sram: 76051
I (19379221) SystemInfo: free sram: 88227 minimal sram: 76051
I (19389221) SystemInfo: free sram: 88227 minimal sram: 76051
I (19399221) SystemInfo: free sram: 88227 minimal sram: 76051
I (19409221) SystemInfo: free sram: 88187 minimal sram: 76051
I (19419221) SystemInfo: free sram: 88227 minimal sram: 76051
I (19429221) SystemInfo: free sram: 88227 minimal sram: 76051
I (19439221) SystemInfo: free sram: 88227 minimal sram: 76051
I (19449221) SystemInfo: free sram: 88227 minimal sram: 76051
I (19459221) SystemInfo: free sram: 88227 minimal sram: 76051
I (19469221) SystemInfo: free sram: 88227 minimal sram: 76051
I (19479221) SystemInfo: free sram: 88227 minimal sram: 76051
I (19489221) SystemInfo: free sram: 88227 minimal sram: 76051
I (19499221) SystemInfo: free sram: 88227 minimal sram: 76051
I (19509221) SystemInfo: free sram: 88187 minimal sram: 76051
I (19519221) SystemInfo: free sram: 88187 minimal sram: 76051
I (19529221) SystemInfo: free sram: 88227 minimal sram: 76051
I (19539221) SystemInfo: free sram: 88227 minimal sram: 76051
I (19549221) SystemInfo: free sram: 88227 minimal sram: 76051
I (19559221) SystemInfo: free sram: 88227 minimal sram: 76051
I (19569221) SystemInfo: free sram: 88227 minimal sram: 76051
I (19579221) SystemInfo: free sram: 88227 minimal sram: 76051
I (19589221) SystemInfo: free sram: 88227 minimal sram: 76051
I (19599221) SystemInfo: free sram: 88227 minimal sram: 76051
I (19609221) SystemInfo: free sram: 88227 minimal sram: 76051
I (19619221) SystemInfo: free sram: 88227 minimal sram: 76051
I (19629221) SystemInfo: free sram: 88187 minimal sram: 76051
I (19639221) SystemInfo: free sram: 88227 minimal sram: 76051
I (19649221) SystemInfo: free sram: 88227 minimal sram: 76051
I (19659221) SystemInfo: free sram: 88227 minimal sram: 76051
I (19669221) SystemInfo: free sram: 88227 minimal sram: 76051
I (19679221) SystemInfo: free sram: 88227 minimal sram: 76051
I (19689221) SystemInfo: free sram: 88227 minimal sram: 76051
I (19699221) SystemInfo: free sram: 88227 minimal sram: 76051
I (19709221) SystemInfo: free sram: 88227 minimal sram: 76051
I (19719221) SystemInfo: free sram: 88227 minimal sram: 76051
I (19729221) SystemInfo: free sram: 88227 minimal sram: 76051
I (19739221) SystemInfo: free sram: 88187 minimal sram: 76051
I (19749221) SystemInfo: free sram: 88227 minimal sram: 76051
I (19759221) SystemInfo: free sram: 88227 minimal sram: 76051
I (19769221) SystemInfo: free sram: 88227 minimal sram: 76051
I (19779221) SystemInfo: free sram: 88227 minimal sram: 76051
I (19789221) SystemInfo: free sram: 88227 minimal sram: 76051
I (19799221) SystemInfo: free sram: 88227 minimal sram: 76051
I (19809221) SystemInfo: free sram: 88227 minimal sram: 76051
I (19819221) SystemInfo: free sram: 88227 minimal sram: 76051
I (19829221) SystemInfo: free sram: 88227 minimal sram: 76051
I (19839221) SystemInfo: free sram: 88227 minimal sram: 76051
I (19849221) SystemInfo: free sram: 88187 minimal sram: 76051
I (19859221) SystemInfo: free sram: 88227 minimal sram: 76051
I (19869221) SystemInfo: free sram: 88227 minimal sram: 76051
I (19879221) SystemInfo: free sram: 88227 minimal sram: 76051
I (19889221) SystemInfo: free sram: 88227 minimal sram: 76051
I (19899221) SystemInfo: free sram: 88227 minimal sram: 76051
I (19909221) SystemInfo: free sram: 88227 minimal sram: 76051
I (19919221) SystemInfo: free sram: 88227 minimal sram: 76051
I (19929221) SystemInfo: free sram: 88227 minimal sram: 76051
I (19939221) SystemInfo: free sram: 88227 minimal sram: 76051
I (19949221) SystemInfo: free sram: 88227 minimal sram: 76051
I (19959221) SystemInfo: free sram: 88187 minimal sram: 76051
I (19969221) SystemInfo: free sram: 88227 minimal sram: 76051
I (19979221) SystemInfo: free sram: 88227 minimal sram: 76051
I (19989221) SystemInfo: free sram: 88227 minimal sram: 76051
I (19999221) SystemInfo: free sram: 88227 minimal sram: 76051
I (20009221) SystemInfo: free sram: 88227 minimal sram: 76051
I (20019221) SystemInfo: free sram: 88227 minimal sram: 76051
I (20029221) SystemInfo: free sram: 88227 minimal sram: 76051
I (20039221) SystemInfo: free sram: 88227 minimal sram: 76051
I (20049221) SystemInfo: free sram: 88227 minimal sram: 76051
I (20059221) SystemInfo: free sram: 88227 minimal sram: 76051
I (20069221) SystemInfo: free sram: 88187 minimal sram: 76051
I (20079221) SystemInfo: free sram: 88227 minimal sram: 76051
I (20089221) SystemInfo: free sram: 88227 minimal sram: 76051
I (20099221) SystemInfo: free sram: 88227 minimal sram: 76051
I (20109221) SystemInfo: free sram: 88227 minimal sram: 76051
I (20119221) SystemInfo: free sram: 88227 minimal sram: 76051
I (20129221) SystemInfo: free sram: 88227 minimal sram: 76051
I (20139221) SystemInfo: free sram: 88227 minimal sram: 76051
I (20149221) SystemInfo: free sram: 88187 minimal sram: 76051
I (20159221) SystemInfo: free sram: 88227 minimal sram: 76051
I (20169221) SystemInfo: free sram: 88227 minimal sram: 76051
I (20179221) SystemInfo: free sram: 88187 minimal sram: 76051
I (20189221) SystemInfo: free sram: 88227 minimal sram: 76051
I (20199221) SystemInfo: free sram: 88227 minimal sram: 76051
I (20209221) SystemInfo: free sram: 88227 minimal sram: 76051
I (20219221) SystemInfo: free sram: 88227 minimal sram: 76051
I (20229221) SystemInfo: free sram: 88227 minimal sram: 76051
I (20239221) SystemInfo: free sram: 88227 minimal sram: 76051
I (20249221) SystemInfo: free sram: 88227 minimal sram: 76051
I (20259221) SystemInfo: free sram: 88227 minimal sram: 76051
I (20269221) SystemInfo: free sram: 88227 minimal sram: 76051
I (20279221) SystemInfo: free sram: 88227 minimal sram: 76051
I (20289221) SystemInfo: free sram: 88187 minimal sram: 76051
I (20299221) SystemInfo: free sram: 88227 minimal sram: 76051
I (20309221) SystemInfo: free sram: 88227 minimal sram: 76051
I (20319221) SystemInfo: free sram: 88227 minimal sram: 76051
I (20329221) SystemInfo: free sram: 88227 minimal sram: 76051
I (20339221) SystemInfo: free sram: 88227 minimal sram: 76051
I (20349221) SystemInfo: free sram: 88227 minimal sram: 76051
I (20359221) SystemInfo: free sram: 88227 minimal sram: 76051
I (20369221) SystemInfo: free sram: 88227 minimal sram: 76051
I (20379221) SystemInfo: free sram: 88227 minimal sram: 76051
I (20389221) SystemInfo: free sram: 88227 minimal sram: 76051
I (20399221) SystemInfo: free sram: 88187 minimal sram: 76051
I (20409221) SystemInfo: free sram: 88227 minimal sram: 76051
I (20419221) SystemInfo: free sram: 88227 minimal sram: 76051
I (20429221) SystemInfo: free sram: 88227 minimal sram: 76051
I (20439221) SystemInfo: free sram: 88227 minimal sram: 76051
I (20449221) SystemInfo: free sram: 88227 minimal sram: 76051
I (20459221) SystemInfo: free sram: 88227 minimal sram: 76051
I (20469221) SystemInfo: free sram: 88227 minimal sram: 76051
I (20479221) SystemInfo: free sram: 88227 minimal sram: 76051
I (20489221) SystemInfo: free sram: 88227 minimal sram: 76051
I (20499221) SystemInfo: free sram: 88227 minimal sram: 76051
I (20509221) SystemInfo: free sram: 88187 minimal sram: 76051
I (20519221) SystemInfo: free sram: 88227 minimal sram: 76051
I (20529221) SystemInfo: free sram: 88227 minimal sram: 76051
I (20539221) SystemInfo: free sram: 88227 minimal sram: 76051
I (20549221) SystemInfo: free sram: 88227 minimal sram: 76051
I (20559221) SystemInfo: free sram: 88227 minimal sram: 76051
I (20569221) SystemInfo: free sram: 88227 minimal sram: 76051
I (20579221) SystemInfo: free sram: 88227 minimal sram: 76051
I (20589221) SystemInfo: free sram: 88227 minimal sram: 76051
I (20599221) SystemInfo: free sram: 88227 minimal sram: 76051
I (20609221) SystemInfo: free sram: 88227 minimal sram: 76051
I (20619221) SystemInfo: free sram: 88187 minimal sram: 76051
I (20629221) SystemInfo: free sram: 88227 minimal sram: 76051
I (20639221) SystemInfo: free sram: 88227 minimal sram: 76051
I (20649221) SystemInfo: free sram: 88227 minimal sram: 76051
I (20659221) SystemInfo: free sram: 88227 minimal sram: 76051
I (20669221) SystemInfo: free sram: 88227 minimal sram: 76051
I (20679221) SystemInfo: free sram: 88227 minimal sram: 76051
I (20689221) SystemInfo: free sram: 88227 minimal sram: 76051
I (20699221) SystemInfo: free sram: 88227 minimal sram: 76051
I (20709221) SystemInfo: free sram: 88227 minimal sram: 76051
I (20719221) SystemInfo: free sram: 88227 minimal sram: 76051
I (20729221) SystemInfo: free sram: 88187 minimal sram: 76051
I (20739221) SystemInfo: free sram: 88227 minimal sram: 76051
I (20749221) SystemInfo: free sram: 88227 minimal sram: 76051
I (20759221) SystemInfo: free sram: 88227 minimal sram: 76051
I (20769221) SystemInfo: free sram: 88227 minimal sram: 76051
I (20779221) SystemInfo: free sram: 88227 minimal sram: 76051
I (20789221) SystemInfo: free sram: 88187 minimal sram: 76051
I (20799221) SystemInfo: free sram: 88227 minimal sram: 76051
I (20809221) SystemInfo: free sram: 88227 minimal sram: 76051
I (20819221) SystemInfo: free sram: 88227 minimal sram: 76051
I (20829221) SystemInfo: free sram: 88227 minimal sram: 76051
I (20839221) SystemInfo: free sram: 88187 minimal sram: 76051
I (20849221) SystemInfo: free sram: 88227 minimal sram: 76051
I (20859221) SystemInfo: free sram: 88227 minimal sram: 76051
I (20869221) SystemInfo: free sram: 88227 minimal sram: 76051
I (20879221) SystemInfo: free sram: 88227 minimal sram: 76051
I (20889221) SystemInfo: free sram: 88227 minimal sram: 76051
I (20899221) SystemInfo: free sram: 88227 minimal sram: 76051
I (20909221) SystemInfo: free sram: 88227 minimal sram: 76051
I (20919221) SystemInfo: free sram: 88227 minimal sram: 76051
I (20929221) SystemInfo: free sram: 88227 minimal sram: 76051
I (20939221) SystemInfo: free sram: 88227 minimal sram: 76051
I (20949221) SystemInfo: free sram: 88187 minimal sram: 76051
I (20959221) SystemInfo: free sram: 88227 minimal sram: 76051
I (20969221) SystemInfo: free sram: 88227 minimal sram: 76051
I (20979221) SystemInfo: free sram: 88227 minimal sram: 76051
I (20989221) SystemInfo: free sram: 88227 minimal sram: 76051
I (20999221) SystemInfo: free sram: 88227 minimal sram: 76051
I (21009221) SystemInfo: free sram: 88227 minimal sram: 76051
I (21019221) SystemInfo: free sram: 88227 minimal sram: 76051
I (21029221) SystemInfo: free sram: 88227 minimal sram: 76051
I (21039221) SystemInfo: free sram: 88227 minimal sram: 76051
I (21049221) SystemInfo: free sram: 88227 minimal sram: 76051
I (21059221) SystemInfo: free sram: 88187 minimal sram: 76051
I (21069221) SystemInfo: free sram: 88227 minimal sram: 76051
I (21079221) SystemInfo: free sram: 88227 minimal sram: 76051
I (21089221) SystemInfo: free sram: 88227 minimal sram: 76051
I (21099221) SystemInfo: free sram: 88227 minimal sram: 76051
I (21109221) SystemInfo: free sram: 88227 minimal sram: 76051
I (21119221) SystemInfo: free sram: 88227 minimal sram: 76051
I (21129221) SystemInfo: free sram: 88227 minimal sram: 76051
I (21139221) SystemInfo: free sram: 88227 minimal sram: 76051
I (21149221) SystemInfo: free sram: 88227 minimal sram: 76051
I (21159221) SystemInfo: free sram: 88227 minimal sram: 76051
I (21169221) SystemInfo: free sram: 88187 minimal sram: 76051
I (21179221) SystemInfo: free sram: 88227 minimal sram: 76051
I (21189221) SystemInfo: free sram: 88227 minimal sram: 76051
I (21199221) SystemInfo: free sram: 88227 minimal sram: 76051
I (21209221) SystemInfo: free sram: 88227 minimal sram: 76051
I (21219221) SystemInfo: free sram: 88227 minimal sram: 76051
I (21229221) SystemInfo: free sram: 88227 minimal sram: 76051
I (21239221) SystemInfo: free sram: 88227 minimal sram: 76051
I (21249221) SystemInfo: free sram: 88227 minimal sram: 76051
I (21259221) SystemInfo: free sram: 88227 minimal sram: 76051
I (21269221) SystemInfo: free sram: 88227 minimal sram: 76051
I (21279221) SystemInfo: free sram: 88187 minimal sram: 76051
I (21289221) SystemInfo: free sram: 88227 minimal sram: 76051
I (21299221) SystemInfo: free sram: 88227 minimal sram: 76051
I (21309221) SystemInfo: free sram: 88227 minimal sram: 76051
I (21319221) SystemInfo: free sram: 88227 minimal sram: 76051
I (21329221) SystemInfo: free sram: 88227 minimal sram: 76051
I (21339221) SystemInfo: free sram: 88227 minimal sram: 76051
I (21349221) SystemInfo: free sram: 88227 minimal sram: 76051
I (21359221) SystemInfo: free sram: 88227 minimal sram: 76051
I (21369221) SystemInfo: free sram: 88227 minimal sram: 76051
I (21379221) SystemInfo: free sram: 88227 minimal sram: 76051
I (21389221) SystemInfo: free sram: 88187 minimal sram: 76051
I (21399221) SystemInfo: free sram: 88227 minimal sram: 76051
I (21409221) SystemInfo: free sram: 88227 minimal sram: 76051
I (21419221) SystemInfo: free sram: 88227 minimal sram: 76051
I (21429221) SystemInfo: free sram: 88187 minimal sram: 76051
I (21439221) SystemInfo: free sram: 88227 minimal sram: 76051
I (21449221) SystemInfo: free sram: 88227 minimal sram: 76051
I (21459221) SystemInfo: free sram: 88227 minimal sram: 76051
I (21469221) SystemInfo: free sram: 88227 minimal sram: 76051
I (21479221) SystemInfo: free sram: 88227 minimal sram: 76051
I (21489221) SystemInfo: free sram: 88227 minimal sram: 76051
I (21499221) SystemInfo: free sram: 88187 minimal sram: 76051
I (21509221) SystemInfo: free sram: 88227 minimal sram: 76051
I (21519221) SystemInfo: free sram: 88227 minimal sram: 76051
I (21529221) SystemInfo: free sram: 88227 minimal sram: 76051
I (21539221) SystemInfo: free sram: 88227 minimal sram: 76051
I (21549221) SystemInfo: free sram: 88227 minimal sram: 76051
I (21559221) SystemInfo: free sram: 88227 minimal sram: 76051
I (21569221) SystemInfo: free sram: 88227 minimal sram: 76051
I (21579221) SystemInfo: free sram: 88227 minimal sram: 76051
I (21589221) SystemInfo: free sram: 88227 minimal sram: 76051
I (21599221) SystemInfo: free sram: 88227 minimal sram: 76051
I (21609221) SystemInfo: free sram: 88187 minimal sram: 76051
I (21619221) SystemInfo: free sram: 88227 minimal sram: 76051
I (21629221) SystemInfo: free sram: 88227 minimal sram: 76051
I (21639221) SystemInfo: free sram: 88227 minimal sram: 76051
I (21649221) SystemInfo: free sram: 88227 minimal sram: 76051
I (21659221) SystemInfo: free sram: 88227 minimal sram: 76051
I (21669221) SystemInfo: free sram: 88227 minimal sram: 76051
I (21679221) SystemInfo: free sram: 88227 minimal sram: 76051
I (21689221) SystemInfo: free sram: 88227 minimal sram: 76051
I (21699221) SystemInfo: free sram: 88227 minimal sram: 76051
I (21709221) SystemInfo: free sram: 88227 minimal sram: 76051
I (21719221) SystemInfo: free sram: 88187 minimal sram: 76051
I (21729221) SystemInfo: free sram: 88227 minimal sram: 76051
I (21739221) SystemInfo: free sram: 88227 minimal sram: 76051
I (21749221) SystemInfo: free sram: 88227 minimal sram: 76051
I (21759221) SystemInfo: free sram: 88227 minimal sram: 76051
I (21769221) SystemInfo: free sram: 88227 minimal sram: 76051
I (21779221) SystemInfo: free sram: 88227 minimal sram: 76051
I (21789221) SystemInfo: free sram: 88227 minimal sram: 76051
I (21799221) SystemInfo: free sram: 88227 minimal sram: 76051
I (21809221) SystemInfo: free sram: 88227 minimal sram: 76051
I (21819221) SystemInfo: free sram: 88227 minimal sram: 76051
I (21829221) SystemInfo: free sram: 88187 minimal sram: 76051
I (21839221) SystemInfo: free sram: 88227 minimal sram: 76051
I (21849221) SystemInfo: free sram: 88227 minimal sram: 76051
I (21859221) SystemInfo: free sram: 88227 minimal sram: 76051
I (21869221) SystemInfo: free sram: 88227 minimal sram: 76051
I (21879221) SystemInfo: free sram: 88227 minimal sram: 76051
I (21889221) SystemInfo: free sram: 88227 minimal sram: 76051
I (21899221) SystemInfo: free sram: 88227 minimal sram: 76051
I (21909221) SystemInfo: free sram: 88227 minimal sram: 76051
I (21919221) SystemInfo: free sram: 88227 minimal sram: 76051
I (21929221) SystemInfo: free sram: 88227 minimal sram: 76051
I (21939221) SystemInfo: free sram: 88187 minimal sram: 76051
I (21949221) SystemInfo: free sram: 88227 minimal sram: 76051
I (21959221) SystemInfo: free sram: 88227 minimal sram: 76051
I (21969221) SystemInfo: free sram: 88227 minimal sram: 76051
I (21979221) SystemInfo: free sram: 88227 minimal sram: 76051
I (21989221) SystemInfo: free sram: 88227 minimal sram: 76051
I (21999221) SystemInfo: free sram: 88227 minimal sram: 76051
I (22009221) SystemInfo: free sram: 88227 minimal sram: 76051
I (22019221) SystemInfo: free sram: 88227 minimal sram: 76051
I (22029221) SystemInfo: free sram: 88227 minimal sram: 76051
I (22039221) SystemInfo: free sram: 88227 minimal sram: 76051
I (22049221) SystemInfo: free sram: 88187 minimal sram: 76051
I (22059221) SystemInfo: free sram: 88227 minimal sram: 76051
I (22069221) SystemInfo: free sram: 88187 minimal sram: 76051
I (22079221) SystemInfo: free sram: 88227 minimal sram: 76051
I (22089221) SystemInfo: free sram: 88227 minimal sram: 76051
I (22099221) SystemInfo: free sram: 88227 minimal sram: 76051
I (22109221) SystemInfo: free sram: 88227 minimal sram: 76051
I (22119221) SystemInfo: free sram: 88227 minimal sram: 76051
I (22129221) SystemInfo: free sram: 88227 minimal sram: 76051
I (22139221) SystemInfo: free sram: 88227 minimal sram: 76051
I (22149221) SystemInfo: free sram: 88227 minimal sram: 76051
I (22159221) SystemInfo: free sram: 88187 minimal sram: 76051
I (22169221) SystemInfo: free sram: 88227 minimal sram: 76051
I (22179221) SystemInfo: free sram: 88227 minimal sram: 76051
I (22189221) SystemInfo: free sram: 88227 minimal sram: 76051
I (22199221) SystemInfo: free sram: 88227 minimal sram: 76051
I (22209221) SystemInfo: free sram: 88227 minimal sram: 76051
I (22219221) SystemInfo: free sram: 88227 minimal sram: 76051
I (22229221) SystemInfo: free sram: 88227 minimal sram: 76051
I (22239221) SystemInfo: free sram: 88227 minimal sram: 76051
I (22249221) SystemInfo: free sram: 88227 minimal sram: 76051
I (22259221) SystemInfo: free sram: 88227 minimal sram: 76051
I (22269221) SystemInfo: free sram: 88187 minimal sram: 76051
I (22279221) SystemInfo: free sram: 88227 minimal sram: 76051
I (22289221) SystemInfo: free sram: 88227 minimal sram: 76051
I (22299221) SystemInfo: free sram: 88227 minimal sram: 76051
I (22309221) SystemInfo: free sram: 88227 minimal sram: 76051
I (22319221) SystemInfo: free sram: 88227 minimal sram: 76051
I (22329221) SystemInfo: free sram: 88227 minimal sram: 76051
I (22339221) SystemInfo: free sram: 88227 minimal sram: 76051
I (22349221) SystemInfo: free sram: 88227 minimal sram: 76051
I (22359221) SystemInfo: free sram: 88227 minimal sram: 76051
I (22369221) SystemInfo: free sram: 88227 minimal sram: 76051
I (22379221) SystemInfo: free sram: 88187 minimal sram: 76051
I (22389221) SystemInfo: free sram: 88227 minimal sram: 76051
I (22399221) SystemInfo: free sram: 88227 minimal sram: 76051
I (22409221) SystemInfo: free sram: 88227 minimal sram: 76051
I (22419221) SystemInfo: free sram: 88227 minimal sram: 76051
I (22429221) SystemInfo: free sram: 88227 minimal sram: 76051
I (22439221) SystemInfo: free sram: 88227 minimal sram: 76051
I (22449221) SystemInfo: free sram: 88227 minimal sram: 76051
I (22459221) SystemInfo: free sram: 88227 minimal sram: 76051
I (22469221) SystemInfo: free sram: 88227 minimal sram: 76051
I (22479221) SystemInfo: free sram: 88227 minimal sram: 76051
I (22489221) SystemInfo: free sram: 88187 minimal sram: 76051
I (22499221) SystemInfo: free sram: 88227 minimal sram: 76051
I (22509221) SystemInfo: free sram: 88227 minimal sram: 76051
I (22519221) SystemInfo: free sram: 88227 minimal sram: 76051
I (22529221) SystemInfo: free sram: 88227 minimal sram: 76051
I (22539221) SystemInfo: free sram: 88227 minimal sram: 76051
I (22549221) SystemInfo: free sram: 88227 minimal sram: 76051
I (22559221) SystemInfo: free sram: 88227 minimal sram: 76051
I (22569221) SystemInfo: free sram: 88227 minimal sram: 76051
I (22579221) SystemInfo: free sram: 88227 minimal sram: 76051
I (22589221) SystemInfo: free sram: 88227 minimal sram: 76051
I (22599221) SystemInfo: free sram: 88187 minimal sram: 76051
I (22609221) SystemInfo: free sram: 88227 minimal sram: 76051
I (22619221) SystemInfo: free sram: 88227 minimal sram: 76051
I (22629221) SystemInfo: free sram: 88227 minimal sram: 76051
I (22639221) SystemInfo: free sram: 88227 minimal sram: 76051
I (22649221) SystemInfo: free sram: 88227 minimal sram: 76051
I (22659221) SystemInfo: free sram: 88227 minimal sram: 76051
I (22669221) SystemInfo: free sram: 88227 minimal sram: 76051
I (22679221) SystemInfo: free sram: 88227 minimal sram: 76051
I (22689221) SystemInfo: free sram: 88227 minimal sram: 76051
I (22699221) SystemInfo: free sram: 88227 minimal sram: 76051
I (22709221) SystemInfo: free sram: 88147 minimal sram: 76051
I (22719221) SystemInfo: free sram: 88227 minimal sram: 76051
I (22729221) SystemInfo: free sram: 88227 minimal sram: 76051
I (22739221) SystemInfo: free sram: 88227 minimal sram: 76051
I (22749221) SystemInfo: free sram: 88227 minimal sram: 76051
I (22759221) SystemInfo: free sram: 88227 minimal sram: 76051
I (22769221) SystemInfo: free sram: 88227 minimal sram: 76051
I (22779221) SystemInfo: free sram: 88227 minimal sram: 76051
I (22789221) SystemInfo: free sram: 88227 minimal sram: 76051
I (22799221) SystemInfo: free sram: 88227 minimal sram: 76051
I (22809221) SystemInfo: free sram: 88227 minimal sram: 76051
I (22819221) SystemInfo: free sram: 88187 minimal sram: 76051
I (22829221) SystemInfo: free sram: 88227 minimal sram: 76051
I (22839221) SystemInfo: free sram: 88227 minimal sram: 76051
I (22849221) SystemInfo: free sram: 88227 minimal sram: 76051
I (22859221) SystemInfo: free sram: 88227 minimal sram: 76051
I (22869221) SystemInfo: free sram: 88227 minimal sram: 76051
I (22879221) SystemInfo: free sram: 88227 minimal sram: 76051
I (22889221) SystemInfo: free sram: 88227 minimal sram: 76051
I (22899221) SystemInfo: free sram: 88227 minimal sram: 76051
I (22909221) SystemInfo: free sram: 88227 minimal sram: 76051
I (22919221) SystemInfo: free sram: 88227 minimal sram: 76051
I (22929221) SystemInfo: free sram: 88187 minimal sram: 76051
I (22939221) SystemInfo: free sram: 88227 minimal sram: 76051
I (22949221) SystemInfo: free sram: 88227 minimal sram: 76051
I (22959221) SystemInfo: free sram: 88227 minimal sram: 76051
I (22969221) SystemInfo: free sram: 88227 minimal sram: 76051
I (22979221) SystemInfo: free sram: 88227 minimal sram: 76051
I (22989221) SystemInfo: free sram: 88227 minimal sram: 76051
I (22999221) SystemInfo: free sram: 88227 minimal sram: 76051
I (23009221) SystemInfo: free sram: 88227 minimal sram: 76051
I (23019221) SystemInfo: free sram: 88227 minimal sram: 76051
I (23029221) SystemInfo: free sram: 88227 minimal sram: 76051
I (23039221) SystemInfo: free sram: 88187 minimal sram: 76051
I (23049221) SystemInfo: free sram: 88227 minimal sram: 76051
I (23059221) SystemInfo: free sram: 88227 minimal sram: 76051
I (23069221) SystemInfo: free sram: 88227 minimal sram: 76051
I (23079221) SystemInfo: free sram: 88227 minimal sram: 76051
I (23089221) SystemInfo: free sram: 88227 minimal sram: 76051
I (23099221) SystemInfo: free sram: 88227 minimal sram: 76051
I (23109221) SystemInfo: free sram: 88227 minimal sram: 76051
I (23119221) SystemInfo: free sram: 88227 minimal sram: 76051
I (23129221) SystemInfo: free sram: 88227 minimal sram: 76051
I (23139221) SystemInfo: free sram: 88227 minimal sram: 76051
I (23149221) SystemInfo: free sram: 88187 minimal sram: 76051
I (23159221) SystemInfo: free sram: 88227 minimal sram: 76051
I (23169221) SystemInfo: free sram: 88227 minimal sram: 76051
I (23179221) SystemInfo: free sram: 88227 minimal sram: 76051
I (23189221) SystemInfo: free sram: 88227 minimal sram: 76051
I (23199221) SystemInfo: free sram: 88227 minimal sram: 76051
I (23209221) SystemInfo: free sram: 88227 minimal sram: 76051
I (23219221) SystemInfo: free sram: 88187 minimal sram: 76051
I (23229221) SystemInfo: free sram: 88227 minimal sram: 76051
I (23239221) SystemInfo: free sram: 88227 minimal sram: 76051
I (23249221) SystemInfo: free sram: 88227 minimal sram: 76051
I (23259221) SystemInfo: free sram: 88187 minimal sram: 76051
I (23269221) SystemInfo: free sram: 88227 minimal sram: 76051
I (23279221) SystemInfo: free sram: 88227 minimal sram: 76051
I (23289221) SystemInfo: free sram: 88227 minimal sram: 76051
I (23299221) SystemInfo: free sram: 88227 minimal sram: 76051
I (23309221) SystemInfo: free sram: 88227 minimal sram: 76051
I (23319221) SystemInfo: free sram: 88227 minimal sram: 76051
I (23329221) SystemInfo: free sram: 88227 minimal sram: 76051
I (23339221) SystemInfo: free sram: 88227 minimal sram: 76051
I (23349221) SystemInfo: free sram: 88187 minimal sram: 76051
I (23359221) SystemInfo: free sram: 88227 minimal sram: 76051
I (23369221) SystemInfo: free sram: 88187 minimal sram: 76051
I (23379221) SystemInfo: free sram: 88227 minimal sram: 76051
I (23389221) SystemInfo: free sram: 88227 minimal sram: 76051
I (23399221) SystemInfo: free sram: 88227 minimal sram: 76051
I (23409221) SystemInfo: free sram: 88227 minimal sram: 76051
I (23419221) SystemInfo: free sram: 88227 minimal sram: 76051
I (23429221) SystemInfo: free sram: 88227 minimal sram: 76051
I (23439221) SystemInfo: free sram: 88227 minimal sram: 76051
I (23449221) SystemInfo: free sram: 88227 minimal sram: 76051
I (23459221) SystemInfo: free sram: 88227 minimal sram: 76051
I (23469221) SystemInfo: free sram: 88227 minimal sram: 76051
I (23479221) SystemInfo: free sram: 88187 minimal sram: 76051
I (23489221) SystemInfo: free sram: 88227 minimal sram: 76051
I (23499221) SystemInfo: free sram: 88227 minimal sram: 76051
I (23509221) SystemInfo: free sram: 88227 minimal sram: 76051
I (23519221) SystemInfo: free sram: 88227 minimal sram: 76051
I (23529221) SystemInfo: free sram: 88227 minimal sram: 76051
I (23539221) SystemInfo: free sram: 88227 minimal sram: 76051
I (23549221) SystemInfo: free sram: 88227 minimal sram: 76051
I (23559221) SystemInfo: free sram: 88227 minimal sram: 76051
I (23569221) SystemInfo: free sram: 88227 minimal sram: 76051
I (23579221) SystemInfo: free sram: 88227 minimal sram: 76051
I (23589221) SystemInfo: free sram: 88187 minimal sram: 76051
I (23599221) SystemInfo: free sram: 88227 minimal sram: 76051
I (23609221) SystemInfo: free sram: 88227 minimal sram: 76051
I (23619221) SystemInfo: free sram: 88227 minimal sram: 76051
I (23629221) SystemInfo: free sram: 88227 minimal sram: 76051
I (23639221) SystemInfo: free sram: 88227 minimal sram: 76051
I (23649221) SystemInfo: free sram: 88227 minimal sram: 76051
I (23659221) SystemInfo: free sram: 88227 minimal sram: 76051
I (23669221) SystemInfo: free sram: 88227 minimal sram: 76051
I (23679221) SystemInfo: free sram: 88227 minimal sram: 76051
I (23689221) SystemInfo: free sram: 88227 minimal sram: 76051
I (23699221) SystemInfo: free sram: 88187 minimal sram: 76051
I (23709221) SystemInfo: free sram: 88227 minimal sram: 76051
I (23719221) SystemInfo: free sram: 88227 minimal sram: 76051
I (23729221) SystemInfo: free sram: 88227 minimal sram: 76051
I (23739221) SystemInfo: free sram: 88227 minimal sram: 76051
I (23749221) SystemInfo: free sram: 88227 minimal sram: 76051
I (23759221) SystemInfo: free sram: 88227 minimal sram: 76051
I (23769221) SystemInfo: free sram: 88227 minimal sram: 76051
I (23779221) SystemInfo: free sram: 88227 minimal sram: 76051
I (23789221) SystemInfo: free sram: 88227 minimal sram: 76051
I (23799221) SystemInfo: free sram: 88227 minimal sram: 76051
I (23809221) SystemInfo: free sram: 88187 minimal sram: 76051
I (23819221) SystemInfo: free sram: 88227 minimal sram: 76051
I (23829221) SystemInfo: free sram: 88227 minimal sram: 76051
I (23839221) SystemInfo: free sram: 88227 minimal sram: 76051
I (23849221) SystemInfo: free sram: 88227 minimal sram: 76051
I (23859221) SystemInfo: free sram: 88187 minimal sram: 76051
I (23869221) SystemInfo: free sram: 88227 minimal sram: 76051
I (23879221) SystemInfo: free sram: 88227 minimal sram: 76051
I (23889221) SystemInfo: free sram: 88227 minimal sram: 76051
I (23899221) SystemInfo: free sram: 88227 minimal sram: 76051
I (23909221) SystemInfo: free sram: 88227 minimal sram: 76051
I (23919221) SystemInfo: free sram: 88187 minimal sram: 76051
I (23929221) SystemInfo: free sram: 88227 minimal sram: 76051
I (23939221) SystemInfo: free sram: 88227 minimal sram: 76051
I (23949221) SystemInfo: free sram: 88227 minimal sram: 76051
I (23959221) SystemInfo: free sram: 88227 minimal sram: 76051
I (23969221) SystemInfo: free sram: 88227 minimal sram: 76051
I (23979221) SystemInfo: free sram: 88227 minimal sram: 76051
I (23989221) SystemInfo: free sram: 88187 minimal sram: 76051
I (23999221) SystemInfo: free sram: 88227 minimal sram: 76051
I (24009221) SystemInfo: free sram: 88227 minimal sram: 76051
I (24019221) SystemInfo: free sram: 88227 minimal sram: 76051
I (24029221) SystemInfo: free sram: 88187 minimal sram: 76051
I (24039221) SystemInfo: free sram: 88227 minimal sram: 76051
I (24049221) SystemInfo: free sram: 88227 minimal sram: 76051
I (24059221) SystemInfo: free sram: 88227 minimal sram: 76051
I (24069221) SystemInfo: free sram: 88227 minimal sram: 76051
I (24079221) SystemInfo: free sram: 88227 minimal sram: 76051
I (24089221) SystemInfo: free sram: 88227 minimal sram: 76051
I (24099221) SystemInfo: free sram: 88227 minimal sram: 76051
I (24109221) SystemInfo: free sram: 88227 minimal sram: 76051
I (24119221) SystemInfo: free sram: 88227 minimal sram: 76051
I (24129221) SystemInfo: free sram: 88227 minimal sram: 76051
I (24139221) SystemInfo: free sram: 88187 minimal sram: 76051
I (24149221) SystemInfo: free sram: 88227 minimal sram: 76051
I (24159221) SystemInfo: free sram: 88187 minimal sram: 76051
I (24169221) SystemInfo: free sram: 88227 minimal sram: 76051
I (24179221) SystemInfo: free sram: 88227 minimal sram: 76051
I (24189221) SystemInfo: free sram: 88227 minimal sram: 76051
I (24199221) SystemInfo: free sram: 88227 minimal sram: 76051
I (24209221) SystemInfo: free sram: 88227 minimal sram: 76051
I (24219221) SystemInfo: free sram: 88227 minimal sram: 76051
I (24229221) SystemInfo: free sram: 88227 minimal sram: 76051
I (24239221) SystemInfo: free sram: 88227 minimal sram: 76051
I (24249221) SystemInfo: free sram: 88187 minimal sram: 76051
I (24259221) SystemInfo: free sram: 88227 minimal sram: 76051
I (24269221) SystemInfo: free sram: 88227 minimal sram: 76051
I (24279221) SystemInfo: free sram: 88227 minimal sram: 76051
I (24289221) SystemInfo: free sram: 88227 minimal sram: 76051
I (24299221) SystemInfo: free sram: 88227 minimal sram: 76051
I (24309221) SystemInfo: free sram: 88227 minimal sram: 76051
I (24319221) SystemInfo: free sram: 88227 minimal sram: 76051
I (24329221) SystemInfo: free sram: 88227 minimal sram: 76051
I (24339221) SystemInfo: free sram: 88227 minimal sram: 76051
I (24349221) SystemInfo: free sram: 88227 minimal sram: 76051
I (24359221) SystemInfo: free sram: 88187 minimal sram: 76051
I (24369221) SystemInfo: free sram: 88227 minimal sram: 76051
I (24379221) SystemInfo: free sram: 88227 minimal sram: 76051
I (24389221) SystemInfo: free sram: 88227 minimal sram: 76051
I (24399221) SystemInfo: free sram: 88227 minimal sram: 76051
I (24409221) SystemInfo: free sram: 88227 minimal sram: 76051
I (24419221) SystemInfo: free sram: 88227 minimal sram: 76051
I (24429221) SystemInfo: free sram: 88227 minimal sram: 76051
I (24439221) SystemInfo: free sram: 88227 minimal sram: 76051
I (24449221) SystemInfo: free sram: 88227 minimal sram: 76051
I (24459221) SystemInfo: free sram: 88227 minimal sram: 76051
I (24469221) SystemInfo: free sram: 88187 minimal sram: 76051
I (24479221) SystemInfo: free sram: 88227 minimal sram: 76051
I (24489221) SystemInfo: free sram: 88227 minimal sram: 76051
I (24499221) SystemInfo: free sram: 88227 minimal sram: 76051
I (24509221) SystemInfo: free sram: 88227 minimal sram: 76051
I (24519221) SystemInfo: free sram: 88227 minimal sram: 76051
I (24529221) SystemInfo: free sram: 88227 minimal sram: 76051
I (24539221) SystemInfo: free sram: 88227 minimal sram: 76051
I (24549221) SystemInfo: free sram: 88227 minimal sram: 76051
I (24559221) SystemInfo: free sram: 88227 minimal sram: 76051
I (24569221) SystemInfo: free sram: 88227 minimal sram: 76051
I (24579221) SystemInfo: free sram: 88187 minimal sram: 76051
I (24589221) SystemInfo: free sram: 88227 minimal sram: 76051
I (24599221) SystemInfo: free sram: 88227 minimal sram: 76051
I (24609221) SystemInfo: free sram: 88227 minimal sram: 76051
I (24619221) SystemInfo: free sram: 88227 minimal sram: 76051
I (24629221) SystemInfo: free sram: 88187 minimal sram: 76051
I (24639221) SystemInfo: free sram: 88227 minimal sram: 76051
I (24649221) SystemInfo: free sram: 88227 minimal sram: 76051
I (24659221) SystemInfo: free sram: 88227 minimal sram: 76051
I (24669221) SystemInfo: free sram: 88227 minimal sram: 76051
I (24679221) SystemInfo: free sram: 88227 minimal sram: 76051
I (24689221) SystemInfo: free sram: 88187 minimal sram: 76051
I (24699221) SystemInfo: free sram: 88227 minimal sram: 76051
I (24709221) SystemInfo: free sram: 88227 minimal sram: 76051
I (24719221) SystemInfo: free sram: 88227 minimal sram: 76051
I (24729221) SystemInfo: free sram: 88227 minimal sram: 76051
I (24739221) SystemInfo: free sram: 88227 minimal sram: 76051
I (24749221) SystemInfo: free sram: 88227 minimal sram: 76051
I (24759221) SystemInfo: free sram: 88227 minimal sram: 76051
I (24769221) SystemInfo: free sram: 88227 minimal sram: 76051
I (24779221) SystemInfo: free sram: 88227 minimal sram: 76051
I (24789221) SystemInfo: free sram: 88227 minimal sram: 76051
I (24799221) SystemInfo: free sram: 88187 minimal sram: 76051
I (24809221) SystemInfo: free sram: 88227 minimal sram: 76051
I (24819221) SystemInfo: free sram: 88227 minimal sram: 76051
I (24829221) SystemInfo: free sram: 88227 minimal sram: 76051
I (24839221) SystemInfo: free sram: 88227 minimal sram: 76051
I (24849221) SystemInfo: free sram: 88227 minimal sram: 76051
I (24859221) SystemInfo: free sram: 88227 minimal sram: 76051
I (24869221) SystemInfo: free sram: 88227 minimal sram: 76051
I (24879221) SystemInfo: free sram: 88227 minimal sram: 76051
I (24889221) SystemInfo: free sram: 88227 minimal sram: 76051
I (24899221) SystemInfo: free sram: 88227 minimal sram: 76051
I (24909221) SystemInfo: free sram: 88187 minimal sram: 76051
I (24919221) SystemInfo: free sram: 88227 minimal sram: 76051
I (24929221) SystemInfo: free sram: 88227 minimal sram: 76051
I (24939221) SystemInfo: free sram: 88227 minimal sram: 76051
I (24949221) SystemInfo: free sram: 88227 minimal sram: 76051
I (24959221) SystemInfo: free sram: 88227 minimal sram: 76051
I (24969221) SystemInfo: free sram: 88227 minimal sram: 76051
I (24979221) SystemInfo: free sram: 88227 minimal sram: 76051
I (24989221) SystemInfo: free sram: 88227 minimal sram: 76051
I (24999221) SystemInfo: free sram: 88227 minimal sram: 76051
I (25009221) SystemInfo: free sram: 88227 minimal sram: 76051
I (25019221) SystemInfo: free sram: 88187 minimal sram: 76051
I (25029221) SystemInfo: free sram: 88227 minimal sram: 76051
I (25039221) SystemInfo: free sram: 88227 minimal sram: 76051
I (25049221) SystemInfo: free sram: 88227 minimal sram: 76051
I (25059221) SystemInfo: free sram: 88227 minimal sram: 76051
I (25069221) SystemInfo: free sram: 88227 minimal sram: 76051
I (25079221) SystemInfo: free sram: 88227 minimal sram: 76051
I (25089221) SystemInfo: free sram: 88227 minimal sram: 76051
I (25099221) SystemInfo: free sram: 88227 minimal sram: 76051
I (25109221) SystemInfo: free sram: 88227 minimal sram: 76051
I (25119221) SystemInfo: free sram: 88227 minimal sram: 76051
I (25129221) SystemInfo: free sram: 88187 minimal sram: 76051
I (25139221) SystemInfo: free sram: 88227 minimal sram: 76051
I (25149221) SystemInfo: free sram: 88227 minimal sram: 76051
I (25159221) SystemInfo: free sram: 88227 minimal sram: 76051
I (25169221) SystemInfo: free sram: 88227 minimal sram: 76051
I (25179221) SystemInfo: free sram: 88227 minimal sram: 76051
I (25189221) SystemInfo: free sram: 88227 minimal sram: 76051
I (25199221) SystemInfo: free sram: 88227 minimal sram: 76051
I (25209221) SystemInfo: free sram: 88227 minimal sram: 76051
I (25219221) SystemInfo: free sram: 88227 minimal sram: 76051
I (25229221) SystemInfo: free sram: 88227 minimal sram: 76051
I (25239221) SystemInfo: free sram: 88187 minimal sram: 76051
I (25249221) SystemInfo: free sram: 88227 minimal sram: 76051
I (25259221) SystemInfo: free sram: 88227 minimal sram: 76051
I (25269221) SystemInfo: free sram: 88187 minimal sram: 76051
I (25279221) SystemInfo: free sram: 88227 minimal sram: 76051
I (25289221) SystemInfo: free sram: 88227 minimal sram: 76051
I (25299221) SystemInfo: free sram: 88227 minimal sram: 76051
I (25309221) SystemInfo: free sram: 88227 minimal sram: 76051
I (25319221) SystemInfo: free sram: 88227 minimal sram: 76051
I (25329221) SystemInfo: free sram: 88227 minimal sram: 76051
I (25339221) SystemInfo: free sram: 88227 minimal sram: 76051
I (25349221) SystemInfo: free sram: 88187 minimal sram: 76051
I (25359221) SystemInfo: free sram: 88227 minimal sram: 76051
I (25369221) SystemInfo: free sram: 88227 minimal sram: 76051
I (25379221) SystemInfo: free sram: 88227 minimal sram: 76051
I (25389221) SystemInfo: free sram: 88227 minimal sram: 76051
I (25399221) SystemInfo: free sram: 88227 minimal sram: 76051
I (25409221) SystemInfo: free sram: 88227 minimal sram: 76051
I (25419221) SystemInfo: free sram: 88227 minimal sram: 76051
I (25429221) SystemInfo: free sram: 88227 minimal sram: 76051
I (25439221) SystemInfo: free sram: 88227 minimal sram: 76051
I (25449221) SystemInfo: free sram: 88227 minimal sram: 76051
I (25459221) SystemInfo: free sram: 88187 minimal sram: 76051
I (25469221) SystemInfo: free sram: 88227 minimal sram: 76051
I (25479221) SystemInfo: free sram: 88227 minimal sram: 76051
I (25489221) SystemInfo: free sram: 88227 minimal sram: 76051
I (25499221) SystemInfo: free sram: 88227 minimal sram: 76051
I (25509221) SystemInfo: free sram: 88227 minimal sram: 76051
I (25519221) SystemInfo: free sram: 88227 minimal sram: 76051
I (25529221) SystemInfo: free sram: 88227 minimal sram: 76051
I (25539221) SystemInfo: free sram: 88227 minimal sram: 76051
I (25549221) SystemInfo: free sram: 88227 minimal sram: 76051
I (25559221) SystemInfo: free sram: 88227 minimal sram: 76051
I (25569221) SystemInfo: free sram: 88187 minimal sram: 76051
I (25579221) SystemInfo: free sram: 88227 minimal sram: 76051
I (25589221) SystemInfo: free sram: 88227 minimal sram: 76051
I (25599221) SystemInfo: free sram: 88227 minimal sram: 76051
I (25609221) SystemInfo: free sram: 88227 minimal sram: 76051
I (25619221) SystemInfo: free sram: 88227 minimal sram: 76051
I (25629221) SystemInfo: free sram: 88227 minimal sram: 76051
I (25639221) SystemInfo: free sram: 88227 minimal sram: 76051
I (25649221) SystemInfo: free sram: 88227 minimal sram: 76051
I (25659221) SystemInfo: free sram: 88227 minimal sram: 76051
I (25669221) SystemInfo: free sram: 88227 minimal sram: 76051
I (25679221) SystemInfo: free sram: 88187 minimal sram: 76051
I (25689221) SystemInfo: free sram: 88227 minimal sram: 76051
I (25699221) SystemInfo: free sram: 88227 minimal sram: 76051
I (25709221) SystemInfo: free sram: 88227 minimal sram: 76051
I (25719221) SystemInfo: free sram: 88227 minimal sram: 76051
I (25729221) SystemInfo: free sram: 88227 minimal sram: 76051
I (25739221) SystemInfo: free sram: 88227 minimal sram: 76051
I (25749221) SystemInfo: free sram: 88227 minimal sram: 76051
I (25759221) SystemInfo: free sram: 88227 minimal sram: 76051
I (25769221) SystemInfo: free sram: 88227 minimal sram: 76051
I (25779221) SystemInfo: free sram: 88187 minimal sram: 76051
I (25789221) SystemInfo: free sram: 88187 minimal sram: 76051
I (25799221) SystemInfo: free sram: 88227 minimal sram: 76051
I (25809221) SystemInfo: free sram: 88227 minimal sram: 76051
I (25819221) SystemInfo: free sram: 88227 minimal sram: 76051
I (25829221) SystemInfo: free sram: 88227 minimal sram: 76051
I (25839221) SystemInfo: free sram: 88227 minimal sram: 76051
I (25849221) SystemInfo: free sram: 88227 minimal sram: 76051
I (25859221) SystemInfo: free sram: 88227 minimal sram: 76051
I (25869221) SystemInfo: free sram: 88227 minimal sram: 76051
I (25879221) SystemInfo: free sram: 88227 minimal sram: 76051
I (25889221) SystemInfo: free sram: 88227 minimal sram: 76051
I (25899221) SystemInfo: free sram: 88187 minimal sram: 76051
I (25909221) SystemInfo: free sram: 88187 minimal sram: 76051
I (25919221) SystemInfo: free sram: 88227 minimal sram: 76051
I (25929221) SystemInfo: free sram: 88227 minimal sram: 76051
I (25939221) SystemInfo: free sram: 88227 minimal sram: 76051
I (25949221) SystemInfo: free sram: 88227 minimal sram: 76051
I (25959221) SystemInfo: free sram: 88227 minimal sram: 76051
I (25969221) SystemInfo: free sram: 88227 minimal sram: 76051
I (25979221) SystemInfo: free sram: 88227 minimal sram: 76051
I (25989221) SystemInfo: free sram: 88227 minimal sram: 76051
I (25999221) SystemInfo: free sram: 88227 minimal sram: 76051
I (26009221) SystemInfo: free sram: 88187 minimal sram: 76051
I (26019221) SystemInfo: free sram: 88227 minimal sram: 76051
I (26029221) SystemInfo: free sram: 88227 minimal sram: 76051
I (26039221) SystemInfo: free sram: 88227 minimal sram: 76051
I (26049221) SystemInfo: free sram: 88227 minimal sram: 76051
I (26059221) SystemInfo: free sram: 88227 minimal sram: 76051
I (26069221) SystemInfo: free sram: 88227 minimal sram: 76051
I (26079221) SystemInfo: free sram: 88227 minimal sram: 76051
I (26089221) SystemInfo: free sram: 88227 minimal sram: 76051
I (26099221) SystemInfo: free sram: 88227 minimal sram: 76051
I (26109221) SystemInfo: free sram: 88227 minimal sram: 76051
I (26119221) SystemInfo: free sram: 88187 minimal sram: 76051
I (26129221) SystemInfo: free sram: 88227 minimal sram: 76051
I (26139221) SystemInfo: free sram: 88227 minimal sram: 76051
I (26149221) SystemInfo: free sram: 88227 minimal sram: 76051
I (26159221) SystemInfo: free sram: 88227 minimal sram: 76051
I (26169221) SystemInfo: free sram: 88227 minimal sram: 76051
I (26179221) SystemInfo: free sram: 88227 minimal sram: 76051
I (26189221) SystemInfo: free sram: 88227 minimal sram: 76051
I (26199221) SystemInfo: free sram: 88227 minimal sram: 76051
I (26209221) SystemInfo: free sram: 88227 minimal sram: 76051
I (26219221) SystemInfo: free sram: 88227 minimal sram: 76051
I (26229221) SystemInfo: free sram: 88187 minimal sram: 76051
I (26239221) SystemInfo: free sram: 88227 minimal sram: 76051
I (26249221) SystemInfo: free sram: 88227 minimal sram: 76051
I (26259221) SystemInfo: free sram: 88227 minimal sram: 76051
I (26269221) SystemInfo: free sram: 88227 minimal sram: 76051
I (26279221) SystemInfo: free sram: 88227 minimal sram: 76051
I (26289221) SystemInfo: free sram: 88227 minimal sram: 76051
I (26299221) SystemInfo: free sram: 88227 minimal sram: 76051
I (26309221) SystemInfo: free sram: 88227 minimal sram: 76051
I (26319221) SystemInfo: free sram: 88227 minimal sram: 76051
I (26329221) SystemInfo: free sram: 88227 minimal sram: 76051
I (26339221) SystemInfo: free sram: 88187 minimal sram: 76051
I (26349221) SystemInfo: free sram: 88227 minimal sram: 76051
I (26359221) SystemInfo: free sram: 88227 minimal sram: 76051
I (26369221) SystemInfo: free sram: 88227 minimal sram: 76051
I (26379221) SystemInfo: free sram: 88227 minimal sram: 76051
I (26389221) SystemInfo: free sram: 88227 minimal sram: 76051
I (26399221) SystemInfo: free sram: 88227 minimal sram: 76051
I (26409221) SystemInfo: free sram: 88227 minimal sram: 76051
I (26419221) SystemInfo: free sram: 88227 minimal sram: 76051
I (26429221) SystemInfo: free sram: 88227 minimal sram: 76051
I (26439221) SystemInfo: free sram: 88227 minimal sram: 76051
I (26449221) SystemInfo: free sram: 88187 minimal sram: 76051
I (26459221) SystemInfo: free sram: 88227 minimal sram: 76051
I (26469221) SystemInfo: free sram: 88227 minimal sram: 76051
I (26479221) SystemInfo: free sram: 88227 minimal sram: 76051
I (26489221) SystemInfo: free sram: 88227 minimal sram: 76051
I (26499221) SystemInfo: free sram: 88227 minimal sram: 76051
I (26509221) SystemInfo: free sram: 88227 minimal sram: 76051
I (26519221) SystemInfo: free sram: 88227 minimal sram: 76051
I (26529221) SystemInfo: free sram: 88227 minimal sram: 76051
I (26539221) SystemInfo: free sram: 88227 minimal sram: 76051
I (26549221) SystemInfo: free sram: 88187 minimal sram: 76051
I (26559221) SystemInfo: free sram: 88187 minimal sram: 76051
I (26569221) SystemInfo: free sram: 88227 minimal sram: 76051
I (26579221) SystemInfo: free sram: 88227 minimal sram: 76051
I (26589221) SystemInfo: free sram: 88227 minimal sram: 76051
I (26599221) SystemInfo: free sram: 88227 minimal sram: 76051
I (26609221) SystemInfo: free sram: 88227 minimal sram: 76051
I (26619221) SystemInfo: free sram: 88227 minimal sram: 76051
I (26629221) SystemInfo: free sram: 88227 minimal sram: 76051
I (26639221) SystemInfo: free sram: 88227 minimal sram: 76051
I (26649221) SystemInfo: free sram: 88227 minimal sram: 76051
I (26659221) SystemInfo: free sram: 88227 minimal sram: 76051
I (26669221) SystemInfo: free sram: 88187 minimal sram: 76051
I (26679221) SystemInfo: free sram: 88227 minimal sram: 76051
I (26689221) SystemInfo: free sram: 88227 minimal sram: 76051
I (26699221) SystemInfo: free sram: 88227 minimal sram: 76051
I (26709221) SystemInfo: free sram: 88227 minimal sram: 76051
I (26719221) SystemInfo: free sram: 88227 minimal sram: 76051
I (26729221) SystemInfo: free sram: 88227 minimal sram: 76051
I (26739221) SystemInfo: free sram: 88227 minimal sram: 76051
I (26749221) SystemInfo: free sram: 88227 minimal sram: 76051
I (26759221) SystemInfo: free sram: 88227 minimal sram: 76051
I (26769221) SystemInfo: free sram: 88227 minimal sram: 76051
I (26779221) SystemInfo: free sram: 88187 minimal sram: 76051
I (26789221) SystemInfo: free sram: 88227 minimal sram: 76051
I (26799221) SystemInfo: free sram: 88227 minimal sram: 76051
I (26809221) SystemInfo: free sram: 88227 minimal sram: 76051
I (26819221) SystemInfo: free sram: 88227 minimal sram: 76051
I (26829221) SystemInfo: free sram: 88227 minimal sram: 76051
I (26839221) SystemInfo: free sram: 88227 minimal sram: 76051
I (26849221) SystemInfo: free sram: 88227 minimal sram: 76051
I (26859221) SystemInfo: free sram: 88227 minimal sram: 76051
I (26869221) SystemInfo: free sram: 88227 minimal sram: 76051
I (26879221) SystemInfo: free sram: 88227 minimal sram: 76051
I (26889221) SystemInfo: free sram: 88187 minimal sram: 76051
I (26899221) SystemInfo: free sram: 88227 minimal sram: 76051
I (26909221) SystemInfo: free sram: 88227 minimal sram: 76051
I (26919221) SystemInfo: free sram: 88227 minimal sram: 76051
I (26929221) SystemInfo: free sram: 88227 minimal sram: 76051
I (26939221) SystemInfo: free sram: 88227 minimal sram: 76051
I (26949221) SystemInfo: free sram: 88227 minimal sram: 76051
I (26959221) SystemInfo: free sram: 88227 minimal sram: 76051
I (26969221) SystemInfo: free sram: 88227 minimal sram: 76051
I (26979221) SystemInfo: free sram: 88227 minimal sram: 76051
I (26989221) SystemInfo: free sram: 88227 minimal sram: 76051
I (26999221) SystemInfo: free sram: 88187 minimal sram: 76051
I (27009221) SystemInfo: free sram: 88227 minimal sram: 76051
I (27019221) SystemInfo: free sram: 88227 minimal sram: 76051
I (27029221) SystemInfo: free sram: 88227 minimal sram: 76051
I (27039221) SystemInfo: free sram: 88227 minimal sram: 76051
I (27049221) SystemInfo: free sram: 88227 minimal sram: 76051
I (27059221) SystemInfo: free sram: 88227 minimal sram: 76051
I (27069221) SystemInfo: free sram: 88227 minimal sram: 76051
I (27079221) SystemInfo: free sram: 88227 minimal sram: 76051
I (27089221) SystemInfo: free sram: 88227 minimal sram: 76051
I (27099221) SystemInfo: free sram: 88227 minimal sram: 76051
I (27109221) SystemInfo: free sram: 88187 minimal sram: 76051
I (27119221) SystemInfo: free sram: 88227 minimal sram: 76051
I (27129221) SystemInfo: free sram: 88227 minimal sram: 76051
I (27139221) SystemInfo: free sram: 88227 minimal sram: 76051
I (27149221) SystemInfo: free sram: 88227 minimal sram: 76051
I (27159221) SystemInfo: free sram: 88227 minimal sram: 76051
I (27169221) SystemInfo: free sram: 88227 minimal sram: 76051
I (27179221) SystemInfo: free sram: 88227 minimal sram: 76051
I (27189221) SystemInfo: free sram: 88187 minimal sram: 76051
I (27199221) SystemInfo: free sram: 88227 minimal sram: 76051
I (27209221) SystemInfo: free sram: 88227 minimal sram: 76051
I (27219221) SystemInfo: free sram: 88187 minimal sram: 76051
I (27229221) SystemInfo: free sram: 88227 minimal sram: 76051
I (27239221) SystemInfo: free sram: 88227 minimal sram: 76051
I (27249221) SystemInfo: free sram: 88227 minimal sram: 76051
I (27259221) SystemInfo: free sram: 88227 minimal sram: 76051
I (27269221) SystemInfo: free sram: 88227 minimal sram: 76051
I (27279221) SystemInfo: free sram: 88227 minimal sram: 76051
I (27289221) SystemInfo: free sram: 88227 minimal sram: 76051
I (27299221) SystemInfo: free sram: 88227 minimal sram: 76051
I (27309221) SystemInfo: free sram: 88227 minimal sram: 76051
I (27319221) SystemInfo: free sram: 88227 minimal sram: 76051
I (27329221) SystemInfo: free sram: 88187 minimal sram: 76051
I (27339221) SystemInfo: free sram: 88227 minimal sram: 76051
I (27349221) SystemInfo: free sram: 88227 minimal sram: 76051
I (27359221) SystemInfo: free sram: 88187 minimal sram: 76051
I (27369221) SystemInfo: free sram: 88227 minimal sram: 76051
I (27379221) SystemInfo: free sram: 88227 minimal sram: 76051
I (27389221) SystemInfo: free sram: 88227 minimal sram: 76051
I (27399221) SystemInfo: free sram: 88227 minimal sram: 76051
I (27409221) SystemInfo: free sram: 88227 minimal sram: 76051
I (27419221) SystemInfo: free sram: 88227 minimal sram: 76051
I (27429221) SystemInfo: free sram: 88227 minimal sram: 76051
I (27439221) SystemInfo: free sram: 88187 minimal sram: 76051
I (27449221) SystemInfo: free sram: 88227 minimal sram: 76051
I (27459221) SystemInfo: free sram: 88227 minimal sram: 76051
I (27469221) SystemInfo: free sram: 88227 minimal sram: 76051
I (27479221) SystemInfo: free sram: 88227 minimal sram: 76051
I (27489221) SystemInfo: free sram: 88227 minimal sram: 76051
I (27499221) SystemInfo: free sram: 88227 minimal sram: 76051
I (27509221) SystemInfo: free sram: 88227 minimal sram: 76051
I (27519221) SystemInfo: free sram: 88227 minimal sram: 76051
I (27529221) SystemInfo: free sram: 88227 minimal sram: 76051
I (27539221) SystemInfo: free sram: 88227 minimal sram: 76051
I (27549221) SystemInfo: free sram: 88187 minimal sram: 76051
I (27559221) SystemInfo: free sram: 88227 minimal sram: 76051
I (27569221) SystemInfo: free sram: 88227 minimal sram: 76051
I (27579221) SystemInfo: free sram: 88227 minimal sram: 76051
I (27589221) SystemInfo: free sram: 88227 minimal sram: 76051
I (27599221) SystemInfo: free sram: 88227 minimal sram: 76051
I (27609221) SystemInfo: free sram: 88227 minimal sram: 76051
I (27619221) SystemInfo: free sram: 88227 minimal sram: 76051
I (27629221) SystemInfo: free sram: 88227 minimal sram: 76051
I (27639221) SystemInfo: free sram: 88227 minimal sram: 76051
I (27649221) SystemInfo: free sram: 88227 minimal sram: 76051
I (27659221) SystemInfo: free sram: 88187 minimal sram: 76051
I (27669221) SystemInfo: free sram: 88227 minimal sram: 76051
I (27679221) SystemInfo: free sram: 88227 minimal sram: 76051
I (27689221) SystemInfo: free sram: 88227 minimal sram: 76051
I (27699221) SystemInfo: free sram: 88227 minimal sram: 76051
I (27709221) SystemInfo: free sram: 88227 minimal sram: 76051
I (27719221) SystemInfo: free sram: 88227 minimal sram: 76051
I (27729221) SystemInfo: free sram: 88227 minimal sram: 76051
I (27739221) SystemInfo: free sram: 88227 minimal sram: 76051
I (27749221) SystemInfo: free sram: 88227 minimal sram: 76051
I (27759221) SystemInfo: free sram: 88227 minimal sram: 76051
I (27769221) SystemInfo: free sram: 88187 minimal sram: 76051
I (27779221) SystemInfo: free sram: 88227 minimal sram: 76051
I (27789221) SystemInfo: free sram: 88227 minimal sram: 76051
I (27799221) SystemInfo: free sram: 88227 minimal sram: 76051
I (27809221) SystemInfo: free sram: 88227 minimal sram: 76051
I (27819221) SystemInfo: free sram: 88227 minimal sram: 76051
I (27829221) SystemInfo: free sram: 88187 minimal sram: 76051
I (27839221) SystemInfo: free sram: 88227 minimal sram: 76051
I (27849221) SystemInfo: free sram: 88227 minimal sram: 76051
I (27859221) SystemInfo: free sram: 88227 minimal sram: 76051
I (27869221) SystemInfo: free sram: 88227 minimal sram: 76051
I (27879221) SystemInfo: free sram: 88187 minimal sram: 76051
I (27889221) SystemInfo: free sram: 88227 minimal sram: 76051
I (27899221) SystemInfo: free sram: 88227 minimal sram: 76051
I (27909221) SystemInfo: free sram: 88227 minimal sram: 76051
I (27919221) SystemInfo: free sram: 88227 minimal sram: 76051
I (27929221) SystemInfo: free sram: 88227 minimal sram: 76051
I (27939221) SystemInfo: free sram: 88227 minimal sram: 76051
I (27949221) SystemInfo: free sram: 88227 minimal sram: 76051
I (27959221) SystemInfo: free sram: 88227 minimal sram: 76051
I (27969221) SystemInfo: free sram: 88227 minimal sram: 76051
I (27979221) SystemInfo: free sram: 88227 minimal sram: 76051
I (27989221) SystemInfo: free sram: 88187 minimal sram: 76051
I (27999221) SystemInfo: free sram: 88227 minimal sram: 76051
I (28009221) SystemInfo: free sram: 88227 minimal sram: 76051
I (28019221) SystemInfo: free sram: 88227 minimal sram: 76051
I (28029221) SystemInfo: free sram: 88227 minimal sram: 76051
I (28039221) SystemInfo: free sram: 88227 minimal sram: 76051
I (28049221) SystemInfo: free sram: 88227 minimal sram: 76051
I (28059221) SystemInfo: free sram: 88227 minimal sram: 76051
I (28069221) SystemInfo: free sram: 88227 minimal sram: 76051
I (28079221) SystemInfo: free sram: 88227 minimal sram: 76051
I (28089221) SystemInfo: free sram: 88227 minimal sram: 76051
I (28099221) SystemInfo: free sram: 88187 minimal sram: 76051
I (28109221) SystemInfo: free sram: 88227 minimal sram: 76051
I (28119221) SystemInfo: free sram: 88227 minimal sram: 76051
I (28129221) SystemInfo: free sram: 88227 minimal sram: 76051
I (28139221) SystemInfo: free sram: 88227 minimal sram: 76051
I (28149221) SystemInfo: free sram: 88227 minimal sram: 76051
I (28159221) SystemInfo: free sram: 88227 minimal sram: 76051
I (28169221) SystemInfo: free sram: 88227 minimal sram: 76051
I (28179221) SystemInfo: free sram: 88227 minimal sram: 76051
I (28189221) SystemInfo: free sram: 88227 minimal sram: 76051
I (28199221) SystemInfo: free sram: 88227 minimal sram: 76051
I (28209221) SystemInfo: free sram: 88187 minimal sram: 76051
I (28219221) SystemInfo: free sram: 88227 minimal sram: 76051
I (28229221) SystemInfo: free sram: 88227 minimal sram: 76051
I (28239221) SystemInfo: free sram: 88227 minimal sram: 76051
I (28249221) SystemInfo: free sram: 88227 minimal sram: 76051
I (28259221) SystemInfo: free sram: 88227 minimal sram: 76051
I (28269221) SystemInfo: free sram: 88227 minimal sram: 76051
I (28279221) SystemInfo: free sram: 88227 minimal sram: 76051
I (28289221) SystemInfo: free sram: 88227 minimal sram: 76051
I (28299221) SystemInfo: free sram: 88227 minimal sram: 76051
I (28309221) SystemInfo: free sram: 88227 minimal sram: 76051
I (28319221) SystemInfo: free sram: 88187 minimal sram: 76051
I (28329221) SystemInfo: free sram: 88227 minimal sram: 76051
I (28339221) SystemInfo: free sram: 88227 minimal sram: 76051
I (28349221) SystemInfo: free sram: 88227 minimal sram: 76051
I (28359221) SystemInfo: free sram: 88227 minimal sram: 76051
I (28369221) SystemInfo: free sram: 88227 minimal sram: 76051
I (28379221) SystemInfo: free sram: 88227 minimal sram: 76051
I (28389221) SystemInfo: free sram: 88227 minimal sram: 76051
I (28399221) SystemInfo: free sram: 88227 minimal sram: 76051
I (28409221) SystemInfo: free sram: 88227 minimal sram: 76051
I (28419221) SystemInfo: free sram: 88227 minimal sram: 76051
I (28429221) SystemInfo: free sram: 88187 minimal sram: 76051
I (28439221) SystemInfo: free sram: 88227 minimal sram: 76051
I (28449221) SystemInfo: free sram: 88227 minimal sram: 76051
I (28459221) SystemInfo: free sram: 88227 minimal sram: 76051
I (28469221) SystemInfo: free sram: 88187 minimal sram: 76051
I (28479221) SystemInfo: free sram: 88227 minimal sram: 76051
I (28489221) SystemInfo: free sram: 88227 minimal sram: 76051
I (28499221) SystemInfo: free sram: 88227 minimal sram: 76051
I (28509221) SystemInfo: free sram: 88227 minimal sram: 76051
I (28519221) SystemInfo: free sram: 88227 minimal sram: 76051
I (28529221) SystemInfo: free sram: 88227 minimal sram: 76051
I (28539221) SystemInfo: free sram: 88187 minimal sram: 76051
I (28549221) SystemInfo: free sram: 88227 minimal sram: 76051
I (28559221) SystemInfo: free sram: 88227 minimal sram: 76051
I (28569221) SystemInfo: free sram: 88227 minimal sram: 76051
I (28579221) SystemInfo: free sram: 88227 minimal sram: 76051
I (28589221) SystemInfo: free sram: 88227 minimal sram: 76051
I (28599221) SystemInfo: free sram: 88227 minimal sram: 76051
I (28609221) SystemInfo: free sram: 88227 minimal sram: 76051
I (28619221) SystemInfo: free sram: 88227 minimal sram: 76051
I (28629221) SystemInfo: free sram: 88227 minimal sram: 76051
I (28639221) SystemInfo: free sram: 88187 minimal sram: 76051
I (28649221) SystemInfo: free sram: 88187 minimal sram: 76051
I (28659221) SystemInfo: free sram: 88227 minimal sram: 76051
I (28669221) SystemInfo: free sram: 88227 minimal sram: 76051
I (28679221) SystemInfo: free sram: 88227 minimal sram: 76051
I (28689221) SystemInfo: free sram: 88227 minimal sram: 76051
I (28699221) SystemInfo: free sram: 88227 minimal sram: 76051
I (28709221) SystemInfo: free sram: 88227 minimal sram: 76051
I (28719221) SystemInfo: free sram: 88227 minimal sram: 76051
I (28729221) SystemInfo: free sram: 88227 minimal sram: 76051
I (28739221) SystemInfo: free sram: 88227 minimal sram: 76051
I (28749221) SystemInfo: free sram: 88227 minimal sram: 76051
I (28759221) SystemInfo: free sram: 88187 minimal sram: 76051
I (28769221) SystemInfo: free sram: 88227 minimal sram: 76051
I (28779221) SystemInfo: free sram: 88227 minimal sram: 76051
I (28789221) SystemInfo: free sram: 88227 minimal sram: 76051
I (28799221) SystemInfo: free sram: 88227 minimal sram: 76051
I (28809221) SystemInfo: free sram: 88227 minimal sram: 76051
I (28819221) SystemInfo: free sram: 88227 minimal sram: 76051
I (28829221) SystemInfo: free sram: 88227 minimal sram: 76051
I (28839221) SystemInfo: free sram: 88227 minimal sram: 76051
I (28849221) SystemInfo: free sram: 88227 minimal sram: 76051
I (28859221) SystemInfo: free sram: 88227 minimal sram: 76051
I (28869221) SystemInfo: free sram: 88187 minimal sram: 76051
I (28879221) SystemInfo: free sram: 88227 minimal sram: 76051
I (28889221) SystemInfo: free sram: 88227 minimal sram: 76051
I (28899221) SystemInfo: free sram: 88227 minimal sram: 76051
I (28909221) SystemInfo: free sram: 88227 minimal sram: 76051
I (28919221) SystemInfo: free sram: 88227 minimal sram: 76051
I (28929221) SystemInfo: free sram: 88227 minimal sram: 76051
I (28939221) SystemInfo: free sram: 88227 minimal sram: 76051
I (28949221) SystemInfo: free sram: 88227 minimal sram: 76051
I (28959221) SystemInfo: free sram: 88227 minimal sram: 76051
I (28969221) SystemInfo: free sram: 88227 minimal sram: 76051
I (28979221) SystemInfo: free sram: 88187 minimal sram: 76051
I (28989221) SystemInfo: free sram: 88227 minimal sram: 76051
I (28999221) SystemInfo: free sram: 88227 minimal sram: 76051
I (29009221) SystemInfo: free sram: 88227 minimal sram: 76051
I (29019221) SystemInfo: free sram: 88227 minimal sram: 76051
I (29029221) SystemInfo: free sram: 88227 minimal sram: 76051
I (29039221) SystemInfo: free sram: 88227 minimal sram: 76051
I (29049221) SystemInfo: free sram: 88227 minimal sram: 76051
I (29059221) SystemInfo: free sram: 88227 minimal sram: 76051
I (29069221) SystemInfo: free sram: 88227 minimal sram: 76051
I (29079221) SystemInfo: free sram: 88227 minimal sram: 76051
I (29089221) SystemInfo: free sram: 88187 minimal sram: 76051
I (29099221) SystemInfo: free sram: 88227 minimal sram: 76051
I (29109221) SystemInfo: free sram: 88187 minimal sram: 76051
I (29119221) SystemInfo: free sram: 88227 minimal sram: 76051
I (29129221) SystemInfo: free sram: 88227 minimal sram: 76051
I (29139221) SystemInfo: free sram: 88227 minimal sram: 76051
I (29149221) SystemInfo: free sram: 88227 minimal sram: 76051
I (29159221) SystemInfo: free sram: 88227 minimal sram: 76051
I (29169221) SystemInfo: free sram: 88227 minimal sram: 76051
I (29179221) SystemInfo: free sram: 88227 minimal sram: 76051
I (29189221) SystemInfo: free sram: 88227 minimal sram: 76051
I (29199221) SystemInfo: free sram: 88187 minimal sram: 76051
I (29209221) SystemInfo: free sram: 88227 minimal sram: 76051
I (29219221) SystemInfo: free sram: 88227 minimal sram: 76051
I (29229221) SystemInfo: free sram: 88227 minimal sram: 76051
I (29239221) SystemInfo: free sram: 88227 minimal sram: 76051
I (29249221) SystemInfo: free sram: 88227 minimal sram: 76051
I (29259221) SystemInfo: free sram: 88227 minimal sram: 76051
I (29269221) SystemInfo: free sram: 88227 minimal sram: 76051
I (29279221) SystemInfo: free sram: 88227 minimal sram: 76051
I (29289221) SystemInfo: free sram: 88227 minimal sram: 76051
I (29299221) SystemInfo: free sram: 88227 minimal sram: 76051
I (29309221) SystemInfo: free sram: 88187 minimal sram: 76051
I (29319221) SystemInfo: free sram: 88227 minimal sram: 76051
I (29329221) SystemInfo: free sram: 88227 minimal sram: 76051
I (29339221) SystemInfo: free sram: 88227 minimal sram: 76051
I (29349221) SystemInfo: free sram: 88227 minimal sram: 76051
I (29359221) SystemInfo: free sram: 88227 minimal sram: 76051
I (29369221) SystemInfo: free sram: 88227 minimal sram: 76051
I (29379221) SystemInfo: free sram: 88227 minimal sram: 76051
I (29389221) SystemInfo: free sram: 88227 minimal sram: 76051
I (29399221) SystemInfo: free sram: 88227 minimal sram: 76051
I (29409221) SystemInfo: free sram: 88227 minimal sram: 76051
I (29419221) SystemInfo: free sram: 88187 minimal sram: 76051
I (29429221) SystemInfo: free sram: 88227 minimal sram: 76051
I (29439221) SystemInfo: free sram: 88227 minimal sram: 76051
I (29449221) SystemInfo: free sram: 88227 minimal sram: 76051
I (29459221) SystemInfo: free sram: 88227 minimal sram: 76051
I (29469221) SystemInfo: free sram: 88227 minimal sram: 76051
I (29479221) SystemInfo: free sram: 88227 minimal sram: 76051
I (29489221) SystemInfo: free sram: 88227 minimal sram: 76051
I (29499221) SystemInfo: free sram: 88227 minimal sram: 76051
I (29509221) SystemInfo: free sram: 88227 minimal sram: 76051
I (29519221) SystemInfo: free sram: 88227 minimal sram: 76051
I (29529221) SystemInfo: free sram: 88187 minimal sram: 76051
I (29539221) SystemInfo: free sram: 88227 minimal sram: 76051
I (29549221) SystemInfo: free sram: 88227 minimal sram: 76051
I (29559221) SystemInfo: free sram: 88227 minimal sram: 76051
I (29569221) SystemInfo: free sram: 88227 minimal sram: 76051
I (29579221) SystemInfo: free sram: 88227 minimal sram: 76051
I (29589221) SystemInfo: free sram: 88227 minimal sram: 76051
I (29599221) SystemInfo: free sram: 88227 minimal sram: 76051
I (29609221) SystemInfo: free sram: 88227 minimal sram: 76051
I (29619221) SystemInfo: free sram: 88227 minimal sram: 76051
I (29629221) SystemInfo: free sram: 88227 minimal sram: 76051
I (29639221) SystemInfo: free sram: 88187 minimal sram: 76051
I (29649221) SystemInfo: free sram: 88227 minimal sram: 76051
I (29659221) SystemInfo: free sram: 88227 minimal sram: 76051
I (29669221) SystemInfo: free sram: 88227 minimal sram: 76051
I (29679221) SystemInfo: free sram: 88227 minimal sram: 76051
I (29689221) SystemInfo: free sram: 88227 minimal sram: 76051
I (29699221) SystemInfo: free sram: 88227 minimal sram: 76051
I (29709221) SystemInfo: free sram: 88227 minimal sram: 76051
I (29719221) SystemInfo: free sram: 88227 minimal sram: 76051
I (29729221) SystemInfo: free sram: 88227 minimal sram: 76051
I (29739221) SystemInfo: free sram: 88227 minimal sram: 76051
I (29749221) SystemInfo: free sram: 88147 minimal sram: 76051
I (29759221) SystemInfo: free sram: 88227 minimal sram: 76051
I (29769221) SystemInfo: free sram: 88227 minimal sram: 76051
I (29779221) SystemInfo: free sram: 88227 minimal sram: 76051
I (29789221) SystemInfo: free sram: 88227 minimal sram: 76051
I (29799221) SystemInfo: free sram: 88227 minimal sram: 76051
I (29809221) SystemInfo: free sram: 88227 minimal sram: 76051
I (29819221) SystemInfo: free sram: 88227 minimal sram: 76051
I (29829221) SystemInfo: free sram: 88227 minimal sram: 76051
I (29839221) SystemInfo: free sram: 88227 minimal sram: 76051
I (29849221) SystemInfo: free sram: 88227 minimal sram: 76051
I (29859221) SystemInfo: free sram: 88187 minimal sram: 76051
I (29869221) SystemInfo: free sram: 88227 minimal sram: 76051
I (29879221) SystemInfo: free sram: 88227 minimal sram: 76051
I (29889221) SystemInfo: free sram: 88227 minimal sram: 76051
I (29899221) SystemInfo: free sram: 88227 minimal sram: 76051
I (29909221) SystemInfo: free sram: 88227 minimal sram: 76051
I (29919221) SystemInfo: free sram: 88227 minimal sram: 76051
I (29929221) SystemInfo: free sram: 88227 minimal sram: 76051
I (29939221) SystemInfo: free sram: 88227 minimal sram: 76051
I (29949221) SystemInfo: free sram: 88227 minimal sram: 76051
I (29959221) SystemInfo: free sram: 88227 minimal sram: 76051
I (29969221) SystemInfo: free sram: 88187 minimal sram: 76051
I (29979221) SystemInfo: free sram: 88227 minimal sram: 76051
I (29989221) SystemInfo: free sram: 88227 minimal sram: 76051
I (29999221) SystemInfo: free sram: 88227 minimal sram: 76051
I (30009221) SystemInfo: free sram: 88227 minimal sram: 76051
I (30019221) SystemInfo: free sram: 88227 minimal sram: 76051
I (30029221) SystemInfo: free sram: 88227 minimal sram: 76051
I (30039221) SystemInfo: free sram: 88227 minimal sram: 76051
I (30049221) SystemInfo: free sram: 88227 minimal sram: 76051
I (30059221) SystemInfo: free sram: 88227 minimal sram: 76051
I (30069221) SystemInfo: free sram: 88227 minimal sram: 76051
I (30079221) SystemInfo: free sram: 88187 minimal sram: 76051
I (30089221) SystemInfo: free sram: 88227 minimal sram: 76051
I (30099221) SystemInfo: free sram: 88227 minimal sram: 76051
I (30109221) SystemInfo: free sram: 88227 minimal sram: 76051
I (30119221) SystemInfo: free sram: 88227 minimal sram: 76051
I (30129221) SystemInfo: free sram: 88227 minimal sram: 76051
I (30139221) SystemInfo: free sram: 88227 minimal sram: 76051
I (30149221) SystemInfo: free sram: 88227 minimal sram: 76051
I (30159221) SystemInfo: free sram: 88227 minimal sram: 76051
I (30169221) SystemInfo: free sram: 88227 minimal sram: 76051
I (30179221) SystemInfo: free sram: 88227 minimal sram: 76051
I (30189221) SystemInfo: free sram: 88187 minimal sram: 76051
I (30199221) SystemInfo: free sram: 88227 minimal sram: 76051
I (30209221) SystemInfo: free sram: 88227 minimal sram: 76051
I (30219221) SystemInfo: free sram: 88227 minimal sram: 76051
I (30229221) SystemInfo: free sram: 88227 minimal sram: 76051
I (30239221) SystemInfo: free sram: 88227 minimal sram: 76051
I (30249221) SystemInfo: free sram: 88227 minimal sram: 76051
I (30259221) SystemInfo: free sram: 88227 minimal sram: 76051
I (30269221) SystemInfo: free sram: 88227 minimal sram: 76051
I (30279221) SystemInfo: free sram: 88227 minimal sram: 76051
I (30289221) SystemInfo: free sram: 88227 minimal sram: 76051
I (30299221) SystemInfo: free sram: 88187 minimal sram: 76051
I (30309221) SystemInfo: free sram: 88227 minimal sram: 76051
I (30319221) SystemInfo: free sram: 88227 minimal sram: 76051
I (30329221) SystemInfo: free sram: 88227 minimal sram: 76051
I (30339221) SystemInfo: free sram: 88227 minimal sram: 76051
I (30349221) SystemInfo: free sram: 88227 minimal sram: 76051
I (30359221) SystemInfo: free sram: 88227 minimal sram: 76051
I (30369221) SystemInfo: free sram: 88227 minimal sram: 76051
I (30379221) SystemInfo: free sram: 88227 minimal sram: 76051
I (30389221) SystemInfo: free sram: 88187 minimal sram: 76051
I (30399221) SystemInfo: free sram: 88227 minimal sram: 76051
I (30409221) SystemInfo: free sram: 88187 minimal sram: 76051
I (30419221) SystemInfo: free sram: 88227 minimal sram: 76051
I (30429221) SystemInfo: free sram: 88227 minimal sram: 76051
I (30439221) SystemInfo: free sram: 88227 minimal sram: 76051
I (30449221) SystemInfo: free sram: 88227 minimal sram: 76051
I (30459221) SystemInfo: free sram: 88227 minimal sram: 76051
I (30469221) SystemInfo: free sram: 88227 minimal sram: 76051
I (30479221) SystemInfo: free sram: 88227 minimal sram: 76051
I (30489221) SystemInfo: free sram: 88227 minimal sram: 76051
I (30499221) SystemInfo: free sram: 88227 minimal sram: 76051
I (30509221) SystemInfo: free sram: 88227 minimal sram: 76051
I (30519221) SystemInfo: free sram: 88187 minimal sram: 76051
I (30529221) SystemInfo: free sram: 88227 minimal sram: 76051
I (30539221) SystemInfo: free sram: 88227 minimal sram: 76051
I (30549221) SystemInfo: free sram: 88227 minimal sram: 76051
I (30559221) SystemInfo: free sram: 88227 minimal sram: 76051
I (30569221) SystemInfo: free sram: 88227 minimal sram: 76051
I (30579221) SystemInfo: free sram: 88227 minimal sram: 76051
I (30589221) SystemInfo: free sram: 88227 minimal sram: 76051
I (30599221) SystemInfo: free sram: 88227 minimal sram: 76051
I (30609221) SystemInfo: free sram: 88227 minimal sram: 76051
I (30619221) SystemInfo: free sram: 88227 minimal sram: 76051
I (30629221) SystemInfo: free sram: 88187 minimal sram: 76051
I (30639221) SystemInfo: free sram: 88227 minimal sram: 76051
I (30649221) SystemInfo: free sram: 88227 minimal sram: 76051
I (30659221) SystemInfo: free sram: 88227 minimal sram: 76051
I (30669221) SystemInfo: free sram: 88227 minimal sram: 76051
I (30679221) SystemInfo: free sram: 88227 minimal sram: 76051
I (30689221) SystemInfo: free sram: 88227 minimal sram: 76051
I (30699221) SystemInfo: free sram: 88227 minimal sram: 76051
I (30709221) SystemInfo: free sram: 88227 minimal sram: 76051
I (30719221) SystemInfo: free sram: 88227 minimal sram: 76051
I (30729221) SystemInfo: free sram: 88227 minimal sram: 76051
I (30739221) SystemInfo: free sram: 88187 minimal sram: 76051
I (30749221) SystemInfo: free sram: 88227 minimal sram: 76051
I (30759221) SystemInfo: free sram: 88227 minimal sram: 76051
I (30769221) SystemInfo: free sram: 88227 minimal sram: 76051
I (30779221) SystemInfo: free sram: 88227 minimal sram: 76051
I (30789221) SystemInfo: free sram: 88227 minimal sram: 76051
I (30799221) SystemInfo: free sram: 88227 minimal sram: 76051
I (30809221) SystemInfo: free sram: 88227 minimal sram: 76051
I (30819221) SystemInfo: free sram: 88227 minimal sram: 76051
I (30829221) SystemInfo: free sram: 88227 minimal sram: 76051
I (30839221) SystemInfo: free sram: 88227 minimal sram: 76051
I (30849221) SystemInfo: free sram: 88187 minimal sram: 76051
I (30859221) SystemInfo: free sram: 88227 minimal sram: 76051
I (30869221) SystemInfo: free sram: 88227 minimal sram: 76051
I (30879221) SystemInfo: free sram: 88227 minimal sram: 76051
I (30889221) SystemInfo: free sram: 88227 minimal sram: 76051
I (30899221) SystemInfo: free sram: 88227 minimal sram: 76051
I (30909221) SystemInfo: free sram: 88227 minimal sram: 76051
I (30919221) SystemInfo: free sram: 88227 minimal sram: 76051
I (30929221) SystemInfo: free sram: 88227 minimal sram: 76051
I (30939221) SystemInfo: free sram: 88227 minimal sram: 76051
I (30949221) SystemInfo: free sram: 88227 minimal sram: 76051
I (30959221) SystemInfo: free sram: 88187 minimal sram: 76051
I (30969221) SystemInfo: free sram: 88227 minimal sram: 76051
I (30979221) SystemInfo: free sram: 88227 minimal sram: 76051
I (30989221) SystemInfo: free sram: 88227 minimal sram: 76051
I (30999221) SystemInfo: free sram: 88227 minimal sram: 76051
I (31009221) SystemInfo: free sram: 88227 minimal sram: 76051
I (31019221) SystemInfo: free sram: 88227 minimal sram: 76051
I (31029221) SystemInfo: free sram: 88187 minimal sram: 76051
I (31039221) SystemInfo: free sram: 88227 minimal sram: 76051
I (31049221) SystemInfo: free sram: 88227 minimal sram: 76051
I (31059221) SystemInfo: free sram: 88227 minimal sram: 76051
I (31069221) SystemInfo: free sram: 88187 minimal sram: 76051
I (31079221) SystemInfo: free sram: 88227 minimal sram: 76051
I (31089221) SystemInfo: free sram: 88227 minimal sram: 76051
I (31099221) SystemInfo: free sram: 88227 minimal sram: 76051
I (31109221) SystemInfo: free sram: 88227 minimal sram: 76051
I (31119221) SystemInfo: free sram: 88227 minimal sram: 76051
I (31129221) SystemInfo: free sram: 88227 minimal sram: 76051
I (31139221) SystemInfo: free sram: 88227 minimal sram: 76051
I (31149221) SystemInfo: free sram: 88227 minimal sram: 76051
I (31159221) SystemInfo: free sram: 88227 minimal sram: 76051
I (31169221) SystemInfo: free sram: 88227 minimal sram: 76051
I (31179221) SystemInfo: free sram: 88187 minimal sram: 76051
I (31189221) SystemInfo: free sram: 88227 minimal sram: 76051
I (31199221) SystemInfo: free sram: 88227 minimal sram: 76051
I (31209221) SystemInfo: free sram: 88227 minimal sram: 76051
I (31219221) SystemInfo: free sram: 88227 minimal sram: 76051
I (31229221) SystemInfo: free sram: 88227 minimal sram: 76051
I (31239221) SystemInfo: free sram: 88227 minimal sram: 76051
I (31249221) SystemInfo: free sram: 88227 minimal sram: 76051
I (31259221) SystemInfo: free sram: 88227 minimal sram: 76051
I (31269221) SystemInfo: free sram: 88227 minimal sram: 76051
I (31279221) SystemInfo: free sram: 88227 minimal sram: 76051
I (31289221) SystemInfo: free sram: 88187 minimal sram: 76051
I (31299221) SystemInfo: free sram: 88227 minimal sram: 76051
I (31309221) SystemInfo: free sram: 88227 minimal sram: 76051
I (31319221) SystemInfo: free sram: 88227 minimal sram: 76051
I (31329221) SystemInfo: free sram: 88227 minimal sram: 76051
I (31339221) SystemInfo: free sram: 88227 minimal sram: 76051
I (31349221) SystemInfo: free sram: 88227 minimal sram: 76051
I (31359221) SystemInfo: free sram: 88227 minimal sram: 76051
I (31369221) SystemInfo: free sram: 88227 minimal sram: 76051
I (31379221) SystemInfo: free sram: 88227 minimal sram: 76051
I (31389221) SystemInfo: free sram: 88227 minimal sram: 76051
I (31399221) SystemInfo: free sram: 88187 minimal sram: 76051
I (31409221) SystemInfo: free sram: 88227 minimal sram: 76051
I (31419221) SystemInfo: free sram: 88227 minimal sram: 76051
I (31429221) SystemInfo: free sram: 88227 minimal sram: 76051
I (31439221) SystemInfo: free sram: 88227 minimal sram: 76051
I (31449221) SystemInfo: free sram: 88227 minimal sram: 76051
I (31459221) SystemInfo: free sram: 88227 minimal sram: 76051
I (31469221) SystemInfo: free sram: 88227 minimal sram: 76051
I (31479221) SystemInfo: free sram: 88227 minimal sram: 76051
I (31489221) SystemInfo: free sram: 88227 minimal sram: 76051
I (31499221) SystemInfo: free sram: 88227 minimal sram: 76051
I (31509221) SystemInfo: free sram: 88187 minimal sram: 76051
I (31519221) SystemInfo: free sram: 88227 minimal sram: 76051
I (31529221) SystemInfo: free sram: 88227 minimal sram: 76051
I (31539221) SystemInfo: free sram: 88227 minimal sram: 76051
I (31549221) SystemInfo: free sram: 88227 minimal sram: 76051
I (31559221) SystemInfo: free sram: 88227 minimal sram: 76051
I (31569221) SystemInfo: free sram: 88227 minimal sram: 76051
I (31579221) SystemInfo: free sram: 88227 minimal sram: 76051
I (31589221) SystemInfo: free sram: 88227 minimal sram: 76051
I (31599221) SystemInfo: free sram: 88227 minimal sram: 76051
I (31609221) SystemInfo: free sram: 88227 minimal sram: 76051
I (31619221) SystemInfo: free sram: 88187 minimal sram: 76051
I (31629221) SystemInfo: free sram: 88227 minimal sram: 76051
I (31639221) SystemInfo: free sram: 88227 minimal sram: 76051
I (31649221) SystemInfo: free sram: 88227 minimal sram: 76051
I (31659221) SystemInfo: free sram: 88227 minimal sram: 76051
I (31669221) SystemInfo: free sram: 88227 minimal sram: 76051
I (31679221) SystemInfo: free sram: 88227 minimal sram: 76051
I (31689221) SystemInfo: free sram: 88227 minimal sram: 76051
I (31699221) SystemInfo: free sram: 88227 minimal sram: 76051
I (31709221) SystemInfo: free sram: 88227 minimal sram: 76051
I (31719221) SystemInfo: free sram: 88227 minimal sram: 76051
I (31729221) SystemInfo: free sram: 88187 minimal sram: 76051
I (31739221) SystemInfo: free sram: 88227 minimal sram: 76051
I (31749221) SystemInfo: free sram: 88227 minimal sram: 76051
I (31759221) SystemInfo: free sram: 88227 minimal sram: 76051
I (31769221) SystemInfo: free sram: 88227 minimal sram: 76051
I (31779221) SystemInfo: free sram: 88227 minimal sram: 76051
I (31789221) SystemInfo: free sram: 88227 minimal sram: 76051
I (31799221) SystemInfo: free sram: 88227 minimal sram: 76051
I (31809221) SystemInfo: free sram: 88227 minimal sram: 76051
I (31819221) SystemInfo: free sram: 88227 minimal sram: 76051
I (31829221) SystemInfo: free sram: 88227 minimal sram: 76051
I (31839221) SystemInfo: free sram: 88187 minimal sram: 76051
I (31849221) SystemInfo: free sram: 88227 minimal sram: 76051
I (31859221) SystemInfo: free sram: 88227 minimal sram: 76051
I (31869221) SystemInfo: free sram: 88227 minimal sram: 76051
I (31879221) SystemInfo: free sram: 88227 minimal sram: 76051
I (31889221) SystemInfo: free sram: 88227 minimal sram: 76051
I (31899221) SystemInfo: free sram: 88227 minimal sram: 76051
I (31909221) SystemInfo: free sram: 88227 minimal sram: 76051
I (31919221) SystemInfo: free sram: 88227 minimal sram: 76051
I (31929221) SystemInfo: free sram: 88227 minimal sram: 76051
I (31939221) SystemInfo: free sram: 88227 minimal sram: 76051
I (31949221) SystemInfo: free sram: 88187 minimal sram: 76051
I (31959221) SystemInfo: free sram: 88227 minimal sram: 76051
I (31969221) SystemInfo: free sram: 88227 minimal sram: 76051
I (31979221) SystemInfo: free sram: 88227 minimal sram: 76051
I (31989221) SystemInfo: free sram: 88227 minimal sram: 76051
I (31999221) SystemInfo: free sram: 88227 minimal sram: 76051
I (32009221) SystemInfo: free sram: 88227 minimal sram: 76051
I (32019221) SystemInfo: free sram: 88227 minimal sram: 76051
I (32029221) SystemInfo: free sram: 88227 minimal sram: 76051
I (32039221) SystemInfo: free sram: 88227 minimal sram: 76051
I (32049221) SystemInfo: free sram: 88227 minimal sram: 76051
I (32059221) SystemInfo: free sram: 88187 minimal sram: 76051
I (32069221) SystemInfo: free sram: 88227 minimal sram: 76051
I (32079221) SystemInfo: free sram: 88227 minimal sram: 76051
I (32089221) SystemInfo: free sram: 88227 minimal sram: 76051
I (32099221) SystemInfo: free sram: 88227 minimal sram: 76051
I (32109221) SystemInfo: free sram: 88227 minimal sram: 76051
I (32119221) SystemInfo: free sram: 88227 minimal sram: 76051
I (32129221) SystemInfo: free sram: 88227 minimal sram: 76051
I (32139221) SystemInfo: free sram: 88227 minimal sram: 76051
I (32149221) SystemInfo: free sram: 88227 minimal sram: 76051
I (32159221) SystemInfo: free sram: 88227 minimal sram: 76051
I (32169221) SystemInfo: free sram: 88187 minimal sram: 76051
I (32179221) SystemInfo: free sram: 88227 minimal sram: 76051
I (32189221) SystemInfo: free sram: 88227 minimal sram: 76051
I (32199221) SystemInfo: free sram: 88227 minimal sram: 76051
I (32209221) SystemInfo: free sram: 88227 minimal sram: 76051
I (32219221) SystemInfo: free sram: 88227 minimal sram: 76051
I (32229221) SystemInfo: free sram: 88227 minimal sram: 76051
I (32239221) SystemInfo: free sram: 88227 minimal sram: 76051
I (32249221) SystemInfo: free sram: 88227 minimal sram: 76051
I (32259221) SystemInfo: free sram: 88227 minimal sram: 76051
I (32269221) SystemInfo: free sram: 88227 minimal sram: 76051
I (32279221) SystemInfo: free sram: 88187 minimal sram: 76051
I (32289221) SystemInfo: free sram: 88227 minimal sram: 76051
I (32299221) SystemInfo: free sram: 88227 minimal sram: 76051
I (32309221) SystemInfo: free sram: 88187 minimal sram: 76051
I (32319221) SystemInfo: free sram: 88227 minimal sram: 76051
I (32329221) SystemInfo: free sram: 88227 minimal sram: 76051
I (32339221) SystemInfo: free sram: 88227 minimal sram: 76051
I (32349221) SystemInfo: free sram: 88227 minimal sram: 76051
I (32359221) SystemInfo: free sram: 88227 minimal sram: 76051
I (32369221) SystemInfo: free sram: 88227 minimal sram: 76051
I (32379221) SystemInfo: free sram: 88227 minimal sram: 76051
I (32389221) SystemInfo: free sram: 88187 minimal sram: 76051
I (32399221) SystemInfo: free sram: 88227 minimal sram: 76051
I (32409221) SystemInfo: free sram: 88227 minimal sram: 76051
I (32419221) SystemInfo: free sram: 88227 minimal sram: 76051
I (32429221) SystemInfo: free sram: 88227 minimal sram: 76051
I (32439221) SystemInfo: free sram: 88227 minimal sram: 76051
I (32449221) SystemInfo: free sram: 88227 minimal sram: 76051
I (32459221) SystemInfo: free sram: 88227 minimal sram: 76051
I (32469221) SystemInfo: free sram: 88227 minimal sram: 76051
I (32479221) SystemInfo: free sram: 88187 minimal sram: 76051
I (32489221) SystemInfo: free sram: 88227 minimal sram: 76051
I (32499221) SystemInfo: free sram: 88187 minimal sram: 76051
I (32509221) SystemInfo: free sram: 88227 minimal sram: 76051
I (32519221) SystemInfo: free sram: 88227 minimal sram: 76051
I (32529221) SystemInfo: free sram: 88227 minimal sram: 76051
I (32539221) SystemInfo: free sram: 88227 minimal sram: 76051
I (32549221) SystemInfo: free sram: 88227 minimal sram: 76051
I (32559221) SystemInfo: free sram: 88227 minimal sram: 76051
I (32569221) SystemInfo: free sram: 88227 minimal sram: 76051
I (32579221) SystemInfo: free sram: 88227 minimal sram: 76051
I (32589221) SystemInfo: free sram: 88227 minimal sram: 76051
I (32599221) SystemInfo: free sram: 88227 minimal sram: 76051
I (32609221) SystemInfo: free sram: 88187 minimal sram: 76051
I (32619221) SystemInfo: free sram: 88227 minimal sram: 76051
I (32629221) SystemInfo: free sram: 88227 minimal sram: 76051
I (32639221) SystemInfo: free sram: 88227 minimal sram: 76051
I (32649221) SystemInfo: free sram: 88227 minimal sram: 76051
I (32659221) SystemInfo: free sram: 88227 minimal sram: 76051
I (32669221) SystemInfo: free sram: 88227 minimal sram: 76051
I (32679221) SystemInfo: free sram: 88227 minimal sram: 76051
I (32689221) SystemInfo: free sram: 88227 minimal sram: 76051
I (32699221) SystemInfo: free sram: 88227 minimal sram: 76051
I (32709221) SystemInfo: free sram: 88227 minimal sram: 76051
I (32719221) SystemInfo: free sram: 88187 minimal sram: 76051
I (32729221) SystemInfo: free sram: 88227 minimal sram: 76051
I (32739221) SystemInfo: free sram: 88227 minimal sram: 76051
I (32749221) SystemInfo: free sram: 88227 minimal sram: 76051
I (32759221) SystemInfo: free sram: 88227 minimal sram: 76051
I (32769221) SystemInfo: free sram: 88227 minimal sram: 76051
I (32779221) SystemInfo: free sram: 88227 minimal sram: 76051
I (32789221) SystemInfo: free sram: 88227 minimal sram: 76051
I (32799221) SystemInfo: free sram: 88227 minimal sram: 76051
I (32809221) SystemInfo: free sram: 88227 minimal sram: 76051
I (32819221) SystemInfo: free sram: 88227 minimal sram: 76051
I (32829221) SystemInfo: free sram: 88187 minimal sram: 76051
I (32839221) SystemInfo: free sram: 88227 minimal sram: 76051
I (32849221) SystemInfo: free sram: 88227 minimal sram: 76051
I (32859221) SystemInfo: free sram: 88227 minimal sram: 76051
I (32869221) SystemInfo: free sram: 88227 minimal sram: 76051
I (32879221) SystemInfo: free sram: 88227 minimal sram: 76051
I (32889221) SystemInfo: free sram: 88227 minimal sram: 76051
I (32899221) SystemInfo: free sram: 88227 minimal sram: 76051
I (32909221) SystemInfo: free sram: 88227 minimal sram: 76051
I (32919221) SystemInfo: free sram: 88227 minimal sram: 76051
I (32929221) SystemInfo: free sram: 88227 minimal sram: 76051
I (32939221) SystemInfo: free sram: 88187 minimal sram: 76051
I (32949221) SystemInfo: free sram: 88227 minimal sram: 76051
I (32959221) SystemInfo: free sram: 88227 minimal sram: 76051
I (32969221) SystemInfo: free sram: 88227 minimal sram: 76051
I (32979221) SystemInfo: free sram: 88227 minimal sram: 76051
I (32989221) SystemInfo: free sram: 88227 minimal sram: 76051
I (32999221) SystemInfo: free sram: 88227 minimal sram: 76051
I (33009221) SystemInfo: free sram: 88227 minimal sram: 76051
I (33019221) SystemInfo: free sram: 88227 minimal sram: 76051
I (33029221) SystemInfo: free sram: 88227 minimal sram: 76051
I (33039221) SystemInfo: free sram: 88227 minimal sram: 76051
I (33049221) SystemInfo: free sram: 88187 minimal sram: 76051
I (33059221) SystemInfo: free sram: 88227 minimal sram: 76051
I (33069221) SystemInfo: free sram: 88227 minimal sram: 76051
I (33079221) SystemInfo: free sram: 88227 minimal sram: 76051
I (33089221) SystemInfo: free sram: 88227 minimal sram: 76051
I (33099221) SystemInfo: free sram: 88227 minimal sram: 76051
I (33109221) SystemInfo: free sram: 88227 minimal sram: 76051
I (33119221) SystemInfo: free sram: 88227 minimal sram: 76051
I (33129221) SystemInfo: free sram: 88227 minimal sram: 76051
I (33139221) SystemInfo: free sram: 88227 minimal sram: 76051
I (33149221) SystemInfo: free sram: 88227 minimal sram: 76051
I (33159221) SystemInfo: free sram: 88187 minimal sram: 76051
I (33169221) SystemInfo: free sram: 88227 minimal sram: 76051
I (33179221) SystemInfo: free sram: 88227 minimal sram: 76051
I (33189221) SystemInfo: free sram: 88227 minimal sram: 76051
I (33199221) SystemInfo: free sram: 88227 minimal sram: 76051
I (33209221) SystemInfo: free sram: 88227 minimal sram: 76051
I (33219221) SystemInfo: free sram: 88227 minimal sram: 76051
I (33229221) SystemInfo: free sram: 88227 minimal sram: 76051
I (33239221) SystemInfo: free sram: 88227 minimal sram: 76051
I (33249221) SystemInfo: free sram: 88227 minimal sram: 76051
I (33259221) SystemInfo: free sram: 88227 minimal sram: 76051
I (33269221) SystemInfo: free sram: 88187 minimal sram: 76051
I (33279221) SystemInfo: free sram: 88227 minimal sram: 76051
I (33289221) SystemInfo: free sram: 88227 minimal sram: 76051
I (33299221) SystemInfo: free sram: 88227 minimal sram: 76051
I (33309221) SystemInfo: free sram: 88227 minimal sram: 76051
I (33319221) SystemInfo: free sram: 88227 minimal sram: 76051
I (33329221) SystemInfo: free sram: 88227 minimal sram: 76051
I (33339221) SystemInfo: free sram: 88227 minimal sram: 76051
I (33349221) SystemInfo: free sram: 88227 minimal sram: 76051
I (33359221) SystemInfo: free sram: 88227 minimal sram: 76051
I (33369221) SystemInfo: free sram: 88227 minimal sram: 76051
I (33379221) SystemInfo: free sram: 88187 minimal sram: 76051
I (33389221) SystemInfo: free sram: 88227 minimal sram: 76051
I (33399221) SystemInfo: free sram: 88227 minimal sram: 76051
I (33409221) SystemInfo: free sram: 88227 minimal sram: 76051
I (33419221) SystemInfo: free sram: 88227 minimal sram: 76051
I (33429221) SystemInfo: free sram: 88227 minimal sram: 76051
I (33439221) SystemInfo: free sram: 88227 minimal sram: 76051
I (33449221) SystemInfo: free sram: 88227 minimal sram: 76051
I (33459221) SystemInfo: free sram: 88227 minimal sram: 76051
I (33469221) SystemInfo: free sram: 88227 minimal sram: 76051
I (33479221) SystemInfo: free sram: 88227 minimal sram: 76051
I (33489221) SystemInfo: free sram: 88187 minimal sram: 76051
I (33499221) SystemInfo: free sram: 88227 minimal sram: 76051
I (33509221) SystemInfo: free sram: 88227 minimal sram: 76051
I (33519221) SystemInfo: free sram: 88227 minimal sram: 76051
I (33529221) SystemInfo: free sram: 88227 minimal sram: 76051
I (33539221) SystemInfo: free sram: 88227 minimal sram: 76051
I (33549221) SystemInfo: free sram: 88227 minimal sram: 76051
I (33559221) SystemInfo: free sram: 88227 minimal sram: 76051
I (33569221) SystemInfo: free sram: 88227 minimal sram: 76051
I (33579221) SystemInfo: free sram: 88227 minimal sram: 76051
I (33589221) SystemInfo: free sram: 88187 minimal sram: 76051
I (33599221) SystemInfo: free sram: 88187 minimal sram: 76051
I (33609221) SystemInfo: free sram: 88227 minimal sram: 76051
I (33619221) SystemInfo: free sram: 88227 minimal sram: 76051
I (33629221) SystemInfo: free sram: 88227 minimal sram: 76051
I (33639221) SystemInfo: free sram: 88227 minimal sram: 76051
I (33649221) SystemInfo: free sram: 88227 minimal sram: 76051
I (33659221) SystemInfo: free sram: 88227 minimal sram: 76051
I (33669221) SystemInfo: free sram: 88227 minimal sram: 76051
I (33679221) SystemInfo: free sram: 88227 minimal sram: 76051
I (33689221) SystemInfo: free sram: 88227 minimal sram: 76051
I (33699221) SystemInfo: free sram: 88227 minimal sram: 76051
I (33709221) SystemInfo: free sram: 88187 minimal sram: 76051
I (33719221) SystemInfo: free sram: 88227 minimal sram: 76051
I (33729221) SystemInfo: free sram: 88227 minimal sram: 76051
I (33739221) SystemInfo: free sram: 88227 minimal sram: 76051
I (33749221) SystemInfo: free sram: 88227 minimal sram: 76051
I (33759221) SystemInfo: free sram: 88227 minimal sram: 76051
I (33769221) SystemInfo: free sram: 88227 minimal sram: 76051
I (33779221) SystemInfo: free sram: 88227 minimal sram: 76051
I (33789221) SystemInfo: free sram: 88227 minimal sram: 76051
I (33799221) SystemInfo: free sram: 88227 minimal sram: 76051
I (33809221) SystemInfo: free sram: 88227 minimal sram: 76051
I (33819221) SystemInfo: free sram: 88187 minimal sram: 76051
I (33829221) SystemInfo: free sram: 88227 minimal sram: 76051
I (33839221) SystemInfo: free sram: 88227 minimal sram: 76051
I (33849221) SystemInfo: free sram: 88227 minimal sram: 76051
I (33859221) SystemInfo: free sram: 88227 minimal sram: 76051
I (33869221) SystemInfo: free sram: 88227 minimal sram: 76051
I (33879221) SystemInfo: free sram: 88227 minimal sram: 76051
I (33889221) SystemInfo: free sram: 88227 minimal sram: 76051
I (33899221) SystemInfo: free sram: 88227 minimal sram: 76051
I (33909221) SystemInfo: free sram: 88227 minimal sram: 76051
I (33919221) SystemInfo: free sram: 88227 minimal sram: 76051
I (33929221) SystemInfo: free sram: 88187 minimal sram: 76051
I (33939221) SystemInfo: free sram: 88227 minimal sram: 76051
I (33949221) SystemInfo: free sram: 88227 minimal sram: 76051
I (33959221) SystemInfo: free sram: 88227 minimal sram: 76051
I (33969221) SystemInfo: free sram: 88227 minimal sram: 76051
I (33979221) SystemInfo: free sram: 88227 minimal sram: 76051
I (33989221) SystemInfo: free sram: 88227 minimal sram: 76051
I (33999221) SystemInfo: free sram: 88227 minimal sram: 76051
I (34009221) SystemInfo: free sram: 88227 minimal sram: 76051
I (34019221) SystemInfo: free sram: 88227 minimal sram: 76051
I (34029221) SystemInfo: free sram: 88227 minimal sram: 76051
I (34039221) SystemInfo: free sram: 88187 minimal sram: 76051
I (34049221) SystemInfo: free sram: 88227 minimal sram: 76051
I (34059221) SystemInfo: free sram: 88227 minimal sram: 76051
I (34069221) SystemInfo: free sram: 88227 minimal sram: 76051
I (34079221) SystemInfo: free sram: 88227 minimal sram: 76051
I (34089221) SystemInfo: free sram: 88227 minimal sram: 76051
I (34099221) SystemInfo: free sram: 88227 minimal sram: 76051
I (34109221) SystemInfo: free sram: 88227 minimal sram: 76051
I (34119221) SystemInfo: free sram: 88227 minimal sram: 76051
I (34129221) SystemInfo: free sram: 88227 minimal sram: 76051
I (34139221) SystemInfo: free sram: 88227 minimal sram: 76051
I (34149221) SystemInfo: free sram: 88187 minimal sram: 76051
I (34159221) SystemInfo: free sram: 88227 minimal sram: 76051
I (34169221) SystemInfo: free sram: 88227 minimal sram: 76051
I (34179221) SystemInfo: free sram: 88227 minimal sram: 76051
I (34189221) SystemInfo: free sram: 88227 minimal sram: 76051
I (34199221) SystemInfo: free sram: 88227 minimal sram: 76051
I (34209221) SystemInfo: free sram: 88227 minimal sram: 76051
I (34219221) SystemInfo: free sram: 88227 minimal sram: 76051
I (34229221) SystemInfo: free sram: 88187 minimal sram: 76051
I (34239221) SystemInfo: free sram: 88227 minimal sram: 76051
I (34249221) SystemInfo: free sram: 88227 minimal sram: 76051
I (34259221) SystemInfo: free sram: 88187 minimal sram: 76051
I (34269221) SystemInfo: free sram: 88227 minimal sram: 76051
I (34279221) SystemInfo: free sram: 88227 minimal sram: 76051
I (34289221) SystemInfo: free sram: 88227 minimal sram: 76051
I (34299221) SystemInfo: free sram: 88227 minimal sram: 76051
I (34309221) SystemInfo: free sram: 88227 minimal sram: 76051
I (34319221) SystemInfo: free sram: 88227 minimal sram: 76051
I (34329221) SystemInfo: free sram: 88227 minimal sram: 76051
I (34339221) SystemInfo: free sram: 88227 minimal sram: 76051
I (34349221) SystemInfo: free sram: 88227 minimal sram: 76051
I (34359221) SystemInfo: free sram: 88227 minimal sram: 76051
I (34369221) SystemInfo: free sram: 88187 minimal sram: 76051
I (34379221) SystemInfo: free sram: 88227 minimal sram: 76051
I (34389221) SystemInfo: free sram: 88227 minimal sram: 76051
I (34399221) SystemInfo: free sram: 88187 minimal sram: 76051
I (34409221) SystemInfo: free sram: 88227 minimal sram: 76051
I (34419221) SystemInfo: free sram: 88227 minimal sram: 76051
I (34429221) SystemInfo: free sram: 88227 minimal sram: 76051
I (34439221) SystemInfo: free sram: 88227 minimal sram: 76051
I (34449221) SystemInfo: free sram: 88227 minimal sram: 76051
I (34459221) SystemInfo: free sram: 88227 minimal sram: 76051
I (34469221) SystemInfo: free sram: 88227 minimal sram: 76051
I (34479221) SystemInfo: free sram: 88187 minimal sram: 76051
I (34489221) SystemInfo: free sram: 88227 minimal sram: 76051
I (34499221) SystemInfo: free sram: 88227 minimal sram: 76051
I (34509221) SystemInfo: free sram: 88227 minimal sram: 76051
I (34519221) SystemInfo: free sram: 88227 minimal sram: 76051
I (34529221) SystemInfo: free sram: 88227 minimal sram: 76051
I (34539221) SystemInfo: free sram: 88227 minimal sram: 76051
I (34549221) SystemInfo: free sram: 88227 minimal sram: 76051
I (34559221) SystemInfo: free sram: 88227 minimal sram: 76051
I (34569221) SystemInfo: free sram: 88227 minimal sram: 76051
I (34579221) SystemInfo: free sram: 88227 minimal sram: 76051
I (34589221) SystemInfo: free sram: 88187 minimal sram: 76051
I (34599221) SystemInfo: free sram: 88227 minimal sram: 76051
I (34609221) SystemInfo: free sram: 88227 minimal sram: 76051
I (34619221) SystemInfo: free sram: 88227 minimal sram: 76051
I (34629221) SystemInfo: free sram: 88227 minimal sram: 76051
I (34639221) SystemInfo: free sram: 88227 minimal sram: 76051
I (34649221) SystemInfo: free sram: 88227 minimal sram: 76051
I (34659221) SystemInfo: free sram: 88227 minimal sram: 76051
I (34669221) SystemInfo: free sram: 88227 minimal sram: 76051
I (34679221) SystemInfo: free sram: 88227 minimal sram: 76051
I (34689221) SystemInfo: free sram: 88227 minimal sram: 76051
I (34699221) SystemInfo: free sram: 88187 minimal sram: 76051
I (34709221) SystemInfo: free sram: 88227 minimal sram: 76051
I (34719221) SystemInfo: free sram: 88227 minimal sram: 76051
I (34729221) SystemInfo: free sram: 88227 minimal sram: 76051
I (34739221) SystemInfo: free sram: 88227 minimal sram: 76051
I (34749221) SystemInfo: free sram: 88227 minimal sram: 76051
I (34759221) SystemInfo: free sram: 88227 minimal sram: 76051
I (34769221) SystemInfo: free sram: 88227 minimal sram: 76051
I (34779221) SystemInfo: free sram: 88227 minimal sram: 76051
I (34789221) SystemInfo: free sram: 88227 minimal sram: 76051
I (34799221) SystemInfo: free sram: 88227 minimal sram: 76051
I (34809221) SystemInfo: free sram: 88187 minimal sram: 76051
I (34819221) SystemInfo: free sram: 88227 minimal sram: 76051
I (34829221) SystemInfo: free sram: 88227 minimal sram: 76051
I (34839221) SystemInfo: free sram: 88227 minimal sram: 76051
I (34849221) SystemInfo: free sram: 88227 minimal sram: 76051
I (34859221) SystemInfo: free sram: 88227 minimal sram: 76051
I (34869221) SystemInfo: free sram: 88227 minimal sram: 76051
I (34879221) SystemInfo: free sram: 88227 minimal sram: 76051
I (34889221) SystemInfo: free sram: 88227 minimal sram: 76051
I (34899221) SystemInfo: free sram: 88227 minimal sram: 76051
I (34909221) SystemInfo: free sram: 88227 minimal sram: 76051
I (34919221) SystemInfo: free sram: 88187 minimal sram: 76051
I (34929221) SystemInfo: free sram: 88227 minimal sram: 76051
I (34939221) SystemInfo: free sram: 88227 minimal sram: 76051
I (34949221) SystemInfo: free sram: 88227 minimal sram: 76051
I (34959221) SystemInfo: free sram: 88227 minimal sram: 76051
I (34969221) SystemInfo: free sram: 88227 minimal sram: 76051
I (34979221) SystemInfo: free sram: 88227 minimal sram: 76051
I (34989221) SystemInfo: free sram: 88227 minimal sram: 76051
I (34999221) SystemInfo: free sram: 88227 minimal sram: 76051
I (35009221) SystemInfo: free sram: 88227 minimal sram: 76051
I (35019221) SystemInfo: free sram: 88227 minimal sram: 76051
I (35029221) SystemInfo: free sram: 88187 minimal sram: 76051
I (35039221) SystemInfo: free sram: 88227 minimal sram: 76051
I (35049221) SystemInfo: free sram: 88227 minimal sram: 76051
I (35059221) SystemInfo: free sram: 88227 minimal sram: 76051
I (35069221) SystemInfo: free sram: 88227 minimal sram: 76051
I (35079221) SystemInfo: free sram: 88227 minimal sram: 76051
I (35089221) SystemInfo: free sram: 88227 minimal sram: 76051
I (35099221) SystemInfo: free sram: 88227 minimal sram: 76051
I (35109221) SystemInfo: free sram: 88227 minimal sram: 76051
I (35119221) SystemInfo: free sram: 88227 minimal sram: 76051
I (35129221) SystemInfo: free sram: 88227 minimal sram: 76051
I (35139221) SystemInfo: free sram: 88187 minimal sram: 76051
I (35149221) SystemInfo: free sram: 88227 minimal sram: 76051
I (35159221) SystemInfo: free sram: 88227 minimal sram: 76051
I (35169221) SystemInfo: free sram: 88227 minimal sram: 76051
I (35179221) SystemInfo: free sram: 88227 minimal sram: 76051
I (35189221) SystemInfo: free sram: 88227 minimal sram: 76051
I (35199221) SystemInfo: free sram: 88227 minimal sram: 76051
I (35209221) SystemInfo: free sram: 88227 minimal sram: 76051
I (35219221) SystemInfo: free sram: 88227 minimal sram: 76051
I (35229221) SystemInfo: free sram: 88227 minimal sram: 76051
I (35239221) SystemInfo: free sram: 88227 minimal sram: 76051
I (35249221) SystemInfo: free sram: 88187 minimal sram: 76051
I (35259221) SystemInfo: free sram: 88227 minimal sram: 76051
I (35269221) SystemInfo: free sram: 88227 minimal sram: 76051
I (35279221) SystemInfo: free sram: 88227 minimal sram: 76051
I (35289221) SystemInfo: free sram: 88227 minimal sram: 76051
I (35299221) SystemInfo: free sram: 88227 minimal sram: 76051
I (35309221) SystemInfo: free sram: 88227 minimal sram: 76051
I (35319221) SystemInfo: free sram: 88227 minimal sram: 76051
I (35329221) SystemInfo: free sram: 88227 minimal sram: 76051
I (35339221) SystemInfo: free sram: 88227 minimal sram: 76051
I (35349221) SystemInfo: free sram: 88227 minimal sram: 76051
I (35359221) SystemInfo: free sram: 88187 minimal sram: 76051
I (35369221) SystemInfo: free sram: 88227 minimal sram: 76051
I (35379221) SystemInfo: free sram: 88227 minimal sram: 76051
I (35389221) SystemInfo: free sram: 88227 minimal sram: 76051
I (35399221) SystemInfo: free sram: 88227 minimal sram: 76051
I (35409221) SystemInfo: free sram: 88227 minimal sram: 76051
I (35419221) SystemInfo: free sram: 88227 minimal sram: 76051
I (35429221) SystemInfo: free sram: 88227 minimal sram: 76051
I (35439221) SystemInfo: free sram: 88227 minimal sram: 76051
I (35449221) SystemInfo: free sram: 88227 minimal sram: 76051
I (35459221) SystemInfo: free sram: 88227 minimal sram: 76051
I (35469221) SystemInfo: free sram: 88187 minimal sram: 76051
I (35479221) SystemInfo: free sram: 88227 minimal sram: 76051
I (35489221) SystemInfo: free sram: 88227 minimal sram: 76051
I (35499221) SystemInfo: free sram: 88227 minimal sram: 76051
I (35509221) SystemInfo: free sram: 88187 minimal sram: 76051
I (35519221) SystemInfo: free sram: 88227 minimal sram: 76051
I (35529221) SystemInfo: free sram: 88227 minimal sram: 76051
I (35539221) SystemInfo: free sram: 88227 minimal sram: 76051
I (35549221) SystemInfo: free sram: 88227 minimal sram: 76051
I (35559221) SystemInfo: free sram: 88227 minimal sram: 76051
I (35569221) SystemInfo: free sram: 88227 minimal sram: 76051
I (35579221) SystemInfo: free sram: 88187 minimal sram: 76051
I (35589221) SystemInfo: free sram: 88227 minimal sram: 76051
I (35599221) SystemInfo: free sram: 88227 minimal sram: 76051
I (35609221) SystemInfo: free sram: 88227 minimal sram: 76051
I (35619221) SystemInfo: free sram: 88227 minimal sram: 76051
I (35629221) SystemInfo: free sram: 88227 minimal sram: 76051
I (35639221) SystemInfo: free sram: 88227 minimal sram: 76051
I (35649221) SystemInfo: free sram: 88227 minimal sram: 76051
I (35659221) SystemInfo: free sram: 88227 minimal sram: 76051
I (35669221) SystemInfo: free sram: 88227 minimal sram: 76051
I (35679221) SystemInfo: free sram: 88227 minimal sram: 76051
I (35689221) SystemInfo: free sram: 88187 minimal sram: 76051
I (35699221) SystemInfo: free sram: 88227 minimal sram: 76051
I (35709221) SystemInfo: free sram: 88227 minimal sram: 76051
I (35719221) SystemInfo: free sram: 88227 minimal sram: 76051
I (35729221) SystemInfo: free sram: 88227 minimal sram: 76051
I (35739221) SystemInfo: free sram: 88227 minimal sram: 76051
I (35749221) SystemInfo: free sram: 88227 minimal sram: 76051
I (35759221) SystemInfo: free sram: 88227 minimal sram: 76051
I (35769221) SystemInfo: free sram: 88227 minimal sram: 76051
I (35779221) SystemInfo: free sram: 88227 minimal sram: 76051
I (35789221) SystemInfo: free sram: 88227 minimal sram: 76051
I (35799221) SystemInfo: free sram: 88187 minimal sram: 76051
I (35809221) SystemInfo: free sram: 88227 minimal sram: 76051
I (35819221) SystemInfo: free sram: 88227 minimal sram: 76051
I (35829221) SystemInfo: free sram: 88227 minimal sram: 76051
I (35839221) SystemInfo: free sram: 88227 minimal sram: 76051
I (35849221) SystemInfo: free sram: 88227 minimal sram: 76051
I (35859221) SystemInfo: free sram: 88227 minimal sram: 76051
I (35869221) SystemInfo: free sram: 88227 minimal sram: 76051
I (35879221) SystemInfo: free sram: 88227 minimal sram: 76051
I (35889221) SystemInfo: free sram: 88227 minimal sram: 76051
I (35899221) SystemInfo: free sram: 88227 minimal sram: 76051
I (35909221) SystemInfo: free sram: 88187 minimal sram: 76051
I (35919221) SystemInfo: free sram: 88227 minimal sram: 76051
I (35929221) SystemInfo: free sram: 88227 minimal sram: 76051
I (35939221) SystemInfo: free sram: 88227 minimal sram: 76051
I (35949221) SystemInfo: free sram: 88227 minimal sram: 76051
I (35959221) SystemInfo: free sram: 88227 minimal sram: 76051
I (35969221) SystemInfo: free sram: 88227 minimal sram: 76051
I (35979221) SystemInfo: free sram: 88227 minimal sram: 76051
I (35989221) SystemInfo: free sram: 88227 minimal sram: 76051
I (35999221) SystemInfo: free sram: 88227 minimal sram: 76051
I (36009221) SystemInfo: free sram: 88227 minimal sram: 76051
I (36019221) SystemInfo: free sram: 88187 minimal sram: 76051
I (36029221) SystemInfo: free sram: 88227 minimal sram: 76051
I (36039221) SystemInfo: free sram: 88227 minimal sram: 76051
I (36049221) SystemInfo: free sram: 88227 minimal sram: 76051
I (36059221) SystemInfo: free sram: 88227 minimal sram: 76051
I (36069221) SystemInfo: free sram: 88227 minimal sram: 76051
I (36079221) SystemInfo: free sram: 88227 minimal sram: 76051
I (36089221) SystemInfo: free sram: 88227 minimal sram: 76051
I (36099221) SystemInfo: free sram: 88227 minimal sram: 76051
I (36109221) SystemInfo: free sram: 88227 minimal sram: 76051
I (36119221) SystemInfo: free sram: 88227 minimal sram: 76051
I (36129221) SystemInfo: free sram: 88187 minimal sram: 76051
I (36139221) SystemInfo: free sram: 88227 minimal sram: 76051
I (36149221) SystemInfo: free sram: 88227 minimal sram: 76051
I (36159221) SystemInfo: free sram: 88227 minimal sram: 76051
I (36169221) SystemInfo: free sram: 88227 minimal sram: 76051
I (36179221) SystemInfo: free sram: 88227 minimal sram: 76051
I (36189221) SystemInfo: free sram: 88227 minimal sram: 76051
I (36199221) SystemInfo: free sram: 88227 minimal sram: 76051
I (36209221) SystemInfo: free sram: 88227 minimal sram: 76051
I (36219221) SystemInfo: free sram: 88227 minimal sram: 76051
I (36229221) SystemInfo: free sram: 88227 minimal sram: 76051
I (36239221) SystemInfo: free sram: 88187 minimal sram: 76051
I (36249221) SystemInfo: free sram: 88227 minimal sram: 76051
I (36259221) SystemInfo: free sram: 88227 minimal sram: 76051
I (36269221) SystemInfo: free sram: 88227 minimal sram: 76051
I (36279221) SystemInfo: free sram: 88227 minimal sram: 76051
I (36289221) SystemInfo: free sram: 88227 minimal sram: 76051
I (36299221) SystemInfo: free sram: 88227 minimal sram: 76051
I (36309221) SystemInfo: free sram: 88227 minimal sram: 76051
I (36319221) SystemInfo: free sram: 88227 minimal sram: 76051
I (36329221) SystemInfo: free sram: 88227 minimal sram: 76051
I (36339221) SystemInfo: free sram: 88227 minimal sram: 76051
I (36349221) SystemInfo: free sram: 88187 minimal sram: 76051
I (36359221) SystemInfo: free sram: 88227 minimal sram: 76051
I (36369221) SystemInfo: free sram: 88227 minimal sram: 76051
I (36379221) SystemInfo: free sram: 88227 minimal sram: 76051
I (36389221) SystemInfo: free sram: 88227 minimal sram: 76051
I (36399221) SystemInfo: free sram: 88227 minimal sram: 76051
I (36409221) SystemInfo: free sram: 88227 minimal sram: 76051
I (36419221) SystemInfo: free sram: 88227 minimal sram: 76051
I (36429221) SystemInfo: free sram: 88227 minimal sram: 76051
I (36439221) SystemInfo: free sram: 88227 minimal sram: 76051
I (36449221) SystemInfo: free sram: 88227 minimal sram: 76051
I (36459221) SystemInfo: free sram: 88187 minimal sram: 76051
I (36469221) SystemInfo: free sram: 88227 minimal sram: 76051
I (36479221) SystemInfo: free sram: 88227 minimal sram: 76051
I (36489221) SystemInfo: free sram: 88227 minimal sram: 76051
I (36499221) SystemInfo: free sram: 88227 minimal sram: 76051
I (36509221) SystemInfo: free sram: 88227 minimal sram: 76051
I (36519221) SystemInfo: free sram: 88227 minimal sram: 76051
I (36529221) SystemInfo: free sram: 88227 minimal sram: 76051
I (36539221) SystemInfo: free sram: 88227 minimal sram: 76051
I (36549221) SystemInfo: free sram: 88227 minimal sram: 76051
I (36559221) SystemInfo: free sram: 88227 minimal sram: 76051
I (36569221) SystemInfo: free sram: 88187 minimal sram: 76051
I (36579221) SystemInfo: free sram: 88227 minimal sram: 76051
I (36589221) SystemInfo: free sram: 88227 minimal sram: 76051
I (36599221) SystemInfo: free sram: 88227 minimal sram: 76051
I (36609221) SystemInfo: free sram: 88227 minimal sram: 76051
I (36619221) SystemInfo: free sram: 88227 minimal sram: 76051
I (36629221) SystemInfo: free sram: 88227 minimal sram: 76051
I (36639221) SystemInfo: free sram: 88227 minimal sram: 76051
I (36649221) SystemInfo: free sram: 88227 minimal sram: 76051
I (36659221) SystemInfo: free sram: 88227 minimal sram: 76051
I (36669221) SystemInfo: free sram: 88227 minimal sram: 76051
I (36679221) SystemInfo: free sram: 88187 minimal sram: 76051
I (36689221) SystemInfo: free sram: 88227 minimal sram: 76051
I (36699221) SystemInfo: free sram: 88227 minimal sram: 76051
I (36709221) SystemInfo: free sram: 88227 minimal sram: 76051
I (36719221) SystemInfo: free sram: 88227 minimal sram: 76051
I (36729221) SystemInfo: free sram: 88227 minimal sram: 76051
I (36739221) SystemInfo: free sram: 88227 minimal sram: 76051
I (36749221) SystemInfo: free sram: 88227 minimal sram: 76051
I (36759221) SystemInfo: free sram: 88227 minimal sram: 76051
I (36769221) SystemInfo: free sram: 88227 minimal sram: 76051
I (36779221) SystemInfo: free sram: 88227 minimal sram: 76051
I (36789221) SystemInfo: free sram: 88147 minimal sram: 76051
I (36799221) SystemInfo: free sram: 88227 minimal sram: 76051
I (36809221) SystemInfo: free sram: 88227 minimal sram: 76051
I (36819221) SystemInfo: free sram: 88227 minimal sram: 76051
I (36829221) SystemInfo: free sram: 88227 minimal sram: 76051
I (36839221) SystemInfo: free sram: 88227 minimal sram: 76051
I (36849221) SystemInfo: free sram: 88227 minimal sram: 76051
I (36859221) SystemInfo: free sram: 88227 minimal sram: 76051
I (36869221) SystemInfo: free sram: 88227 minimal sram: 76051
I (36879221) SystemInfo: free sram: 88227 minimal sram: 76051
I (36889221) SystemInfo: free sram: 88227 minimal sram: 76051
I (36899221) SystemInfo: free sram: 88187 minimal sram: 76051
I (36909221) SystemInfo: free sram: 88227 minimal sram: 76051
I (36919221) SystemInfo: free sram: 88227 minimal sram: 76051
I (36929221) SystemInfo: free sram: 88227 minimal sram: 76051
I (36939221) SystemInfo: free sram: 88227 minimal sram: 76051
I (36949221) SystemInfo: free sram: 88227 minimal sram: 76051
I (36959221) SystemInfo: free sram: 88227 minimal sram: 76051
I (36969221) SystemInfo: free sram: 88227 minimal sram: 76051
I (36979221) SystemInfo: free sram: 88227 minimal sram: 76051
I (36989221) SystemInfo: free sram: 88227 minimal sram: 76051
I (36999221) SystemInfo: free sram: 88227 minimal sram: 76051
I (37009221) SystemInfo: free sram: 88187 minimal sram: 76051
I (37019221) SystemInfo: free sram: 88227 minimal sram: 76051
I (37029221) SystemInfo: free sram: 88227 minimal sram: 76051
I (37039221) SystemInfo: free sram: 88227 minimal sram: 76051
I (37049221) SystemInfo: free sram: 88227 minimal sram: 76051
I (37059221) SystemInfo: free sram: 88227 minimal sram: 76051
I (37069221) SystemInfo: free sram: 88227 minimal sram: 76051
I (37079221) SystemInfo: free sram: 88227 minimal sram: 76051
I (37089221) SystemInfo: free sram: 88227 minimal sram: 76051
I (37099221) SystemInfo: free sram: 88227 minimal sram: 76051
I (37109221) SystemInfo: free sram: 88227 minimal sram: 76051
I (37119221) SystemInfo: free sram: 88187 minimal sram: 76051
I (37129221) SystemInfo: free sram: 88227 minimal sram: 76051
I (37139221) SystemInfo: free sram: 88227 minimal sram: 76051
I (37149221) SystemInfo: free sram: 88227 minimal sram: 76051
I (37159221) SystemInfo: free sram: 88227 minimal sram: 76051
I (37169221) SystemInfo: free sram: 88227 minimal sram: 76051
I (37179221) SystemInfo: free sram: 88227 minimal sram: 76051
I (37189221) SystemInfo: free sram: 88227 minimal sram: 76051
I (37199221) SystemInfo: free sram: 88227 minimal sram: 76051
I (37209221) SystemInfo: free sram: 88227 minimal sram: 76051
I (37219221) SystemInfo: free sram: 88227 minimal sram: 76051
I (37229221) SystemInfo: free sram: 88187 minimal sram: 76051
I (37239221) SystemInfo: free sram: 88227 minimal sram: 76051
I (37249221) SystemInfo: free sram: 88227 minimal sram: 76051
I (37259221) SystemInfo: free sram: 88227 minimal sram: 76051
I (37269221) SystemInfo: free sram: 88227 minimal sram: 76051
I (37279221) SystemInfo: free sram: 88227 minimal sram: 76051
I (37289221) SystemInfo: free sram: 88227 minimal sram: 76051
I (37299221) SystemInfo: free sram: 88227 minimal sram: 76051
I (37309221) SystemInfo: free sram: 88227 minimal sram: 76051
I (37319221) SystemInfo: free sram: 88227 minimal sram: 76051
I (37329221) SystemInfo: free sram: 88227 minimal sram: 76051
I (37339221) SystemInfo: free sram: 88187 minimal sram: 76051
I (37349221) SystemInfo: free sram: 88227 minimal sram: 76051
I (37359221) SystemInfo: free sram: 88227 minimal sram: 76051
I (37369221) SystemInfo: free sram: 88227 minimal sram: 76051
I (37379221) SystemInfo: free sram: 88227 minimal sram: 76051
I (37389221) SystemInfo: free sram: 88227 minimal sram: 76051
I (37399221) SystemInfo: free sram: 88227 minimal sram: 76051
I (37409221) SystemInfo: free sram: 88227 minimal sram: 76051
I (37419221) SystemInfo: free sram: 88227 minimal sram: 76051
I (37429221) SystemInfo: free sram: 88187 minimal sram: 76051
I (37439221) SystemInfo: free sram: 88227 minimal sram: 76051
I (37449221) SystemInfo: free sram: 88187 minimal sram: 76051
I (37459221) SystemInfo: free sram: 88227 minimal sram: 76051
I (37469221) SystemInfo: free sram: 88227 minimal sram: 76051
I (37479221) SystemInfo: free sram: 88227 minimal sram: 76051
I (37489221) SystemInfo: free sram: 88227 minimal sram: 76051
I (37499221) SystemInfo: free sram: 88227 minimal sram: 76051
I (37509221) SystemInfo: free sram: 88227 minimal sram: 76051
I (37519221) SystemInfo: free sram: 88227 minimal sram: 76051
I (37529221) SystemInfo: free sram: 88227 minimal sram: 76051
I (37539221) SystemInfo: free sram: 88227 minimal sram: 76051
I (37549221) SystemInfo: free sram: 88227 minimal sram: 76051
I (37559221) SystemInfo: free sram: 88187 minimal sram: 76051
I (37569221) SystemInfo: free sram: 88227 minimal sram: 76051
I (37579221) SystemInfo: free sram: 88227 minimal sram: 76051
I (37589221) SystemInfo: free sram: 88227 minimal sram: 76051
I (37599221) SystemInfo: free sram: 88187 minimal sram: 76051
I (37609221) SystemInfo: free sram: 88227 minimal sram: 76051
I (37619221) SystemInfo: free sram: 88227 minimal sram: 76051
I (37629221) SystemInfo: free sram: 88227 minimal sram: 76051
I (37639221) SystemInfo: free sram: 88227 minimal sram: 76051
I (37649221) SystemInfo: free sram: 88227 minimal sram: 76051
I (37659221) SystemInfo: free sram: 88227 minimal sram: 76051
I (37669221) SystemInfo: free sram: 88187 minimal sram: 76051
I (37679221) SystemInfo: free sram: 88227 minimal sram: 76051
I (37689221) SystemInfo: free sram: 88227 minimal sram: 76051
I (37699221) SystemInfo: free sram: 88227 minimal sram: 76051
I (37709221) SystemInfo: free sram: 88227 minimal sram: 76051
I (37719221) SystemInfo: free sram: 88227 minimal sram: 76051
I (37729221) SystemInfo: free sram: 88227 minimal sram: 76051
I (37739221) SystemInfo: free sram: 88227 minimal sram: 76051
I (37749221) SystemInfo: free sram: 88227 minimal sram: 76051
I (37759221) SystemInfo: free sram: 88227 minimal sram: 76051
I (37769221) SystemInfo: free sram: 88227 minimal sram: 76051
I (37779221) SystemInfo: free sram: 88187 minimal sram: 76051
I (37789221) SystemInfo: free sram: 88227 minimal sram: 76051
I (37799221) SystemInfo: free sram: 88227 minimal sram: 76051
I (37809221) SystemInfo: free sram: 88227 minimal sram: 76051
I (37819221) SystemInfo: free sram: 88227 minimal sram: 76051
I (37829221) SystemInfo: free sram: 88227 minimal sram: 76051
I (37839221) SystemInfo: free sram: 88227 minimal sram: 76051
I (37849221) SystemInfo: free sram: 88227 minimal sram: 76051
I (37859221) SystemInfo: free sram: 88227 minimal sram: 76051
I (37869221) SystemInfo: free sram: 88227 minimal sram: 76051
I (37879221) SystemInfo: free sram: 88227 minimal sram: 76051
I (37889221) SystemInfo: free sram: 88187 minimal sram: 76051
I (37899221) SystemInfo: free sram: 88227 minimal sram: 76051
I (37909221) SystemInfo: free sram: 88227 minimal sram: 76051
I (37919221) SystemInfo: free sram: 88227 minimal sram: 76051
I (37929221) SystemInfo: free sram: 88227 minimal sram: 76051
I (37939221) SystemInfo: free sram: 88187 minimal sram: 76051
I (37949221) SystemInfo: free sram: 88227 minimal sram: 76051
I (37959221) SystemInfo: free sram: 88227 minimal sram: 76051
I (37969221) SystemInfo: free sram: 88227 minimal sram: 76051
I (37979221) SystemInfo: free sram: 88227 minimal sram: 76051
I (37989221) SystemInfo: free sram: 88227 minimal sram: 76051
I (37999221) SystemInfo: free sram: 87999 minimal sram: 76051
I (38009221) SystemInfo: free sram: 88039 minimal sram: 76051
I (38019221) SystemInfo: free sram: 88039 minimal sram: 76051
I (38029221) SystemInfo: free sram: 88039 minimal sram: 76051
I (38039221) SystemInfo: free sram: 88039 minimal sram: 76051
I (38049221) SystemInfo: free sram: 88039 minimal sram: 76051
I (38059221) SystemInfo: free sram: 88039 minimal sram: 76051
I (38069221) SystemInfo: free sram: 87859 minimal sram: 76051
I (38079221) SystemInfo: free sram: 88039 minimal sram: 76051
I (38089221) SystemInfo: free sram: 88039 minimal sram: 76051
I (38099221) SystemInfo: free sram: 88039 minimal sram: 76051
I (38109221) SystemInfo: free sram: 87999 minimal sram: 76051
I (38119221) SystemInfo: free sram: 88039 minimal sram: 76051
I (38129221) SystemInfo: free sram: 88039 minimal sram: 76051
I (38139221) SystemInfo: free sram: 88039 minimal sram: 76051
I (38149221) SystemInfo: free sram: 88039 minimal sram: 76051
I (38159221) SystemInfo: free sram: 88039 minimal sram: 76051
I (38169221) SystemInfo: free sram: 88039 minimal sram: 76051
I (38179221) SystemInfo: free sram: 88039 minimal sram: 76051
I (38189221) SystemInfo: free sram: 88039 minimal sram: 76051
I (38199221) SystemInfo: free sram: 88039 minimal sram: 76051
I (38209221) SystemInfo: free sram: 88039 minimal sram: 76051
I (38219221) SystemInfo: free sram: 87999 minimal sram: 76051
I (38229221) SystemInfo: free sram: 88039 minimal sram: 76051
I (38239221) SystemInfo: free sram: 88039 minimal sram: 76051
I (38249221) SystemInfo: free sram: 88039 minimal sram: 76051
I (38259221) SystemInfo: free sram: 88039 minimal sram: 76051
I (38269221) SystemInfo: free sram: 88039 minimal sram: 76051
I (38279221) SystemInfo: free sram: 88039 minimal sram: 76051
I (38289221) SystemInfo: free sram: 88039 minimal sram: 76051
I (38299221) SystemInfo: free sram: 88039 minimal sram: 76051
I (38309221) SystemInfo: free sram: 88039 minimal sram: 76051
I (38319221) SystemInfo: free sram: 88039 minimal sram: 76051
I (38329221) SystemInfo: free sram: 87999 minimal sram: 76051
I (38339221) SystemInfo: free sram: 88039 minimal sram: 76051
I (38349221) SystemInfo: free sram: 88039 minimal sram: 76051
I (38359221) SystemInfo: free sram: 88039 minimal sram: 76051
I (38369221) SystemInfo: free sram: 88039 minimal sram: 76051
I (38379221) SystemInfo: free sram: 88039 minimal sram: 76051
I (38389221) SystemInfo: free sram: 88039 minimal sram: 76051
I (38399221) SystemInfo: free sram: 88039 minimal sram: 76051
I (38409221) SystemInfo: free sram: 88039 minimal sram: 76051
I (38419221) SystemInfo: free sram: 88039 minimal sram: 76051
I (38429221) SystemInfo: free sram: 88039 minimal sram: 76051
I (38439221) SystemInfo: free sram: 87999 minimal sram: 76051
I (38449221) SystemInfo: free sram: 88039 minimal sram: 76051
I (38459221) SystemInfo: free sram: 88039 minimal sram: 76051
I (38469221) SystemInfo: free sram: 88039 minimal sram: 76051
I (38479221) SystemInfo: free sram: 88039 minimal sram: 76051
I (38489221) SystemInfo: free sram: 88039 minimal sram: 76051
I (38499221) SystemInfo: free sram: 88039 minimal sram: 76051
I (38509221) SystemInfo: free sram: 88039 minimal sram: 76051
I (38519221) SystemInfo: free sram: 88039 minimal sram: 76051
I (38529221) SystemInfo: free sram: 88039 minimal sram: 76051
I (38539221) SystemInfo: free sram: 88039 minimal sram: 76051
I (38549221) SystemInfo: free sram: 87999 minimal sram: 76051
I (38559221) SystemInfo: free sram: 88039 minimal sram: 76051
I (38569221) SystemInfo: free sram: 88039 minimal sram: 76051
I (38579221) SystemInfo: free sram: 88039 minimal sram: 76051
I (38589221) SystemInfo: free sram: 88039 minimal sram: 76051
I (38599221) SystemInfo: free sram: 88039 minimal sram: 76051
I (38609221) SystemInfo: free sram: 88039 minimal sram: 76051
I (38619221) SystemInfo: free sram: 88039 minimal sram: 76051
I (38629221) SystemInfo: free sram: 88039 minimal sram: 76051
I (38639221) SystemInfo: free sram: 88039 minimal sram: 76051
I (38649221) SystemInfo: free sram: 88039 minimal sram: 76051
I (38659221) SystemInfo: free sram: 87999 minimal sram: 76051
I (38669221) SystemInfo: free sram: 88039 minimal sram: 76051
I (38679221) SystemInfo: free sram: 88039 minimal sram: 76051
I (38689221) SystemInfo: free sram: 88039 minimal sram: 76051
I (38699221) SystemInfo: free sram: 88039 minimal sram: 76051
I (38709221) SystemInfo: free sram: 87999 minimal sram: 76051
I (38719221) SystemInfo: free sram: 88039 minimal sram: 76051
I (38729221) SystemInfo: free sram: 88039 minimal sram: 76051
I (38739221) SystemInfo: free sram: 88039 minimal sram: 76051
I (38749221) SystemInfo: free sram: 88039 minimal sram: 76051
I (38759221) SystemInfo: free sram: 88039 minimal sram: 76051
I (38769221) SystemInfo: free sram: 87999 minimal sram: 76051
I (38779221) SystemInfo: free sram: 88039 minimal sram: 76051
I (38789221) SystemInfo: free sram: 88039 minimal sram: 76051
I (38799221) SystemInfo: free sram: 88039 minimal sram: 76051
I (38809221) SystemInfo: free sram: 88039 minimal sram: 76051
I (38819221) SystemInfo: free sram: 88039 minimal sram: 76051
I (38829221) SystemInfo: free sram: 88039 minimal sram: 76051
I (38839221) SystemInfo: free sram: 88039 minimal sram: 76051
I (38849221) SystemInfo: free sram: 88039 minimal sram: 76051
I (38859221) SystemInfo: free sram: 88039 minimal sram: 76051
I (38869221) SystemInfo: free sram: 88039 minimal sram: 76051
I (38879221) SystemInfo: free sram: 87999 minimal sram: 76051
I (38889221) SystemInfo: free sram: 88039 minimal sram: 76051
I (38899221) SystemInfo: free sram: 88039 minimal sram: 76051
I (38909221) SystemInfo: free sram: 88039 minimal sram: 76051
I (38919221) SystemInfo: free sram: 88039 minimal sram: 76051
I (38929221) SystemInfo: free sram: 88039 minimal sram: 76051
I (38939221) SystemInfo: free sram: 88039 minimal sram: 76051
I (38949221) SystemInfo: free sram: 88039 minimal sram: 76051
I (38959221) SystemInfo: free sram: 88039 minimal sram: 76051
I (38969221) SystemInfo: free sram: 88039 minimal sram: 76051
I (38979221) SystemInfo: free sram: 88039 minimal sram: 76051
I (38989221) SystemInfo: free sram: 87999 minimal sram: 76051
I (38999221) SystemInfo: free sram: 88039 minimal sram: 76051
I (39009221) SystemInfo: free sram: 88039 minimal sram: 76051
I (39019221) SystemInfo: free sram: 88039 minimal sram: 76051
I (39029221) SystemInfo: free sram: 88039 minimal sram: 76051
I (39039221) SystemInfo: free sram: 88039 minimal sram: 76051
I (39049221) SystemInfo: free sram: 88039 minimal sram: 76051
I (39059221) SystemInfo: free sram: 88039 minimal sram: 76051
I (39069221) SystemInfo: free sram: 88039 minimal sram: 76051
I (39079221) SystemInfo: free sram: 88039 minimal sram: 76051
I (39089221) SystemInfo: free sram: 88039 minimal sram: 76051
I (39099221) SystemInfo: free sram: 87999 minimal sram: 76051
I (39109221) SystemInfo: free sram: 88039 minimal sram: 76051
I (39119221) SystemInfo: free sram: 88039 minimal sram: 76051
I (39129221) SystemInfo: free sram: 88039 minimal sram: 76051
I (39139221) SystemInfo: free sram: 88039 minimal sram: 76051
I (39149221) SystemInfo: free sram: 88039 minimal sram: 76051
I (39159221) SystemInfo: free sram: 88039 minimal sram: 76051
I (39169221) SystemInfo: free sram: 88039 minimal sram: 76051
I (39179221) SystemInfo: free sram: 88039 minimal sram: 76051
I (39189221) SystemInfo: free sram: 88039 minimal sram: 76051
I (39199221) SystemInfo: free sram: 88039 minimal sram: 76051
I (39209221) SystemInfo: free sram: 87999 minimal sram: 76051
I (39219221) SystemInfo: free sram: 88039 minimal sram: 76051
I (39229221) SystemInfo: free sram: 88039 minimal sram: 76051
I (39239221) SystemInfo: free sram: 88039 minimal sram: 76051
I (39249221) SystemInfo: free sram: 88039 minimal sram: 76051
I (39259221) SystemInfo: free sram: 88039 minimal sram: 76051
I (39269221) SystemInfo: free sram: 88039 minimal sram: 76051
I (39279221) SystemInfo: free sram: 88039 minimal sram: 76051
I (39289221) SystemInfo: free sram: 88039 minimal sram: 76051
I (39299221) SystemInfo: free sram: 88039 minimal sram: 76051
I (39309221) SystemInfo: free sram: 88039 minimal sram: 76051
I (39319221) SystemInfo: free sram: 87999 minimal sram: 76051
I (39329221) SystemInfo: free sram: 88039 minimal sram: 76051
I (39339221) SystemInfo: free sram: 88039 minimal sram: 76051
I (39349221) SystemInfo: free sram: 88039 minimal sram: 76051
I (39359221) SystemInfo: free sram: 88039 minimal sram: 76051
I (39369221) SystemInfo: free sram: 88039 minimal sram: 76051
I (39379221) SystemInfo: free sram: 88039 minimal sram: 76051
I (39389221) SystemInfo: free sram: 88039 minimal sram: 76051
I (39399221) SystemInfo: free sram: 88039 minimal sram: 76051
I (39409221) SystemInfo: free sram: 88039 minimal sram: 76051
I (39419221) SystemInfo: free sram: 88039 minimal sram: 76051
I (39429221) SystemInfo: free sram: 87999 minimal sram: 76051
I (39439221) SystemInfo: free sram: 88039 minimal sram: 76051
I (39449221) SystemInfo: free sram: 88039 minimal sram: 76051
I (39459221) SystemInfo: free sram: 88039 minimal sram: 76051
I (39469221) SystemInfo: free sram: 88039 minimal sram: 76051
I (39479221) SystemInfo: free sram: 88039 minimal sram: 76051
I (39489221) SystemInfo: free sram: 88039 minimal sram: 76051
I (39499221) SystemInfo: free sram: 88039 minimal sram: 76051
I (39509221) SystemInfo: free sram: 88039 minimal sram: 76051
I (39519221) SystemInfo: free sram: 88039 minimal sram: 76051
I (39529221) SystemInfo: free sram: 88039 minimal sram: 76051
I (39539221) SystemInfo: free sram: 87999 minimal sram: 76051
I (39549221) SystemInfo: free sram: 88039 minimal sram: 76051
I (39559221) SystemInfo: free sram: 88039 minimal sram: 76051
I (39569221) SystemInfo: free sram: 88039 minimal sram: 76051
I (39579221) SystemInfo: free sram: 88039 minimal sram: 76051
I (39589221) SystemInfo: free sram: 88039 minimal sram: 76051
I (39599221) SystemInfo: free sram: 88039 minimal sram: 76051
I (39609221) SystemInfo: free sram: 88039 minimal sram: 76051
I (39619221) SystemInfo: free sram: 88039 minimal sram: 76051
I (39629221) SystemInfo: free sram: 88039 minimal sram: 76051
I (39639221) SystemInfo: free sram: 88039 minimal sram: 76051
I (39649221) SystemInfo: free sram: 87999 minimal sram: 76051
I (39659221) SystemInfo: free sram: 88039 minimal sram: 76051
I (39669221) SystemInfo: free sram: 88039 minimal sram: 76051
I (39679221) SystemInfo: free sram: 88039 minimal sram: 76051
I (39689221) SystemInfo: free sram: 88039 minimal sram: 76051
I (39699221) SystemInfo: free sram: 88039 minimal sram: 76051
I (39709221) SystemInfo: free sram: 88039 minimal sram: 76051
I (39719221) SystemInfo: free sram: 88039 minimal sram: 76051
I (39729221) SystemInfo: free sram: 88039 minimal sram: 76051
I (39739221) SystemInfo: free sram: 88039 minimal sram: 76051
I (39749221) SystemInfo: free sram: 88039 minimal sram: 76051
I (39759221) SystemInfo: free sram: 87999 minimal sram: 76051
I (39769221) SystemInfo: free sram: 88039 minimal sram: 76051
I (39779221) SystemInfo: free sram: 88039 minimal sram: 76051
I (39789221) SystemInfo: free sram: 88039 minimal sram: 76051
I (39799221) SystemInfo: free sram: 88039 minimal sram: 76051
I (39809221) SystemInfo: free sram: 88039 minimal sram: 76051
I (39819221) SystemInfo: free sram: 88039 minimal sram: 76051
I (39829221) SystemInfo: free sram: 88039 minimal sram: 76051
I (39839221) SystemInfo: free sram: 88039 minimal sram: 76051
I (39849221) SystemInfo: free sram: 88039 minimal sram: 76051
I (39859221) SystemInfo: free sram: 88039 minimal sram: 76051
I (39869221) SystemInfo: free sram: 87999 minimal sram: 76051
I (39879221) SystemInfo: free sram: 88039 minimal sram: 76051
I (39889221) SystemInfo: free sram: 88039 minimal sram: 76051
I (39899221) SystemInfo: free sram: 88039 minimal sram: 76051
I (39909221) SystemInfo: free sram: 88039 minimal sram: 76051
I (39919221) SystemInfo: free sram: 88039 minimal sram: 76051
I (39929221) SystemInfo: free sram: 88039 minimal sram: 76051
I (39939221) SystemInfo: free sram: 88039 minimal sram: 76051
I (39949221) SystemInfo: free sram: 88039 minimal sram: 76051
I (39959221) SystemInfo: free sram: 88039 minimal sram: 76051
I (39969221) SystemInfo: free sram: 88039 minimal sram: 76051
I (39979221) SystemInfo: free sram: 87999 minimal sram: 76051
I (39989221) SystemInfo: free sram: 88039 minimal sram: 76051
I (39999221) SystemInfo: free sram: 88039 minimal sram: 76051
I (40009221) SystemInfo: free sram: 88039 minimal sram: 76051
I (40019221) SystemInfo: free sram: 88039 minimal sram: 76051
I (40029221) SystemInfo: free sram: 88039 minimal sram: 76051
I (40039221) SystemInfo: free sram: 88039 minimal sram: 76051
I (40049221) SystemInfo: free sram: 88039 minimal sram: 76051
I (40059221) SystemInfo: free sram: 88039 minimal sram: 76051
I (40069221) SystemInfo: free sram: 88039 minimal sram: 76051
I (40079221) SystemInfo: free sram: 88039 minimal sram: 76051
I (40089221) SystemInfo: free sram: 87999 minimal sram: 76051
I (40099221) SystemInfo: free sram: 88039 minimal sram: 76051
I (40109221) SystemInfo: free sram: 88039 minimal sram: 76051
I (40119221) SystemInfo: free sram: 88039 minimal sram: 76051
I (40129221) SystemInfo: free sram: 88039 minimal sram: 76051
I (40139221) SystemInfo: free sram: 88039 minimal sram: 76051
I (40149221) SystemInfo: free sram: 88039 minimal sram: 76051
I (40159221) SystemInfo: free sram: 88039 minimal sram: 76051
I (40169221) SystemInfo: free sram: 88039 minimal sram: 76051
I (40179221) SystemInfo: free sram: 88039 minimal sram: 76051
I (40189221) SystemInfo: free sram: 88039 minimal sram: 76051
I (40199221) SystemInfo: free sram: 87999 minimal sram: 76051
I (40209221) SystemInfo: free sram: 88039 minimal sram: 76051
I (40219221) SystemInfo: free sram: 88039 minimal sram: 76051
I (40229221) SystemInfo: free sram: 88039 minimal sram: 76051
I (40239221) SystemInfo: free sram: 88039 minimal sram: 76051
I (40249221) SystemInfo: free sram: 88039 minimal sram: 76051
I (40259221) SystemInfo: free sram: 88039 minimal sram: 76051
I (40269221) SystemInfo: free sram: 88039 minimal sram: 76051
I (40279221) SystemInfo: free sram: 88039 minimal sram: 76051
I (40289221) SystemInfo: free sram: 88039 minimal sram: 76051
I (40299221) SystemInfo: free sram: 88039 minimal sram: 76051
I (40309221) SystemInfo: free sram: 87999 minimal sram: 76051
I (40319221) SystemInfo: free sram: 88039 minimal sram: 76051
I (40329221) SystemInfo: free sram: 88039 minimal sram: 76051
I (40339221) SystemInfo: free sram: 88039 minimal sram: 76051
I (40349221) SystemInfo: free sram: 88039 minimal sram: 76051
I (40359221) SystemInfo: free sram: 88039 minimal sram: 76051
I (40369221) SystemInfo: free sram: 88039 minimal sram: 76051
I (40379221) SystemInfo: free sram: 88039 minimal sram: 76051
I (40389221) SystemInfo: free sram: 88039 minimal sram: 76051
I (40399221) SystemInfo: free sram: 88039 minimal sram: 76051
I (40409221) SystemInfo: free sram: 88039 minimal sram: 76051
I (40419221) SystemInfo: free sram: 87999 minimal sram: 76051
I (40429221) SystemInfo: free sram: 88039 minimal sram: 76051
I (40439221) SystemInfo: free sram: 88039 minimal sram: 76051
I (40449221) SystemInfo: free sram: 88039 minimal sram: 76051
I (40459221) SystemInfo: free sram: 88039 minimal sram: 76051
I (40469221) SystemInfo: free sram: 88039 minimal sram: 76051
I (40479221) SystemInfo: free sram: 88039 minimal sram: 76051
I (40489221) SystemInfo: free sram: 88039 minimal sram: 76051
I (40499221) SystemInfo: free sram: 88039 minimal sram: 76051
I (40509221) SystemInfo: free sram: 88039 minimal sram: 76051
I (40519221) SystemInfo: free sram: 88039 minimal sram: 76051
I (40529221) SystemInfo: free sram: 87999 minimal sram: 76051
I (40539221) SystemInfo: free sram: 88039 minimal sram: 76051
I (40549221) SystemInfo: free sram: 88039 minimal sram: 76051
I (40559221) SystemInfo: free sram: 88039 minimal sram: 76051
I (40569221) SystemInfo: free sram: 88039 minimal sram: 76051
I (40579221) SystemInfo: free sram: 88039 minimal sram: 76051
I (40589221) SystemInfo: free sram: 88039 minimal sram: 76051
I (40599221) SystemInfo: free sram: 88039 minimal sram: 76051
I (40609221) SystemInfo: free sram: 88039 minimal sram: 76051
I (40619221) SystemInfo: free sram: 88039 minimal sram: 76051
I (40629221) SystemInfo: free sram: 88039 minimal sram: 76051
I (40639221) SystemInfo: free sram: 87999 minimal sram: 76051
I (40649221) SystemInfo: free sram: 88039 minimal sram: 76051
I (40659221) SystemInfo: free sram: 88039 minimal sram: 76051
I (40669221) SystemInfo: free sram: 88039 minimal sram: 76051
I (40679221) SystemInfo: free sram: 88039 minimal sram: 76051
I (40689221) SystemInfo: free sram: 88039 minimal sram: 76051
I (40699221) SystemInfo: free sram: 88039 minimal sram: 76051
I (40709221) SystemInfo: free sram: 88039 minimal sram: 76051
I (40719221) SystemInfo: free sram: 88039 minimal sram: 76051
I (40729221) SystemInfo: free sram: 88039 minimal sram: 76051
I (40739221) SystemInfo: free sram: 88039 minimal sram: 76051
I (40749221) SystemInfo: free sram: 87999 minimal sram: 76051
I (40759221) SystemInfo: free sram: 88039 minimal sram: 76051
I (40769221) SystemInfo: free sram: 88039 minimal sram: 76051
I (40779221) SystemInfo: free sram: 88039 minimal sram: 76051
I (40789221) SystemInfo: free sram: 88039 minimal sram: 76051
I (40799221) SystemInfo: free sram: 88039 minimal sram: 76051
I (40809221) SystemInfo: free sram: 88039 minimal sram: 76051
I (40819221) SystemInfo: free sram: 88039 minimal sram: 76051
I (40829221) SystemInfo: free sram: 88039 minimal sram: 76051
I (40839221) SystemInfo: free sram: 88039 minimal sram: 76051
I (40849221) SystemInfo: free sram: 88039 minimal sram: 76051
I (40859221) SystemInfo: free sram: 87999 minimal sram: 76051
I (40869221) SystemInfo: free sram: 88039 minimal sram: 76051
I (40879221) SystemInfo: free sram: 88039 minimal sram: 76051
I (40889221) SystemInfo: free sram: 88039 minimal sram: 76051
I (40899221) SystemInfo: free sram: 88039 minimal sram: 76051
I (40909221) SystemInfo: free sram: 88039 minimal sram: 76051
I (40919221) SystemInfo: free sram: 88039 minimal sram: 76051
I (40929221) SystemInfo: free sram: 88039 minimal sram: 76051
I (40939221) SystemInfo: free sram: 88039 minimal sram: 76051
I (40949221) SystemInfo: free sram: 88039 minimal sram: 76051
I (40959221) SystemInfo: free sram: 88039 minimal sram: 76051
I (40969221) SystemInfo: free sram: 87999 minimal sram: 76051
I (40979221) SystemInfo: free sram: 88039 minimal sram: 76051
I (40989221) SystemInfo: free sram: 88039 minimal sram: 76051
I (40999221) SystemInfo: free sram: 88039 minimal sram: 76051
I (41009221) SystemInfo: free sram: 88039 minimal sram: 76051
I (41019221) SystemInfo: free sram: 88039 minimal sram: 76051
I (41029221) SystemInfo: free sram: 88039 minimal sram: 76051
I (41039221) SystemInfo: free sram: 88039 minimal sram: 76051
I (41049221) SystemInfo: free sram: 88039 minimal sram: 76051
I (41059221) SystemInfo: free sram: 88039 minimal sram: 76051
I (41069221) SystemInfo: free sram: 88039 minimal sram: 76051
I (41079221) SystemInfo: free sram: 87999 minimal sram: 76051
I (41089221) SystemInfo: free sram: 88039 minimal sram: 76051
I (41099221) SystemInfo: free sram: 88039 minimal sram: 76051
I (41109221) SystemInfo: free sram: 88039 minimal sram: 76051
I (41119221) SystemInfo: free sram: 88039 minimal sram: 76051
I (41129221) SystemInfo: free sram: 88039 minimal sram: 76051
I (41139221) SystemInfo: free sram: 87999 minimal sram: 76051
I (41149221) SystemInfo: free sram: 88039 minimal sram: 76051
I (41159221) SystemInfo: free sram: 88039 minimal sram: 76051
I (41169221) SystemInfo: free sram: 88039 minimal sram: 76051
I (41179221) SystemInfo: free sram: 88039 minimal sram: 76051
I (41189221) SystemInfo: free sram: 87999 minimal sram: 76051
I (41199221) SystemInfo: free sram: 88039 minimal sram: 76051
I (41209221) SystemInfo: free sram: 88039 minimal sram: 76051
I (41219221) SystemInfo: free sram: 88039 minimal sram: 76051
I (41229221) SystemInfo: free sram: 88039 minimal sram: 76051
I (41239221) SystemInfo: free sram: 88039 minimal sram: 76051
I (41249221) SystemInfo: free sram: 88039 minimal sram: 76051
I (41259221) SystemInfo: free sram: 88039 minimal sram: 76051
I (41269221) SystemInfo: free sram: 87999 minimal sram: 76051
I (41279221) SystemInfo: free sram: 88039 minimal sram: 76051
I (41289221) SystemInfo: free sram: 88039 minimal sram: 76051
I (41299221) SystemInfo: free sram: 87999 minimal sram: 76051
I (41309221) SystemInfo: free sram: 88039 minimal sram: 76051
I (41319221) SystemInfo: free sram: 88039 minimal sram: 76051
I (41329221) SystemInfo: free sram: 88039 minimal sram: 76051
I (41339221) SystemInfo: free sram: 88039 minimal sram: 76051
I (41349221) SystemInfo: free sram: 88039 minimal sram: 76051
I (41359221) SystemInfo: free sram: 88039 minimal sram: 76051
I (41369221) SystemInfo: free sram: 88039 minimal sram: 76051
I (41379221) SystemInfo: free sram: 88039 minimal sram: 76051
I (41389221) SystemInfo: free sram: 88039 minimal sram: 76051
I (41399221) SystemInfo: free sram: 88039 minimal sram: 76051
I (41409221) SystemInfo: free sram: 87999 minimal sram: 76051
I (41419221) SystemInfo: free sram: 88039 minimal sram: 76051
I (41429221) SystemInfo: free sram: 88039 minimal sram: 76051
I (41439221) SystemInfo: free sram: 88039 minimal sram: 76051
I (41449221) SystemInfo: free sram: 88039 minimal sram: 76051
I (41459221) SystemInfo: free sram: 88039 minimal sram: 76051
I (41469221) SystemInfo: free sram: 88039 minimal sram: 76051
I (41479221) SystemInfo: free sram: 88039 minimal sram: 76051
I (41489221) SystemInfo: free sram: 88039 minimal sram: 76051
I (41499221) SystemInfo: free sram: 88039 minimal sram: 76051
I (41509221) SystemInfo: free sram: 88039 minimal sram: 76051
I (41519221) SystemInfo: free sram: 87999 minimal sram: 76051
I (41529221) SystemInfo: free sram: 88039 minimal sram: 76051
I (41539221) SystemInfo: free sram: 88039 minimal sram: 76051
I (41549221) SystemInfo: free sram: 88039 minimal sram: 76051
I (41559221) SystemInfo: free sram: 88039 minimal sram: 76051
I (41569221) SystemInfo: free sram: 88039 minimal sram: 76051
I (41579221) SystemInfo: free sram: 88039 minimal sram: 76051
I (41589221) SystemInfo: free sram: 88039 minimal sram: 76051
I (41599221) SystemInfo: free sram: 88039 minimal sram: 76051
I (41609221) SystemInfo: free sram: 88039 minimal sram: 76051
I (41619221) SystemInfo: free sram: 88039 minimal sram: 76051
I (41629221) SystemInfo: free sram: 87999 minimal sram: 76051
I (41639221) SystemInfo: free sram: 88039 minimal sram: 76051
I (41649221) SystemInfo: free sram: 88039 minimal sram: 76051
I (41659221) SystemInfo: free sram: 88039 minimal sram: 76051
I (41669221) SystemInfo: free sram: 88039 minimal sram: 76051
I (41679221) SystemInfo: free sram: 88039 minimal sram: 76051
I (41689221) SystemInfo: free sram: 88039 minimal sram: 76051
I (41699221) SystemInfo: free sram: 88039 minimal sram: 76051
I (41709221) SystemInfo: free sram: 88039 minimal sram: 76051
I (41719221) SystemInfo: free sram: 88039 minimal sram: 76051
I (41729221) SystemInfo: free sram: 88039 minimal sram: 76051
I (41739221) SystemInfo: free sram: 87999 minimal sram: 76051
I (41749221) SystemInfo: free sram: 88039 minimal sram: 76051
I (41759221) SystemInfo: free sram: 88039 minimal sram: 76051
I (41769221) SystemInfo: free sram: 88039 minimal sram: 76051
I (41779221) SystemInfo: free sram: 88039 minimal sram: 76051
I (41789221) SystemInfo: free sram: 88039 minimal sram: 76051
I (41799221) SystemInfo: free sram: 88039 minimal sram: 76051
I (41809221) SystemInfo: free sram: 88039 minimal sram: 76051
I (41819221) SystemInfo: free sram: 88039 minimal sram: 76051
I (41829221) SystemInfo: free sram: 88039 minimal sram: 76051
I (41839221) SystemInfo: free sram: 88039 minimal sram: 76051
I (41849221) SystemInfo: free sram: 87999 minimal sram: 76051
I (41859221) SystemInfo: free sram: 88039 minimal sram: 76051
I (41869221) SystemInfo: free sram: 88039 minimal sram: 76051
I (41879221) SystemInfo: free sram: 88039 minimal sram: 76051
I (41889221) SystemInfo: free sram: 88039 minimal sram: 76051
I (41899221) SystemInfo: free sram: 88039 minimal sram: 76051
I (41909221) SystemInfo: free sram: 88039 minimal sram: 76051
I (41919221) SystemInfo: free sram: 88039 minimal sram: 76051
I (41929221) SystemInfo: free sram: 88039 minimal sram: 76051
I (41939221) SystemInfo: free sram: 88039 minimal sram: 76051
I (41949221) SystemInfo: free sram: 88039 minimal sram: 76051
I (41959221) SystemInfo: free sram: 87999 minimal sram: 76051
I (41969221) SystemInfo: free sram: 88039 minimal sram: 76051
I (41979221) SystemInfo: free sram: 88039 minimal sram: 76051
I (41989221) SystemInfo: free sram: 88039 minimal sram: 76051
I (41999221) SystemInfo: free sram: 88039 minimal sram: 76051
I (42009221) SystemInfo: free sram: 88039 minimal sram: 76051
I (42019221) SystemInfo: free sram: 88039 minimal sram: 76051
I (42029221) SystemInfo: free sram: 88039 minimal sram: 76051
I (42039221) SystemInfo: free sram: 88039 minimal sram: 76051
I (42049221) SystemInfo: free sram: 88039 minimal sram: 76051
I (42059221) SystemInfo: free sram: 88039 minimal sram: 76051
I (42069221) SystemInfo: free sram: 87999 minimal sram: 76051
I (42079221) SystemInfo: free sram: 88039 minimal sram: 76051
I (42089221) SystemInfo: free sram: 88039 minimal sram: 76051
I (42099221) SystemInfo: free sram: 88039 minimal sram: 76051
I (42109221) SystemInfo: free sram: 88039 minimal sram: 76051
I (42119221) SystemInfo: free sram: 88039 minimal sram: 76051
I (42129221) SystemInfo: free sram: 88039 minimal sram: 76051
I (42139221) SystemInfo: free sram: 88039 minimal sram: 76051
I (42149221) SystemInfo: free sram: 88039 minimal sram: 76051
I (42159221) SystemInfo: free sram: 88039 minimal sram: 76051
I (42169221) SystemInfo: free sram: 88039 minimal sram: 76051
I (42179221) SystemInfo: free sram: 87999 minimal sram: 76051
I (42189221) SystemInfo: free sram: 88039 minimal sram: 76051
I (42199221) SystemInfo: free sram: 88039 minimal sram: 76051
I (42209221) SystemInfo: free sram: 88039 minimal sram: 76051
I (42219221) SystemInfo: free sram: 88039 minimal sram: 76051
I (42229221) SystemInfo: free sram: 88039 minimal sram: 76051
I (42239221) SystemInfo: free sram: 88039 minimal sram: 76051
I (42249221) SystemInfo: free sram: 88039 minimal sram: 76051
I (42259221) SystemInfo: free sram: 88039 minimal sram: 76051
I (42269221) SystemInfo: free sram: 88039 minimal sram: 76051
I (42279221) SystemInfo: free sram: 88039 minimal sram: 76051
I (42289221) SystemInfo: free sram: 87999 minimal sram: 76051
I (42299221) SystemInfo: free sram: 88039 minimal sram: 76051
I (42309221) SystemInfo: free sram: 88039 minimal sram: 76051
I (42319221) SystemInfo: free sram: 88039 minimal sram: 76051
I (42329221) SystemInfo: free sram: 88039 minimal sram: 76051
I (42339221) SystemInfo: free sram: 88039 minimal sram: 76051
I (42349221) SystemInfo: free sram: 88039 minimal sram: 76051
I (42359221) SystemInfo: free sram: 88039 minimal sram: 76051
I (42369221) SystemInfo: free sram: 88039 minimal sram: 76051
I (42379221) SystemInfo: free sram: 88039 minimal sram: 76051
I (42389221) SystemInfo: free sram: 88039 minimal sram: 76051
I (42399221) SystemInfo: free sram: 87999 minimal sram: 76051
I (42409221) SystemInfo: free sram: 88039 minimal sram: 76051
I (42419221) SystemInfo: free sram: 88039 minimal sram: 76051
I (42429221) SystemInfo: free sram: 88039 minimal sram: 76051
I (42439221) SystemInfo: free sram: 88039 minimal sram: 76051
I (42449221) SystemInfo: free sram: 88039 minimal sram: 76051
I (42459221) SystemInfo: free sram: 88039 minimal sram: 76051
I (42469221) SystemInfo: free sram: 88039 minimal sram: 76051
I (42479221) SystemInfo: free sram: 88039 minimal sram: 76051
I (42489221) SystemInfo: free sram: 88039 minimal sram: 76051
I (42499221) SystemInfo: free sram: 88039 minimal sram: 76051
I (42509221) SystemInfo: free sram: 87999 minimal sram: 76051
I (42519221) SystemInfo: free sram: 88039 minimal sram: 76051
I (42529221) SystemInfo: free sram: 88039 minimal sram: 76051
I (42539221) SystemInfo: free sram: 88039 minimal sram: 76051
I (42549221) SystemInfo: free sram: 88039 minimal sram: 76051
I (42559221) SystemInfo: free sram: 88039 minimal sram: 76051
I (42569221) SystemInfo: free sram: 88039 minimal sram: 76051
I (42579221) SystemInfo: free sram: 88039 minimal sram: 76051
I (42589221) SystemInfo: free sram: 88039 minimal sram: 76051
I (42599221) SystemInfo: free sram: 88039 minimal sram: 76051
I (42609221) SystemInfo: free sram: 88039 minimal sram: 76051
I (42619221) SystemInfo: free sram: 87999 minimal sram: 76051
I (42629221) SystemInfo: free sram: 88039 minimal sram: 76051
I (42639221) SystemInfo: free sram: 88039 minimal sram: 76051
I (42649221) SystemInfo: free sram: 88039 minimal sram: 76051
I (42659221) SystemInfo: free sram: 88039 minimal sram: 76051
I (42669221) SystemInfo: free sram: 88039 minimal sram: 76051
I (42679221) SystemInfo: free sram: 88039 minimal sram: 76051
I (42689221) SystemInfo: free sram: 88039 minimal sram: 76051
I (42699221) SystemInfo: free sram: 88039 minimal sram: 76051
I (42709221) SystemInfo: free sram: 88039 minimal sram: 76051
I (42719221) SystemInfo: free sram: 88039 minimal sram: 76051
I (42729221) SystemInfo: free sram: 87999 minimal sram: 76051
I (42739221) SystemInfo: free sram: 88039 minimal sram: 76051
I (42749221) SystemInfo: free sram: 88039 minimal sram: 76051
I (42759221) SystemInfo: free sram: 88039 minimal sram: 76051
I (42769221) SystemInfo: free sram: 88039 minimal sram: 76051
I (42779221) SystemInfo: free sram: 88039 minimal sram: 76051
I (42789221) SystemInfo: free sram: 88039 minimal sram: 76051
I (42799221) SystemInfo: free sram: 88039 minimal sram: 76051
I (42809221) SystemInfo: free sram: 88039 minimal sram: 76051
I (42819221) SystemInfo: free sram: 88039 minimal sram: 76051
I (42829221) SystemInfo: free sram: 88039 minimal sram: 76051
I (42839221) SystemInfo: free sram: 87999 minimal sram: 76051
I (42849221) SystemInfo: free sram: 88039 minimal sram: 76051
I (42859221) SystemInfo: free sram: 88039 minimal sram: 76051
I (42869221) SystemInfo: free sram: 88039 minimal sram: 76051
I (42879221) SystemInfo: free sram: 88039 minimal sram: 76051
I (42889221) SystemInfo: free sram: 88039 minimal sram: 76051
I (42899221) SystemInfo: free sram: 88039 minimal sram: 76051
I (42909221) SystemInfo: free sram: 88039 minimal sram: 76051
I (42919221) SystemInfo: free sram: 88039 minimal sram: 76051
I (42929221) SystemInfo: free sram: 88039 minimal sram: 76051
I (42939221) SystemInfo: free sram: 88039 minimal sram: 76051
I (42949221) SystemInfo: free sram: 87999 minimal sram: 76051
I (42959221) SystemInfo: free sram: 88039 minimal sram: 76051
I (42969221) SystemInfo: free sram: 88039 minimal sram: 76051
I (42979221) SystemInfo: free sram: 88039 minimal sram: 76051
I (42989221) SystemInfo: free sram: 88039 minimal sram: 76051
I (42999221) SystemInfo: free sram: 88039 minimal sram: 76051
I (43009221) SystemInfo: free sram: 88039 minimal sram: 76051
I (43019221) SystemInfo: free sram: 88039 minimal sram: 76051
I (43029221) SystemInfo: free sram: 88039 minimal sram: 76051
I (43039221) SystemInfo: free sram: 88039 minimal sram: 76051
I (43049221) SystemInfo: free sram: 88039 minimal sram: 76051
I (43059221) SystemInfo: free sram: 87999 minimal sram: 76051
I (43069221) SystemInfo: free sram: 88039 minimal sram: 76051
I (43079221) SystemInfo: free sram: 88039 minimal sram: 76051
I (43089221) SystemInfo: free sram: 88039 minimal sram: 76051
I (43099221) SystemInfo: free sram: 88039 minimal sram: 76051
I (43109221) SystemInfo: free sram: 88039 minimal sram: 76051
I (43119221) SystemInfo: free sram: 88039 minimal sram: 76051
I (43129221) SystemInfo: free sram: 88039 minimal sram: 76051
I (43139221) SystemInfo: free sram: 88039 minimal sram: 76051
I (43149221) SystemInfo: free sram: 88039 minimal sram: 76051
I (43159221) SystemInfo: free sram: 88039 minimal sram: 76051
I (43169221) SystemInfo: free sram: 87999 minimal sram: 76051
I (43179221) SystemInfo: free sram: 88039 minimal sram: 76051
I (43189221) SystemInfo: free sram: 88039 minimal sram: 76051
I (43199221) SystemInfo: free sram: 88039 minimal sram: 76051
I (43209221) SystemInfo: free sram: 88039 minimal sram: 76051
I (43219221) SystemInfo: free sram: 88039 minimal sram: 76051
I (43229221) SystemInfo: free sram: 88039 minimal sram: 76051
I (43239221) SystemInfo: free sram: 88039 minimal sram: 76051
I (43249221) SystemInfo: free sram: 88039 minimal sram: 76051
I (43259221) SystemInfo: free sram: 88039 minimal sram: 76051
I (43269221) SystemInfo: free sram: 88039 minimal sram: 76051
I (43279221) SystemInfo: free sram: 87999 minimal sram: 76051
I (43289221) SystemInfo: free sram: 88039 minimal sram: 76051
I (43299221) SystemInfo: free sram: 88039 minimal sram: 76051
I (43309221) SystemInfo: free sram: 88039 minimal sram: 76051
I (43319221) SystemInfo: free sram: 88039 minimal sram: 76051
I (43329221) SystemInfo: free sram: 88039 minimal sram: 76051
I (43339221) SystemInfo: free sram: 88039 minimal sram: 76051
I (43349221) SystemInfo: free sram: 88039 minimal sram: 76051
I (43359221) SystemInfo: free sram: 87999 minimal sram: 76051
I (43369221) SystemInfo: free sram: 88039 minimal sram: 76051
I (43379221) SystemInfo: free sram: 88039 minimal sram: 76051
I (43389221) SystemInfo: free sram: 87999 minimal sram: 76051
I (43399221) SystemInfo: free sram: 88039 minimal sram: 76051
I (43409221) SystemInfo: free sram: 88039 minimal sram: 76051
I (43419221) SystemInfo: free sram: 88039 minimal sram: 76051
I (43429221) SystemInfo: free sram: 88039 minimal sram: 76051
I (43439221) SystemInfo: free sram: 88039 minimal sram: 76051
I (43449221) SystemInfo: free sram: 88039 minimal sram: 76051
I (43459221) SystemInfo: free sram: 88039 minimal sram: 76051
I (43469221) SystemInfo: free sram: 88039 minimal sram: 76051
I (43479221) SystemInfo: free sram: 88039 minimal sram: 76051
I (43489221) SystemInfo: free sram: 88039 minimal sram: 76051
I (43499221) SystemInfo: free sram: 87999 minimal sram: 76051
I (43509221) SystemInfo: free sram: 88039 minimal sram: 76051
I (43519221) SystemInfo: free sram: 88039 minimal sram: 76051
I (43529221) SystemInfo: free sram: 88039 minimal sram: 76051
I (43539221) SystemInfo: free sram: 88039 minimal sram: 76051
I (43549221) SystemInfo: free sram: 88039 minimal sram: 76051
I (43559221) SystemInfo: free sram: 88039 minimal sram: 76051
I (43569221) SystemInfo: free sram: 88039 minimal sram: 76051
I (43579221) SystemInfo: free sram: 88039 minimal sram: 76051
I (43589221) SystemInfo: free sram: 88039 minimal sram: 76051
I (43599221) SystemInfo: free sram: 88039 minimal sram: 76051
I (43609221) SystemInfo: free sram: 87999 minimal sram: 76051
I (43619221) SystemInfo: free sram: 88039 minimal sram: 76051
I (43629221) SystemInfo: free sram: 88039 minimal sram: 76051
I (43639221) SystemInfo: free sram: 88039 minimal sram: 76051
I (43649221) SystemInfo: free sram: 88039 minimal sram: 76051
I (43659221) SystemInfo: free sram: 88039 minimal sram: 76051
I (43669221) SystemInfo: free sram: 88039 minimal sram: 76051
I (43679221) SystemInfo: free sram: 88039 minimal sram: 76051
I (43689221) SystemInfo: free sram: 88039 minimal sram: 76051
I (43699221) SystemInfo: free sram: 87999 minimal sram: 76051
I (43709221) SystemInfo: free sram: 88039 minimal sram: 76051
I (43719221) SystemInfo: free sram: 87999 minimal sram: 76051
I (43729221) SystemInfo: free sram: 88039 minimal sram: 76051
I (43739221) SystemInfo: free sram: 88039 minimal sram: 76051
I (43749221) SystemInfo: free sram: 88039 minimal sram: 76051
I (43759221) SystemInfo: free sram: 88039 minimal sram: 76051
I (43769221) SystemInfo: free sram: 88039 minimal sram: 76051
I (43779221) SystemInfo: free sram: 88039 minimal sram: 76051
I (43789221) SystemInfo: free sram: 88039 minimal sram: 76051
I (43799221) SystemInfo: free sram: 88039 minimal sram: 76051
I (43809221) SystemInfo: free sram: 88039 minimal sram: 76051
I (43819221) SystemInfo: free sram: 88039 minimal sram: 76051
I (43829221) SystemInfo: free sram: 87999 minimal sram: 76051
I (43839221) SystemInfo: free sram: 88039 minimal sram: 76051
I (43849221) SystemInfo: free sram: 88039 minimal sram: 76051
I (43859221) SystemInfo: free sram: 88039 minimal sram: 76051
I (43869221) SystemInfo: free sram: 88039 minimal sram: 76051
I (43879221) SystemInfo: free sram: 88039 minimal sram: 76051
I (43889221) SystemInfo: free sram: 88039 minimal sram: 76051
I (43899221) SystemInfo: free sram: 88039 minimal sram: 76051
I (43909221) SystemInfo: free sram: 88039 minimal sram: 76051
I (43919221) SystemInfo: free sram: 88039 minimal sram: 76051
I (43929221) SystemInfo: free sram: 88039 minimal sram: 76051
I (43939221) SystemInfo: free sram: 87999 minimal sram: 76051
I (43949221) SystemInfo: free sram: 88039 minimal sram: 76051
I (43959221) SystemInfo: free sram: 88039 minimal sram: 76051
I (43969221) SystemInfo: free sram: 88039 minimal sram: 76051
I (43979221) SystemInfo: free sram: 88039 minimal sram: 76051
I (43989221) SystemInfo: free sram: 88039 minimal sram: 76051
I (43999221) SystemInfo: free sram: 87999 minimal sram: 76051
I (44009221) SystemInfo: free sram: 88039 minimal sram: 76051
I (44019221) SystemInfo: free sram: 88039 minimal sram: 76051
I (44029221) SystemInfo: free sram: 88039 minimal sram: 76051
I (44039221) SystemInfo: free sram: 88039 minimal sram: 76051
I (44049221) SystemInfo: free sram: 87999 minimal sram: 76051
I (44059221) SystemInfo: free sram: 88039 minimal sram: 76051
I (44069221) SystemInfo: free sram: 88039 minimal sram: 76051
I (44079221) SystemInfo: free sram: 88039 minimal sram: 76051
I (44089221) SystemInfo: free sram: 88039 minimal sram: 76051
I (44099221) SystemInfo: free sram: 88039 minimal sram: 76051
I (44109221) SystemInfo: free sram: 88039 minimal sram: 76051
I (44119221) SystemInfo: free sram: 88039 minimal sram: 76051
I (44129221) SystemInfo: free sram: 88039 minimal sram: 76051
I (44139221) SystemInfo: free sram: 88039 minimal sram: 76051
I (44149221) SystemInfo: free sram: 88039 minimal sram: 76051
I (44159221) SystemInfo: free sram: 87999 minimal sram: 76051
I (44169221) SystemInfo: free sram: 88039 minimal sram: 76051
I (44179221) SystemInfo: free sram: 88039 minimal sram: 76051
I (44189221) SystemInfo: free sram: 88039 minimal sram: 76051
I (44199221) SystemInfo: free sram: 88039 minimal sram: 76051
I (44209221) SystemInfo: free sram: 88039 minimal sram: 76051
I (44219221) SystemInfo: free sram: 88039 minimal sram: 76051
I (44229221) SystemInfo: free sram: 88039 minimal sram: 76051
I (44239221) SystemInfo: free sram: 88039 minimal sram: 76051
I (44249221) SystemInfo: free sram: 88039 minimal sram: 76051
I (44259221) SystemInfo: free sram: 88039 minimal sram: 76051
I (44269221) SystemInfo: free sram: 87999 minimal sram: 76051
I (44279221) SystemInfo: free sram: 88039 minimal sram: 76051
I (44289221) SystemInfo: free sram: 88039 minimal sram: 76051
I (44299221) SystemInfo: free sram: 88039 minimal sram: 76051
I (44309221) SystemInfo: free sram: 88039 minimal sram: 76051
I (44319221) SystemInfo: free sram: 88039 minimal sram: 76051
I (44329221) SystemInfo: free sram: 88039 minimal sram: 76051
I (44339221) SystemInfo: free sram: 88039 minimal sram: 76051
I (44349221) SystemInfo: free sram: 88039 minimal sram: 76051
I (44359221) SystemInfo: free sram: 88039 minimal sram: 76051
I (44369221) SystemInfo: free sram: 88039 minimal sram: 76051
I (44379221) SystemInfo: free sram: 87999 minimal sram: 76051
I (44389221) SystemInfo: free sram: 88039 minimal sram: 76051
I (44399221) SystemInfo: free sram: 88039 minimal sram: 76051
I (44409221) SystemInfo: free sram: 88039 minimal sram: 76051
I (44419221) SystemInfo: free sram: 88039 minimal sram: 76051
I (44429221) SystemInfo: free sram: 88039 minimal sram: 76051
I (44439221) SystemInfo: free sram: 88039 minimal sram: 76051
I (44449221) SystemInfo: free sram: 88039 minimal sram: 76051
I (44459221) SystemInfo: free sram: 88039 minimal sram: 76051
I (44469221) SystemInfo: free sram: 87999 minimal sram: 76051
I (44479221) SystemInfo: free sram: 88039 minimal sram: 76051
I (44489221) SystemInfo: free sram: 87999 minimal sram: 76051
I (44499221) SystemInfo: free sram: 88039 minimal sram: 76051
I (44509221) SystemInfo: free sram: 88039 minimal sram: 76051
I (44519221) SystemInfo: free sram: 88039 minimal sram: 76051
I (44529221) SystemInfo: free sram: 88039 minimal sram: 76051
I (44539221) SystemInfo: free sram: 88039 minimal sram: 76051
I (44549221) SystemInfo: free sram: 88039 minimal sram: 76051
I (44559221) SystemInfo: free sram: 88039 minimal sram: 76051
I (44569221) SystemInfo: free sram: 88039 minimal sram: 76051
I (44579221) SystemInfo: free sram: 88039 minimal sram: 76051
I (44589221) SystemInfo: free sram: 88039 minimal sram: 76051
I (44599221) SystemInfo: free sram: 87999 minimal sram: 76051
I (44609221) SystemInfo: free sram: 88039 minimal sram: 76051
I (44619221) SystemInfo: free sram: 88039 minimal sram: 76051
I (44629221) SystemInfo: free sram: 88039 minimal sram: 76051
I (44639221) SystemInfo: free sram: 88039 minimal sram: 76051
I (44649221) SystemInfo: free sram: 88039 minimal sram: 76051
I (44659221) SystemInfo: free sram: 88039 minimal sram: 76051
I (44669221) SystemInfo: free sram: 88039 minimal sram: 76051
I (44679221) SystemInfo: free sram: 88039 minimal sram: 76051
I (44689221) SystemInfo: free sram: 88039 minimal sram: 76051
I (44699221) SystemInfo: free sram: 88039 minimal sram: 76051
I (44709221) SystemInfo: free sram: 87999 minimal sram: 76051
I (44719221) SystemInfo: free sram: 88039 minimal sram: 76051
I (44729221) SystemInfo: free sram: 88039 minimal sram: 76051
I (44739221) SystemInfo: free sram: 88039 minimal sram: 76051
I (44749221) SystemInfo: free sram: 88039 minimal sram: 76051
I (44759221) SystemInfo: free sram: 88039 minimal sram: 76051
I (44769221) SystemInfo: free sram: 88039 minimal sram: 76051
I (44779221) SystemInfo: free sram: 88039 minimal sram: 76051
I (44789221) SystemInfo: free sram: 88039 minimal sram: 76051
I (44799221) SystemInfo: free sram: 88039 minimal sram: 76051
I (44809221) SystemInfo: free sram: 88039 minimal sram: 76051
I (44819221) SystemInfo: free sram: 87999 minimal sram: 76051
I (44829221) SystemInfo: free sram: 88039 minimal sram: 76051
I (44839221) SystemInfo: free sram: 88039 minimal sram: 76051
I (44849221) SystemInfo: free sram: 88039 minimal sram: 76051
I (44859221) SystemInfo: free sram: 88039 minimal sram: 76051
I (44869221) SystemInfo: free sram: 88039 minimal sram: 76051
I (44879221) SystemInfo: free sram: 88039 minimal sram: 76051
I (44889221) SystemInfo: free sram: 88039 minimal sram: 76051
I (44899221) SystemInfo: free sram: 88039 minimal sram: 76051
I (44909221) SystemInfo: free sram: 88039 minimal sram: 76051
I (44919221) SystemInfo: free sram: 88039 minimal sram: 76051
I (44929221) SystemInfo: free sram: 87999 minimal sram: 76051
I (44939221) SystemInfo: free sram: 88039 minimal sram: 76051
I (44949221) SystemInfo: free sram: 88039 minimal sram: 76051
I (44959221) SystemInfo: free sram: 88039 minimal sram: 76051
I (44969221) SystemInfo: free sram: 88039 minimal sram: 76051
I (44979221) SystemInfo: free sram: 88039 minimal sram: 76051
I (44989221) SystemInfo: free sram: 88039 minimal sram: 76051
I (44999221) SystemInfo: free sram: 88039 minimal sram: 76051
I (45009221) SystemInfo: free sram: 88039 minimal sram: 76051
I (45019221) SystemInfo: free sram: 88039 minimal sram: 76051
I (45029221) SystemInfo: free sram: 88039 minimal sram: 76051
I (45039221) SystemInfo: free sram: 87999 minimal sram: 76051
I (45049221) SystemInfo: free sram: 88039 minimal sram: 76051
I (45059221) SystemInfo: free sram: 88039 minimal sram: 76051
I (45069221) SystemInfo: free sram: 88039 minimal sram: 76051
I (45079221) SystemInfo: free sram: 88039 minimal sram: 76051
I (45089221) SystemInfo: free sram: 88039 minimal sram: 76051
I (45099221) SystemInfo: free sram: 88039 minimal sram: 76051
I (45109221) SystemInfo: free sram: 87999 minimal sram: 76051
I (45119221) SystemInfo: free sram: 88039 minimal sram: 76051
I (45129221) SystemInfo: free sram: 88039 minimal sram: 76051
I (45139221) SystemInfo: free sram: 88039 minimal sram: 76051
I (45149221) SystemInfo: free sram: 87999 minimal sram: 76051
I (45159221) SystemInfo: free sram: 88039 minimal sram: 76051
I (45169221) SystemInfo: free sram: 88039 minimal sram: 76051
I (45179221) SystemInfo: free sram: 88039 minimal sram: 76051
I (45189221) SystemInfo: free sram: 88039 minimal sram: 76051
I (45199221) SystemInfo: free sram: 88039 minimal sram: 76051
I (45209221) SystemInfo: free sram: 88039 minimal sram: 76051
I (45219221) SystemInfo: free sram: 88039 minimal sram: 76051
I (45229221) SystemInfo: free sram: 88039 minimal sram: 76051
I (45239221) SystemInfo: free sram: 88039 minimal sram: 76051
I (45249221) SystemInfo: free sram: 88039 minimal sram: 76051
I (45259221) SystemInfo: free sram: 87999 minimal sram: 76051
I (45269221) SystemInfo: free sram: 88039 minimal sram: 76051
I (45279221) SystemInfo: free sram: 88039 minimal sram: 76051
I (45289221) SystemInfo: free sram: 88039 minimal sram: 76051
I (45299221) SystemInfo: free sram: 88039 minimal sram: 76051
I (45309221) SystemInfo: free sram: 88039 minimal sram: 76051
I (45319221) SystemInfo: free sram: 88039 minimal sram: 76051
I (45329221) SystemInfo: free sram: 88039 minimal sram: 76051
I (45339221) SystemInfo: free sram: 88039 minimal sram: 76051
I (45349221) SystemInfo: free sram: 88039 minimal sram: 76051
I (45359221) SystemInfo: free sram: 88039 minimal sram: 76051
I (45369221) SystemInfo: free sram: 87999 minimal sram: 76051
I (45379221) SystemInfo: free sram: 88039 minimal sram: 76051
I (45389221) SystemInfo: free sram: 88039 minimal sram: 76051
I (45399221) SystemInfo: free sram: 88039 minimal sram: 76051
I (45409221) SystemInfo: free sram: 88039 minimal sram: 76051
I (45419221) SystemInfo: free sram: 88039 minimal sram: 76051
I (45429221) SystemInfo: free sram: 88039 minimal sram: 76051
I (45439221) SystemInfo: free sram: 88039 minimal sram: 76051
I (45449221) SystemInfo: free sram: 88039 minimal sram: 76051
I (45459221) SystemInfo: free sram: 88039 minimal sram: 76051
I (45469221) SystemInfo: free sram: 88039 minimal sram: 76051
I (45479221) SystemInfo: free sram: 87999 minimal sram: 76051
I (45489221) SystemInfo: free sram: 88039 minimal sram: 76051
I (45499221) SystemInfo: free sram: 88039 minimal sram: 76051
I (45509221) SystemInfo: free sram: 88039 minimal sram: 76051
I (45519221) SystemInfo: free sram: 88039 minimal sram: 76051
I (45529221) SystemInfo: free sram: 88039 minimal sram: 76051
I (45539221) SystemInfo: free sram: 88039 minimal sram: 76051
I (45549221) SystemInfo: free sram: 88039 minimal sram: 76051
I (45559221) SystemInfo: free sram: 88039 minimal sram: 76051
I (45569221) SystemInfo: free sram: 88039 minimal sram: 76051
I (45579221) SystemInfo: free sram: 88039 minimal sram: 76051
I (45589221) SystemInfo: free sram: 87999 minimal sram: 76051
I (45599221) SystemInfo: free sram: 88039 minimal sram: 76051
I (45609221) SystemInfo: free sram: 88039 minimal sram: 76051
I (45619221) SystemInfo: free sram: 88039 minimal sram: 76051
I (45629221) SystemInfo: free sram: 88039 minimal sram: 76051
I (45639221) SystemInfo: free sram: 88039 minimal sram: 76051
I (45649221) SystemInfo: free sram: 88039 minimal sram: 76051
I (45659221) SystemInfo: free sram: 88039 minimal sram: 76051
I (45669221) SystemInfo: free sram: 88039 minimal sram: 76051
I (45679221) SystemInfo: free sram: 88039 minimal sram: 76051
I (45689221) SystemInfo: free sram: 88039 minimal sram: 76051
I (45699221) SystemInfo: free sram: 87999 minimal sram: 76051
I (45709221) SystemInfo: free sram: 88039 minimal sram: 76051
I (45719221) SystemInfo: free sram: 88039 minimal sram: 76051
I (45729221) SystemInfo: free sram: 88039 minimal sram: 76051
I (45739221) SystemInfo: free sram: 88039 minimal sram: 76051
I (45749221) SystemInfo: free sram: 88039 minimal sram: 76051
I (45759221) SystemInfo: free sram: 88039 minimal sram: 76051
I (45769221) SystemInfo: free sram: 88039 minimal sram: 76051
I (45779221) SystemInfo: free sram: 88039 minimal sram: 76051
I (45789221) SystemInfo: free sram: 88039 minimal sram: 76051
I (45799221) SystemInfo: free sram: 88039 minimal sram: 76051
I (45809221) SystemInfo: free sram: 87999 minimal sram: 76051
I (45819221) SystemInfo: free sram: 88039 minimal sram: 76051
I (45829221) SystemInfo: free sram: 88039 minimal sram: 76051
I (45839221) SystemInfo: free sram: 88039 minimal sram: 76051
I (45849221) SystemInfo: free sram: 88039 minimal sram: 76051
I (45859221) SystemInfo: free sram: 88039 minimal sram: 76051
I (45869221) SystemInfo: free sram: 88039 minimal sram: 76051
I (45879221) SystemInfo: free sram: 88039 minimal sram: 76051
I (45889221) SystemInfo: free sram: 88039 minimal sram: 76051
I (45899221) SystemInfo: free sram: 88039 minimal sram: 76051
I (45909221) SystemInfo: free sram: 88039 minimal sram: 76051
I (45919221) SystemInfo: free sram: 87999 minimal sram: 76051
I (45929221) SystemInfo: free sram: 88039 minimal sram: 76051
I (45939221) SystemInfo: free sram: 88039 minimal sram: 76051
I (45949221) SystemInfo: free sram: 88039 minimal sram: 76051
I (45959221) SystemInfo: free sram: 88039 minimal sram: 76051
I (45969221) SystemInfo: free sram: 88039 minimal sram: 76051
I (45979221) SystemInfo: free sram: 88039 minimal sram: 76051
I (45989221) SystemInfo: free sram: 88039 minimal sram: 76051
I (45999221) SystemInfo: free sram: 88039 minimal sram: 76051
I (46009221) SystemInfo: free sram: 88039 minimal sram: 76051
I (46019221) SystemInfo: free sram: 88039 minimal sram: 76051
I (46029221) SystemInfo: free sram: 87999 minimal sram: 76051
I (46039221) SystemInfo: free sram: 88039 minimal sram: 76051
I (46049221) SystemInfo: free sram: 88039 minimal sram: 76051
I (46059221) SystemInfo: free sram: 88039 minimal sram: 76051
I (46069221) SystemInfo: free sram: 88039 minimal sram: 76051
I (46079221) SystemInfo: free sram: 88039 minimal sram: 76051
I (46089221) SystemInfo: free sram: 88039 minimal sram: 76051
I (46099221) SystemInfo: free sram: 88039 minimal sram: 76051
I (46109221) SystemInfo: free sram: 88039 minimal sram: 76051
I (46119221) SystemInfo: free sram: 88039 minimal sram: 76051
I (46129221) SystemInfo: free sram: 88039 minimal sram: 76051
I (46139221) SystemInfo: free sram: 87999 minimal sram: 76051
I (46149221) SystemInfo: free sram: 88039 minimal sram: 76051
I (46159221) SystemInfo: free sram: 88039 minimal sram: 76051
I (46169221) SystemInfo: free sram: 88039 minimal sram: 76051
I (46179221) SystemInfo: free sram: 88039 minimal sram: 76051
I (46189221) SystemInfo: free sram: 88039 minimal sram: 76051
I (46199221) SystemInfo: free sram: 88039 minimal sram: 76051
I (46209221) SystemInfo: free sram: 88039 minimal sram: 76051
I (46219221) SystemInfo: free sram: 88039 minimal sram: 76051
I (46229221) SystemInfo: free sram: 88039 minimal sram: 76051
I (46239221) SystemInfo: free sram: 88039 minimal sram: 76051
I (46249221) SystemInfo: free sram: 87999 minimal sram: 76051
I (46259221) SystemInfo: free sram: 88039 minimal sram: 76051
I (46269221) SystemInfo: free sram: 88039 minimal sram: 76051
I (46279221) SystemInfo: free sram: 88039 minimal sram: 76051
I (46289221) SystemInfo: free sram: 88039 minimal sram: 76051
I (46299221) SystemInfo: free sram: 88039 minimal sram: 76051
I (46309221) SystemInfo: free sram: 88039 minimal sram: 76051
I (46319221) SystemInfo: free sram: 88039 minimal sram: 76051
I (46329221) SystemInfo: free sram: 88039 minimal sram: 76051
I (46339221) SystemInfo: free sram: 88039 minimal sram: 76051
I (46349221) SystemInfo: free sram: 88039 minimal sram: 76051
I (46359221) SystemInfo: free sram: 87999 minimal sram: 76051
I (46369221) SystemInfo: free sram: 88039 minimal sram: 76051
I (46379221) SystemInfo: free sram: 88039 minimal sram: 76051
I (46389221) SystemInfo: free sram: 88039 minimal sram: 76051
I (46399221) SystemInfo: free sram: 88039 minimal sram: 76051
I (46409221) SystemInfo: free sram: 88039 minimal sram: 76051
I (46419221) SystemInfo: free sram: 88039 minimal sram: 76051
I (46429221) SystemInfo: free sram: 88039 minimal sram: 76051
I (46439221) SystemInfo: free sram: 88039 minimal sram: 76051
I (46449221) SystemInfo: free sram: 88039 minimal sram: 76051
I (46459221) SystemInfo: free sram: 88039 minimal sram: 76051
I (46469221) SystemInfo: free sram: 87999 minimal sram: 76051
I (46479221) SystemInfo: free sram: 88039 minimal sram: 76051
I (46489221) SystemInfo: free sram: 88039 minimal sram: 76051
I (46499221) SystemInfo: free sram: 88039 minimal sram: 76051
I (46509221) SystemInfo: free sram: 88039 minimal sram: 76051
I (46519221) SystemInfo: free sram: 88039 minimal sram: 76051
I (46529221) SystemInfo: free sram: 88039 minimal sram: 76051
I (46539221) SystemInfo: free sram: 88039 minimal sram: 76051
I (46549221) SystemInfo: free sram: 88039 minimal sram: 76051
I (46559221) SystemInfo: free sram: 88039 minimal sram: 76051
I (46569221) SystemInfo: free sram: 88039 minimal sram: 76051
I (46579221) SystemInfo: free sram: 87999 minimal sram: 76051
I (46589221) SystemInfo: free sram: 88039 minimal sram: 76051
I (46599221) SystemInfo: free sram: 88039 minimal sram: 76051
I (46609221) SystemInfo: free sram: 88039 minimal sram: 76051
I (46619221) SystemInfo: free sram: 88039 minimal sram: 76051
I (46629221) SystemInfo: free sram: 88039 minimal sram: 76051
I (46639221) SystemInfo: free sram: 88039 minimal sram: 76051
I (46649221) SystemInfo: free sram: 88039 minimal sram: 76051
I (46659221) SystemInfo: free sram: 88039 minimal sram: 76051
I (46669221) SystemInfo: free sram: 88039 minimal sram: 76051
I (46679221) SystemInfo: free sram: 88039 minimal sram: 76051
I (46689221) SystemInfo: free sram: 87999 minimal sram: 76051
I (46699221) SystemInfo: free sram: 88039 minimal sram: 76051
I (46709221) SystemInfo: free sram: 88039 minimal sram: 76051
I (46719221) SystemInfo: free sram: 88039 minimal sram: 76051
I (46729221) SystemInfo: free sram: 87999 minimal sram: 76051
I (46739221) SystemInfo: free sram: 88039 minimal sram: 76051
I (46749221) SystemInfo: free sram: 88039 minimal sram: 76051
I (46759221) SystemInfo: free sram: 88039 minimal sram: 76051
I (46769221) SystemInfo: free sram: 88039 minimal sram: 76051
I (46779221) SystemInfo: free sram: 88039 minimal sram: 76051
I (46789221) SystemInfo: free sram: 88039 minimal sram: 76051
I (46799221) SystemInfo: free sram: 87999 minimal sram: 76051
I (46809221) SystemInfo: free sram: 88039 minimal sram: 76051
I (46819221) SystemInfo: free sram: 88039 minimal sram: 76051
I (46829221) SystemInfo: free sram: 88039 minimal sram: 76051
I (46839221) SystemInfo: free sram: 88039 minimal sram: 76051
I (46849221) SystemInfo: free sram: 88039 minimal sram: 76051
I (46859221) SystemInfo: free sram: 88039 minimal sram: 76051
I (46869221) SystemInfo: free sram: 88039 minimal sram: 76051
I (46879221) SystemInfo: free sram: 88039 minimal sram: 76051
I (46889221) SystemInfo: free sram: 88039 minimal sram: 76051
I (46899221) SystemInfo: free sram: 88039 minimal sram: 76051
I (46909221) SystemInfo: free sram: 87999 minimal sram: 76051
I (46919221) SystemInfo: free sram: 88039 minimal sram: 76051
I (46929221) SystemInfo: free sram: 88039 minimal sram: 76051
I (46939221) SystemInfo: free sram: 88039 minimal sram: 76051
I (46949221) SystemInfo: free sram: 88039 minimal sram: 76051
I (46959221) SystemInfo: free sram: 88039 minimal sram: 76051
I (46969221) SystemInfo: free sram: 88039 minimal sram: 76051
I (46979221) SystemInfo: free sram: 88039 minimal sram: 76051
I (46989221) SystemInfo: free sram: 88039 minimal sram: 76051
I (46999221) SystemInfo: free sram: 88039 minimal sram: 76051
I (47009221) SystemInfo: free sram: 88039 minimal sram: 76051
I (47019221) SystemInfo: free sram: 87999 minimal sram: 76051
I (47029221) SystemInfo: free sram: 87811 minimal sram: 76051
I (47039221) SystemInfo: free sram: 88039 minimal sram: 76051
I (47049221) SystemInfo: free sram: 88039 minimal sram: 76051
I (47059221) SystemInfo: free sram: 88039 minimal sram: 76051
I (47069221) SystemInfo: free sram: 88039 minimal sram: 76051
I (47079221) SystemInfo: free sram: 88039 minimal sram: 76051
I (47089221) SystemInfo: free sram: 88039 minimal sram: 76051
I (47099221) SystemInfo: free sram: 88039 minimal sram: 76051
I (47109221) SystemInfo: free sram: 88039 minimal sram: 76051
I (47119221) SystemInfo: free sram: 88039 minimal sram: 76051
I (47129221) SystemInfo: free sram: 87999 minimal sram: 76051
I (47139221) SystemInfo: free sram: 88039 minimal sram: 76051
I (47149221) SystemInfo: free sram: 88039 minimal sram: 76051
I (47159221) SystemInfo: free sram: 88039 minimal sram: 76051
I (47169221) SystemInfo: free sram: 88039 minimal sram: 76051
I (47179221) SystemInfo: free sram: 88039 minimal sram: 76051
I (47189221) SystemInfo: free sram: 88039 minimal sram: 76051
I (47199221) SystemInfo: free sram: 88039 minimal sram: 76051
I (47209221) SystemInfo: free sram: 88039 minimal sram: 76051
I (47219221) SystemInfo: free sram: 88039 minimal sram: 76051
I (47229221) SystemInfo: free sram: 88039 minimal sram: 76051
I (47239221) SystemInfo: free sram: 87999 minimal sram: 76051
I (47249221) SystemInfo: free sram: 88039 minimal sram: 76051
I (47259221) SystemInfo: free sram: 88039 minimal sram: 76051
I (47269221) SystemInfo: free sram: 88039 minimal sram: 76051
I (47279221) SystemInfo: free sram: 88039 minimal sram: 76051
I (47289221) SystemInfo: free sram: 88039 minimal sram: 76051
I (47299221) SystemInfo: free sram: 88039 minimal sram: 76051
I (47309221) SystemInfo: free sram: 88039 minimal sram: 76051
I (47319221) SystemInfo: free sram: 88039 minimal sram: 76051
I (47329221) SystemInfo: free sram: 88039 minimal sram: 76051
I (47339221) SystemInfo: free sram: 88039 minimal sram: 76051
I (47349221) SystemInfo: free sram: 87999 minimal sram: 76051
I (47359221) SystemInfo: free sram: 88039 minimal sram: 76051
I (47369221) SystemInfo: free sram: 88039 minimal sram: 76051
I (47379221) SystemInfo: free sram: 88039 minimal sram: 76051
I (47389221) SystemInfo: free sram: 88039 minimal sram: 76051
I (47399221) SystemInfo: free sram: 88039 minimal sram: 76051
I (47409221) SystemInfo: free sram: 88039 minimal sram: 76051
I (47419221) SystemInfo: free sram: 88039 minimal sram: 76051
I (47429221) SystemInfo: free sram: 88039 minimal sram: 76051
I (47439221) SystemInfo: free sram: 88039 minimal sram: 76051
I (47449221) SystemInfo: free sram: 88039 minimal sram: 76051
I (47459221) SystemInfo: free sram: 87999 minimal sram: 76051
I (47469221) SystemInfo: free sram: 88039 minimal sram: 76051
I (47479221) SystemInfo: free sram: 88039 minimal sram: 76051
I (47489221) SystemInfo: free sram: 88039 minimal sram: 76051
I (47499221) SystemInfo: free sram: 88039 minimal sram: 76051
I (47509221) SystemInfo: free sram: 88039 minimal sram: 76051
I (47519221) SystemInfo: free sram: 88039 minimal sram: 76051
I (47529221) SystemInfo: free sram: 88039 minimal sram: 76051
I (47539221) SystemInfo: free sram: 88039 minimal sram: 76051
I (47549221) SystemInfo: free sram: 88039 minimal sram: 76051
I (47559221) SystemInfo: free sram: 88039 minimal sram: 76051
I (47569221) SystemInfo: free sram: 87999 minimal sram: 76051
I (47579221) SystemInfo: free sram: 88039 minimal sram: 76051
I (47589221) SystemInfo: free sram: 88039 minimal sram: 76051
I (47599221) SystemInfo: free sram: 88039 minimal sram: 76051
I (47609221) SystemInfo: free sram: 88039 minimal sram: 76051
I (47619221) SystemInfo: free sram: 88039 minimal sram: 76051
I (47629221) SystemInfo: free sram: 88039 minimal sram: 76051
I (47639221) SystemInfo: free sram: 88039 minimal sram: 76051
I (47649221) SystemInfo: free sram: 88039 minimal sram: 76051
I (47659221) SystemInfo: free sram: 88039 minimal sram: 76051
I (47669221) SystemInfo: free sram: 88039 minimal sram: 76051
I (47679221) SystemInfo: free sram: 87999 minimal sram: 76051
I (47689221) SystemInfo: free sram: 88039 minimal sram: 76051
I (47699221) SystemInfo: free sram: 88039 minimal sram: 76051
I (47709221) SystemInfo: free sram: 88039 minimal sram: 76051
I (47719221) SystemInfo: free sram: 88039 minimal sram: 76051
I (47729221) SystemInfo: free sram: 88039 minimal sram: 76051
I (47739221) SystemInfo: free sram: 88039 minimal sram: 76051
I (47749221) SystemInfo: free sram: 88039 minimal sram: 76051
I (47759221) SystemInfo: free sram: 88039 minimal sram: 76051
I (47769221) SystemInfo: free sram: 88039 minimal sram: 76051
I (47779221) SystemInfo: free sram: 88039 minimal sram: 76051
I (47789221) SystemInfo: free sram: 87999 minimal sram: 76051
I (47799221) SystemInfo: free sram: 88039 minimal sram: 76051
I (47809221) SystemInfo: free sram: 88039 minimal sram: 76051
I (47819221) SystemInfo: free sram: 88039 minimal sram: 76051
I (47829221) SystemInfo: free sram: 88039 minimal sram: 76051
I (47839221) SystemInfo: free sram: 88039 minimal sram: 76051
I (47849221) SystemInfo: free sram: 88039 minimal sram: 76051
I (47859221) SystemInfo: free sram: 88039 minimal sram: 76051
I (47869221) SystemInfo: free sram: 88039 minimal sram: 76051
I (47879221) SystemInfo: free sram: 88039 minimal sram: 76051
I (47889221) SystemInfo: free sram: 88039 minimal sram: 76051
I (47899221) SystemInfo: free sram: 87999 minimal sram: 76051
I (47909221) SystemInfo: free sram: 88039 minimal sram: 76051
I (47919221) SystemInfo: free sram: 88039 minimal sram: 76051
I (47929221) SystemInfo: free sram: 88039 minimal sram: 76051
I (47939221) SystemInfo: free sram: 88039 minimal sram: 76051
I (47949221) SystemInfo: free sram: 88039 minimal sram: 76051
I (47959221) SystemInfo: free sram: 88039 minimal sram: 76051
I (47969221) SystemInfo: free sram: 88039 minimal sram: 76051
I (47979221) SystemInfo: free sram: 88039 minimal sram: 76051
I (47989221) SystemInfo: free sram: 88039 minimal sram: 76051
I (47999221) SystemInfo: free sram: 88039 minimal sram: 76051
I (48009221) SystemInfo: free sram: 87999 minimal sram: 76051
I (48019221) SystemInfo: free sram: 88039 minimal sram: 76051
I (48029221) SystemInfo: free sram: 88039 minimal sram: 76051
I (48039221) SystemInfo: free sram: 88039 minimal sram: 76051
I (48049221) SystemInfo: free sram: 88039 minimal sram: 76051
I (48059221) SystemInfo: free sram: 88039 minimal sram: 76051
I (48069221) SystemInfo: free sram: 88039 minimal sram: 76051
I (48079221) SystemInfo: free sram: 88039 minimal sram: 76051
I (48089221) SystemInfo: free sram: 88039 minimal sram: 76051
I (48099221) SystemInfo: free sram: 88039 minimal sram: 76051
I (48109221) SystemInfo: free sram: 88039 minimal sram: 76051
I (48119221) SystemInfo: free sram: 87999 minimal sram: 76051
I (48129221) SystemInfo: free sram: 88039 minimal sram: 76051
I (48139221) SystemInfo: free sram: 88039 minimal sram: 76051
I (48149221) SystemInfo: free sram: 88039 minimal sram: 76051
I (48159221) SystemInfo: free sram: 88039 minimal sram: 76051
I (48169221) SystemInfo: free sram: 88039 minimal sram: 76051
I (48179221) SystemInfo: free sram: 88039 minimal sram: 76051
I (48189221) SystemInfo: free sram: 88039 minimal sram: 76051
I (48199221) SystemInfo: free sram: 88039 minimal sram: 76051
I (48209221) SystemInfo: free sram: 88039 minimal sram: 76051
I (48219221) SystemInfo: free sram: 88039 minimal sram: 76051
I (48229221) SystemInfo: free sram: 87999 minimal sram: 76051
I (48239221) SystemInfo: free sram: 88039 minimal sram: 76051
I (48249221) SystemInfo: free sram: 88039 minimal sram: 76051
I (48259221) SystemInfo: free sram: 88039 minimal sram: 76051
I (48269221) SystemInfo: free sram: 88039 minimal sram: 76051
I (48279221) SystemInfo: free sram: 88039 minimal sram: 76051
I (48289221) SystemInfo: free sram: 88039 minimal sram: 76051
I (48299221) SystemInfo: free sram: 88039 minimal sram: 76051
I (48309221) SystemInfo: free sram: 88039 minimal sram: 76051
I (48319221) SystemInfo: free sram: 88039 minimal sram: 76051
I (48329221) SystemInfo: free sram: 88039 minimal sram: 76051
I (48339221) SystemInfo: free sram: 87999 minimal sram: 76051
I (48349221) SystemInfo: free sram: 88039 minimal sram: 76051
I (48359221) SystemInfo: free sram: 88039 minimal sram: 76051
I (48369221) SystemInfo: free sram: 88039 minimal sram: 76051
I (48379221) SystemInfo: free sram: 88039 minimal sram: 76051
I (48389221) SystemInfo: free sram: 88039 minimal sram: 76051
I (48399221) SystemInfo: free sram: 88039 minimal sram: 76051
I (48409221) SystemInfo: free sram: 88039 minimal sram: 76051
I (48419221) SystemInfo: free sram: 88039 minimal sram: 76051
I (48429221) SystemInfo: free sram: 88039 minimal sram: 76051
I (48439221) SystemInfo: free sram: 88039 minimal sram: 76051
I (48449221) SystemInfo: free sram: 87999 minimal sram: 76051
I (48459221) SystemInfo: free sram: 88039 minimal sram: 76051
I (48469221) SystemInfo: free sram: 88039 minimal sram: 76051
I (48479221) SystemInfo: free sram: 88039 minimal sram: 76051
I (48489221) SystemInfo: free sram: 88039 minimal sram: 76051
I (48499221) SystemInfo: free sram: 88039 minimal sram: 76051
I (48509221) SystemInfo: free sram: 88039 minimal sram: 76051
I (48519221) SystemInfo: free sram: 88039 minimal sram: 76051
I (48529221) SystemInfo: free sram: 88039 minimal sram: 76051
I (48539221) SystemInfo: free sram: 88039 minimal sram: 76051
I (48549221) SystemInfo: free sram: 88039 minimal sram: 76051
I (48559221) SystemInfo: free sram: 87999 minimal sram: 76051
I (48569221) SystemInfo: free sram: 88039 minimal sram: 76051
I (48579221) SystemInfo: free sram: 88039 minimal sram: 76051
I (48589221) SystemInfo: free sram: 88039 minimal sram: 76051
I (48599221) SystemInfo: free sram: 88039 minimal sram: 76051
I (48609221) SystemInfo: free sram: 88039 minimal sram: 76051
I (48619221) SystemInfo: free sram: 88039 minimal sram: 76051
I (48629221) SystemInfo: free sram: 88039 minimal sram: 76051
I (48639221) SystemInfo: free sram: 88039 minimal sram: 76051
I (48649221) SystemInfo: free sram: 88039 minimal sram: 76051
I (48659221) SystemInfo: free sram: 88039 minimal sram: 76051
I (48669221) SystemInfo: free sram: 87999 minimal sram: 76051
I (48679221) SystemInfo: free sram: 88039 minimal sram: 76051
I (48689221) SystemInfo: free sram: 88039 minimal sram: 76051
I (48699221) SystemInfo: free sram: 88039 minimal sram: 76051
I (48709221) SystemInfo: free sram: 88039 minimal sram: 76051
I (48719221) SystemInfo: free sram: 88039 minimal sram: 76051
I (48729221) SystemInfo: free sram: 88039 minimal sram: 76051
I (48739221) SystemInfo: free sram: 88039 minimal sram: 76051
I (48749221) SystemInfo: free sram: 88039 minimal sram: 76051
I (48759221) SystemInfo: free sram: 88039 minimal sram: 76051
I (48769221) SystemInfo: free sram: 88039 minimal sram: 76051
I (48779221) SystemInfo: free sram: 87999 minimal sram: 76051
I (48789221) SystemInfo: free sram: 88039 minimal sram: 76051
I (48799221) SystemInfo: free sram: 88039 minimal sram: 76051
I (48809221) SystemInfo: free sram: 88039 minimal sram: 76051
I (48819221) SystemInfo: free sram: 88039 minimal sram: 76051
I (48829221) SystemInfo: free sram: 88039 minimal sram: 76051
I (48839221) SystemInfo: free sram: 88039 minimal sram: 76051
I (48849221) SystemInfo: free sram: 88039 minimal sram: 76051
I (48859221) SystemInfo: free sram: 88039 minimal sram: 76051
I (48869221) SystemInfo: free sram: 88039 minimal sram: 76051
I (48879221) SystemInfo: free sram: 88039 minimal sram: 76051
I (48889221) SystemInfo: free sram: 87999 minimal sram: 76051
I (48899221) SystemInfo: free sram: 88039 minimal sram: 76051
I (48909221) SystemInfo: free sram: 88039 minimal sram: 76051
I (48919221) SystemInfo: free sram: 88039 minimal sram: 76051
I (48929221) SystemInfo: free sram: 88039 minimal sram: 76051
I (48939221) SystemInfo: free sram: 88039 minimal sram: 76051
I (48949221) SystemInfo: free sram: 88039 minimal sram: 76051
I (48959221) SystemInfo: free sram: 88039 minimal sram: 76051
I (48969221) SystemInfo: free sram: 88039 minimal sram: 76051
I (48979221) SystemInfo: free sram: 88039 minimal sram: 76051
I (48989221) SystemInfo: free sram: 88039 minimal sram: 76051
I (48999221) SystemInfo: free sram: 87999 minimal sram: 76051
I (49009221) SystemInfo: free sram: 88039 minimal sram: 76051
I (49019221) SystemInfo: free sram: 88039 minimal sram: 76051
I (49029221) SystemInfo: free sram: 88039 minimal sram: 76051
I (49039221) SystemInfo: free sram: 88039 minimal sram: 76051
I (49049221) SystemInfo: free sram: 88039 minimal sram: 76051
I (49059221) SystemInfo: free sram: 88039 minimal sram: 76051
I (49069221) SystemInfo: free sram: 88039 minimal sram: 76051
I (49079221) SystemInfo: free sram: 88039 minimal sram: 76051
I (49089221) SystemInfo: free sram: 88039 minimal sram: 76051
I (49099221) SystemInfo: free sram: 88039 minimal sram: 76051
I (49109221) SystemInfo: free sram: 87999 minimal sram: 76051
I (49119221) SystemInfo: free sram: 88039 minimal sram: 76051
I (49129221) SystemInfo: free sram: 88039 minimal sram: 76051
I (49139221) SystemInfo: free sram: 88039 minimal sram: 76051
I (49149221) SystemInfo: free sram: 88039 minimal sram: 76051
I (49159221) SystemInfo: free sram: 88039 minimal sram: 76051
I (49169221) SystemInfo: free sram: 88039 minimal sram: 76051
I (49179221) SystemInfo: free sram: 88039 minimal sram: 76051
I (49189221) SystemInfo: free sram: 88039 minimal sram: 76051
I (49199221) SystemInfo: free sram: 88039 minimal sram: 76051
I (49209221) SystemInfo: free sram: 88039 minimal sram: 76051
I (49219221) SystemInfo: free sram: 87999 minimal sram: 76051
I (49229221) SystemInfo: free sram: 88039 minimal sram: 76051
I (49239221) SystemInfo: free sram: 88039 minimal sram: 76051
I (49249221) SystemInfo: free sram: 88039 minimal sram: 76051
I (49259221) SystemInfo: free sram: 88039 minimal sram: 76051
I (49269221) SystemInfo: free sram: 88039 minimal sram: 76051
I (49279221) SystemInfo: free sram: 88039 minimal sram: 76051
I (49289221) SystemInfo: free sram: 88039 minimal sram: 76051
I (49299221) SystemInfo: free sram: 88039 minimal sram: 76051
I (49309221) SystemInfo: free sram: 88039 minimal sram: 76051
I (49319221) SystemInfo: free sram: 88039 minimal sram: 76051
I (49329221) SystemInfo: free sram: 87999 minimal sram: 76051
I (49339221) SystemInfo: free sram: 88039 minimal sram: 76051
I (49349221) SystemInfo: free sram: 88039 minimal sram: 76051
I (49359221) SystemInfo: free sram: 88039 minimal sram: 76051
I (49369221) SystemInfo: free sram: 88039 minimal sram: 76051
I (49379221) SystemInfo: free sram: 88039 minimal sram: 76051
I (49389221) SystemInfo: free sram: 88039 minimal sram: 76051
I (49399221) SystemInfo: free sram: 88039 minimal sram: 76051
I (49409221) SystemInfo: free sram: 88039 minimal sram: 76051
I (49419221) SystemInfo: free sram: 88039 minimal sram: 76051
I (49429221) SystemInfo: free sram: 88039 minimal sram: 76051
I (49439221) SystemInfo: free sram: 87999 minimal sram: 76051
I (49449221) SystemInfo: free sram: 88039 minimal sram: 76051
I (49459221) SystemInfo: free sram: 87999 minimal sram: 76051
I (49469221) SystemInfo: free sram: 88039 minimal sram: 76051
I (49479221) SystemInfo: free sram: 88039 minimal sram: 76051
I (49489221) SystemInfo: free sram: 88039 minimal sram: 76051
I (49499221) SystemInfo: free sram: 88039 minimal sram: 76051
I (49509221) SystemInfo: free sram: 88039 minimal sram: 76051
I (49519221) SystemInfo: free sram: 88039 minimal sram: 76051
I (49529221) SystemInfo: free sram: 88039 minimal sram: 76051
I (49539221) SystemInfo: free sram: 88039 minimal sram: 76051
I (49549221) SystemInfo: free sram: 87999 minimal sram: 76051
I (49559221) SystemInfo: free sram: 88039 minimal sram: 76051
I (49569221) SystemInfo: free sram: 88039 minimal sram: 76051
I (49579221) SystemInfo: free sram: 88039 minimal sram: 76051
I (49589221) SystemInfo: free sram: 88039 minimal sram: 76051
I (49599221) SystemInfo: free sram: 88039 minimal sram: 76051
I (49609221) SystemInfo: free sram: 88039 minimal sram: 76051
I (49619221) SystemInfo: free sram: 88039 minimal sram: 76051
I (49629221) SystemInfo: free sram: 88039 minimal sram: 76051
I (49639221) SystemInfo: free sram: 88039 minimal sram: 76051
I (49649221) SystemInfo: free sram: 88039 minimal sram: 76051
I (49659221) SystemInfo: free sram: 87999 minimal sram: 76051
I (49669221) SystemInfo: free sram: 88039 minimal sram: 76051
I (49679221) SystemInfo: free sram: 88039 minimal sram: 76051
I (49689221) SystemInfo: free sram: 88039 minimal sram: 76051
I (49699221) SystemInfo: free sram: 88039 minimal sram: 76051
I (49709221) SystemInfo: free sram: 88039 minimal sram: 76051
I (49719221) SystemInfo: free sram: 88039 minimal sram: 76051
I (49729221) SystemInfo: free sram: 88039 minimal sram: 76051
I (49739221) SystemInfo: free sram: 88039 minimal sram: 76051
I (49749221) SystemInfo: free sram: 88039 minimal sram: 76051
I (49759221) SystemInfo: free sram: 88039 minimal sram: 76051
I (49769221) SystemInfo: free sram: 87999 minimal sram: 76051
I (49779221) SystemInfo: free sram: 88039 minimal sram: 76051
I (49789221) SystemInfo: free sram: 88039 minimal sram: 76051
I (49799221) SystemInfo: free sram: 88039 minimal sram: 76051
I (49809221) SystemInfo: free sram: 88039 minimal sram: 76051
I (49819221) SystemInfo: free sram: 88039 minimal sram: 76051
I (49829221) SystemInfo: free sram: 88039 minimal sram: 76051
I (49839221) SystemInfo: free sram: 88039 minimal sram: 76051
I (49849221) SystemInfo: free sram: 88039 minimal sram: 76051
I (49859221) SystemInfo: free sram: 88039 minimal sram: 76051
I (49869221) SystemInfo: free sram: 88039 minimal sram: 76051
I (49879221) SystemInfo: free sram: 87999 minimal sram: 76051
I (49889221) SystemInfo: free sram: 88039 minimal sram: 76051
I (49899221) SystemInfo: free sram: 88039 minimal sram: 76051
I (49909221) SystemInfo: free sram: 88039 minimal sram: 76051
I (49919221) SystemInfo: free sram: 88039 minimal sram: 76051
I (49929221) SystemInfo: free sram: 88039 minimal sram: 76051
I (49939221) SystemInfo: free sram: 88039 minimal sram: 76051
I (49949221) SystemInfo: free sram: 88039 minimal sram: 76051
I (49959221) SystemInfo: free sram: 88039 minimal sram: 76051
I (49969221) SystemInfo: free sram: 88039 minimal sram: 76051
I (49979221) SystemInfo: free sram: 88039 minimal sram: 76051
I (49989221) SystemInfo: free sram: 87999 minimal sram: 76051
I (49999221) SystemInfo: free sram: 88039 minimal sram: 76051
I (50009221) SystemInfo: free sram: 88039 minimal sram: 76051
I (50019221) SystemInfo: free sram: 88039 minimal sram: 76051
I (50029221) SystemInfo: free sram: 88039 minimal sram: 76051
I (50039221) SystemInfo: free sram: 88039 minimal sram: 76051
I (50049221) SystemInfo: free sram: 88039 minimal sram: 76051
I (50059221) SystemInfo: free sram: 88039 minimal sram: 76051
I (50069221) SystemInfo: free sram: 88039 minimal sram: 76051
I (50079221) SystemInfo: free sram: 88039 minimal sram: 76051
I (50089221) SystemInfo: free sram: 88039 minimal sram: 76051
I (50099221) SystemInfo: free sram: 87999 minimal sram: 76051
I (50109221) SystemInfo: free sram: 88039 minimal sram: 76051
I (50119221) SystemInfo: free sram: 88039 minimal sram: 76051
I (50129221) SystemInfo: free sram: 88039 minimal sram: 76051
I (50139221) SystemInfo: free sram: 88039 minimal sram: 76051
I (50149221) SystemInfo: free sram: 88039 minimal sram: 76051
I (50159221) SystemInfo: free sram: 88039 minimal sram: 76051
I (50169221) SystemInfo: free sram: 88039 minimal sram: 76051
I (50179221) SystemInfo: free sram: 88039 minimal sram: 76051
I (50189221) SystemInfo: free sram: 88039 minimal sram: 76051
I (50199221) SystemInfo: free sram: 88039 minimal sram: 76051
I (50209221) SystemInfo: free sram: 87999 minimal sram: 76051
I (50219221) SystemInfo: free sram: 88039 minimal sram: 76051
I (50229221) SystemInfo: free sram: 88039 minimal sram: 76051
I (50239221) SystemInfo: free sram: 88039 minimal sram: 76051
I (50249221) SystemInfo: free sram: 88039 minimal sram: 76051
I (50259221) SystemInfo: free sram: 88039 minimal sram: 76051
I (50269221) SystemInfo: free sram: 88039 minimal sram: 76051
I (50279221) SystemInfo: free sram: 88039 minimal sram: 76051
I (50289221) SystemInfo: free sram: 88039 minimal sram: 76051
I (50299221) SystemInfo: free sram: 88039 minimal sram: 76051
I (50309221) SystemInfo: free sram: 88039 minimal sram: 76051
I (50319221) SystemInfo: free sram: 87999 minimal sram: 76051
I (50329221) SystemInfo: free sram: 88039 minimal sram: 76051
I (50339221) SystemInfo: free sram: 88039 minimal sram: 76051
I (50349221) SystemInfo: free sram: 88039 minimal sram: 76051
I (50359221) SystemInfo: free sram: 88039 minimal sram: 76051
I (50369221) SystemInfo: free sram: 88039 minimal sram: 76051
I (50379221) SystemInfo: free sram: 88039 minimal sram: 76051
I (50389221) SystemInfo: free sram: 88039 minimal sram: 76051
I (50399221) SystemInfo: free sram: 87999 minimal sram: 76051
I (50409221) SystemInfo: free sram: 88039 minimal sram: 76051
I (50419221) SystemInfo: free sram: 88039 minimal sram: 76051
I (50429221) SystemInfo: free sram: 87999 minimal sram: 76051
I (50439221) SystemInfo: free sram: 88039 minimal sram: 76051
I (50449221) SystemInfo: free sram: 88039 minimal sram: 76051
I (50459221) SystemInfo: free sram: 88039 minimal sram: 76051
I (50469221) SystemInfo: free sram: 88039 minimal sram: 76051
I (50479221) SystemInfo: free sram: 88039 minimal sram: 76051
I (50489221) SystemInfo: free sram: 88039 minimal sram: 76051
I (50499221) SystemInfo: free sram: 88039 minimal sram: 76051
I (50509221) SystemInfo: free sram: 88039 minimal sram: 76051
I (50519221) SystemInfo: free sram: 88039 minimal sram: 76051
I (50529221) SystemInfo: free sram: 88039 minimal sram: 76051
I (50539221) SystemInfo: free sram: 87999 minimal sram: 76051
I (50549221) SystemInfo: free sram: 88039 minimal sram: 76051
I (50559221) SystemInfo: free sram: 88039 minimal sram: 76051
I (50569221) SystemInfo: free sram: 88039 minimal sram: 76051
I (50579221) SystemInfo: free sram: 88039 minimal sram: 76051
I (50589221) SystemInfo: free sram: 88039 minimal sram: 76051
I (50599221) SystemInfo: free sram: 88039 minimal sram: 76051
I (50609221) SystemInfo: free sram: 88039 minimal sram: 76051
I (50619221) SystemInfo: free sram: 88039 minimal sram: 76051
I (50629221) SystemInfo: free sram: 88039 minimal sram: 76051
I (50639221) SystemInfo: free sram: 88039 minimal sram: 76051
I (50649221) SystemInfo: free sram: 87999 minimal sram: 76051
I (50659221) SystemInfo: free sram: 88039 minimal sram: 76051
I (50669221) SystemInfo: free sram: 88039 minimal sram: 76051
I (50679221) SystemInfo: free sram: 88039 minimal sram: 76051
I (50689221) SystemInfo: free sram: 88039 minimal sram: 76051
I (50699221) SystemInfo: free sram: 88039 minimal sram: 76051
I (50709221) SystemInfo: free sram: 88039 minimal sram: 76051
I (50719221) SystemInfo: free sram: 88039 minimal sram: 76051
I (50729221) SystemInfo: free sram: 88039 minimal sram: 76051
I (50739221) SystemInfo: free sram: 88039 minimal sram: 76051
I (50749221) SystemInfo: free sram: 88039 minimal sram: 76051
I (50759221) SystemInfo: free sram: 87999 minimal sram: 76051
I (50769221) SystemInfo: free sram: 88039 minimal sram: 76051
I (50779221) SystemInfo: free sram: 88039 minimal sram: 76051
I (50789221) SystemInfo: free sram: 88039 minimal sram: 76051
I (50799221) SystemInfo: free sram: 88039 minimal sram: 76051
I (50809221) SystemInfo: free sram: 88039 minimal sram: 76051
I (50819221) SystemInfo: free sram: 88039 minimal sram: 76051
I (50829221) SystemInfo: free sram: 88039 minimal sram: 76051
I (50839221) SystemInfo: free sram: 88039 minimal sram: 76051
I (50849221) SystemInfo: free sram: 88039 minimal sram: 76051
I (50859221) SystemInfo: free sram: 88039 minimal sram: 76051
I (50869221) SystemInfo: free sram: 87999 minimal sram: 76051
I (50879221) SystemInfo: free sram: 88039 minimal sram: 76051
I (50889221) SystemInfo: free sram: 88039 minimal sram: 76051
I (50899221) SystemInfo: free sram: 88039 minimal sram: 76051
I (50909221) SystemInfo: free sram: 88039 minimal sram: 76051
I (50919221) SystemInfo: free sram: 88039 minimal sram: 76051
I (50929221) SystemInfo: free sram: 88039 minimal sram: 76051
I (50939221) SystemInfo: free sram: 88039 minimal sram: 76051
I (50949221) SystemInfo: free sram: 88039 minimal sram: 76051
I (50959221) SystemInfo: free sram: 88039 minimal sram: 76051
I (50969221) SystemInfo: free sram: 88039 minimal sram: 76051
I (50979221) SystemInfo: free sram: 87999 minimal sram: 76051
I (50989221) SystemInfo: free sram: 88039 minimal sram: 76051
I (50999221) SystemInfo: free sram: 88039 minimal sram: 76051
I (51009221) SystemInfo: free sram: 88039 minimal sram: 76051
I (51019221) SystemInfo: free sram: 88039 minimal sram: 76051
I (51029221) SystemInfo: free sram: 88039 minimal sram: 76051
I (51039221) SystemInfo: free sram: 88039 minimal sram: 76051
I (51049221) SystemInfo: free sram: 88039 minimal sram: 76051
I (51059221) SystemInfo: free sram: 88039 minimal sram: 76051
I (51069221) SystemInfo: free sram: 88039 minimal sram: 76051
I (51079221) SystemInfo: free sram: 88039 minimal sram: 76051
I (51089221) SystemInfo: free sram: 87999 minimal sram: 76051
I (51099221) SystemInfo: free sram: 88039 minimal sram: 76051
I (51109221) SystemInfo: free sram: 88039 minimal sram: 76051
I (51119221) SystemInfo: free sram: 88039 minimal sram: 76051
I (51129221) SystemInfo: free sram: 88039 minimal sram: 76051
I (51139221) SystemInfo: free sram: 88039 minimal sram: 76051
I (51149221) SystemInfo: free sram: 88039 minimal sram: 76051
I (51159221) SystemInfo: free sram: 88039 minimal sram: 76051
I (51169221) SystemInfo: free sram: 88039 minimal sram: 76051
I (51179221) SystemInfo: free sram: 88039 minimal sram: 76051
I (51189221) SystemInfo: free sram: 88039 minimal sram: 76051
I (51199221) SystemInfo: free sram: 87999 minimal sram: 76051
I (51209221) SystemInfo: free sram: 88039 minimal sram: 76051
I (51219221) SystemInfo: free sram: 88039 minimal sram: 76051
I (51229221) SystemInfo: free sram: 88039 minimal sram: 76051
I (51239221) SystemInfo: free sram: 88039 minimal sram: 76051
I (51249221) SystemInfo: free sram: 88039 minimal sram: 76051
I (51259221) SystemInfo: free sram: 88039 minimal sram: 76051
I (51269221) SystemInfo: free sram: 88039 minimal sram: 76051
I (51279221) SystemInfo: free sram: 88039 minimal sram: 76051
I (51289221) SystemInfo: free sram: 88039 minimal sram: 76051
I (51299221) SystemInfo: free sram: 88039 minimal sram: 76051
I (51309221) SystemInfo: free sram: 87999 minimal sram: 76051
I (51319221) SystemInfo: free sram: 88039 minimal sram: 76051
I (51329221) SystemInfo: free sram: 88039 minimal sram: 76051
I (51339221) SystemInfo: free sram: 88039 minimal sram: 76051
I (51349221) SystemInfo: free sram: 88039 minimal sram: 76051
I (51359221) SystemInfo: free sram: 88039 minimal sram: 76051
I (51369221) SystemInfo: free sram: 88039 minimal sram: 76051
I (51379221) SystemInfo: free sram: 88039 minimal sram: 76051
I (51389221) SystemInfo: free sram: 88039 minimal sram: 76051
I (51399221) SystemInfo: free sram: 88039 minimal sram: 76051
I (51409221) SystemInfo: free sram: 88039 minimal sram: 76051
I (51419221) SystemInfo: free sram: 87999 minimal sram: 76051
I (51429221) SystemInfo: free sram: 88039 minimal sram: 76051
I (51439221) SystemInfo: free sram: 88039 minimal sram: 76051
I (51449221) SystemInfo: free sram: 88039 minimal sram: 76051
I (51459221) SystemInfo: free sram: 88039 minimal sram: 76051
I (51469221) SystemInfo: free sram: 88039 minimal sram: 76051
I (51479221) SystemInfo: free sram: 88039 minimal sram: 76051
I (51489221) SystemInfo: free sram: 88039 minimal sram: 76051
I (51499221) SystemInfo: free sram: 88039 minimal sram: 76051
I (51509221) SystemInfo: free sram: 88039 minimal sram: 76051
I (51519221) SystemInfo: free sram: 88039 minimal sram: 76051
I (51529221) SystemInfo: free sram: 87999 minimal sram: 76051
I (51539221) SystemInfo: free sram: 88039 minimal sram: 76051
I (51549221) SystemInfo: free sram: 88039 minimal sram: 76051
I (51559221) SystemInfo: free sram: 88039 minimal sram: 76051
I (51569221) SystemInfo: free sram: 88039 minimal sram: 76051
I (51579221) SystemInfo: free sram: 88039 minimal sram: 76051
I (51589221) SystemInfo: free sram: 88039 minimal sram: 76051
I (51599221) SystemInfo: free sram: 88039 minimal sram: 76051
I (51609221) SystemInfo: free sram: 88039 minimal sram: 76051
I (51619221) SystemInfo: free sram: 88039 minimal sram: 76051
I (51629221) SystemInfo: free sram: 88039 minimal sram: 76051
I (51639221) SystemInfo: free sram: 87999 minimal sram: 76051
I (51649221) SystemInfo: free sram: 88039 minimal sram: 76051
I (51659221) SystemInfo: free sram: 88039 minimal sram: 76051
I (51669221) SystemInfo: free sram: 88039 minimal sram: 76051
I (51679221) SystemInfo: free sram: 88039 minimal sram: 76051
I (51689221) SystemInfo: free sram: 88039 minimal sram: 76051
I (51699221) SystemInfo: free sram: 88039 minimal sram: 76051
I (51709221) SystemInfo: free sram: 88039 minimal sram: 76051
I (51719221) SystemInfo: free sram: 88039 minimal sram: 76051
I (51729221) SystemInfo: free sram: 88039 minimal sram: 76051
I (51739221) SystemInfo: free sram: 88039 minimal sram: 76051
I (51749221) SystemInfo: free sram: 87999 minimal sram: 76051
I (51759221) SystemInfo: free sram: 88039 minimal sram: 76051
I (51769221) SystemInfo: free sram: 88039 minimal sram: 76051
I (51779221) SystemInfo: free sram: 88039 minimal sram: 76051
I (51789221) SystemInfo: free sram: 88039 minimal sram: 76051
I (51799221) SystemInfo: free sram: 88039 minimal sram: 76051
I (51809221) SystemInfo: free sram: 88039 minimal sram: 76051
I (51819221) SystemInfo: free sram: 88039 minimal sram: 76051
I (51829221) SystemInfo: free sram: 88039 minimal sram: 76051
I (51839221) SystemInfo: free sram: 88039 minimal sram: 76051
I (51849221) SystemInfo: free sram: 88039 minimal sram: 76051
I (51859221) SystemInfo: free sram: 87999 minimal sram: 76051
I (51869221) SystemInfo: free sram: 88039 minimal sram: 76051
I (51879221) SystemInfo: free sram: 88039 minimal sram: 76051
I (51889221) SystemInfo: free sram: 88039 minimal sram: 76051
I (51899221) SystemInfo: free sram: 88039 minimal sram: 76051
I (51909221) SystemInfo: free sram: 88039 minimal sram: 76051
I (51919221) SystemInfo: free sram: 88039 minimal sram: 76051
I (51929221) SystemInfo: free sram: 88039 minimal sram: 76051
I (51939221) SystemInfo: free sram: 88039 minimal sram: 76051
I (51949221) SystemInfo: free sram: 88039 minimal sram: 76051
I (51959221) SystemInfo: free sram: 88039 minimal sram: 76051
I (51969221) SystemInfo: free sram: 87999 minimal sram: 76051
I (51979221) SystemInfo: free sram: 88039 minimal sram: 76051
I (51989221) SystemInfo: free sram: 88039 minimal sram: 76051
I (51999221) SystemInfo: free sram: 88039 minimal sram: 76051
I (52009221) SystemInfo: free sram: 88039 minimal sram: 76051
I (52019221) SystemInfo: free sram: 88039 minimal sram: 76051
I (52029221) SystemInfo: free sram: 88039 minimal sram: 76051
I (52039221) SystemInfo: free sram: 88039 minimal sram: 76051
I (52049221) SystemInfo: free sram: 88039 minimal sram: 76051
I (52059221) SystemInfo: free sram: 88039 minimal sram: 76051
I (52069221) SystemInfo: free sram: 88039 minimal sram: 76051
I (52079221) SystemInfo: free sram: 87999 minimal sram: 76051
I (52089221) SystemInfo: free sram: 88039 minimal sram: 76051
I (52099221) SystemInfo: free sram: 88039 minimal sram: 76051
I (52109221) SystemInfo: free sram: 88039 minimal sram: 76051
I (52119221) SystemInfo: free sram: 88039 minimal sram: 76051
I (52129221) SystemInfo: free sram: 88039 minimal sram: 76051
I (52139221) SystemInfo: free sram: 88039 minimal sram: 76051
I (52149221) SystemInfo: free sram: 88039 minimal sram: 76051
I (52159221) SystemInfo: free sram: 88039 minimal sram: 76051
I (52169221) SystemInfo: free sram: 88039 minimal sram: 76051
I (52179221) SystemInfo: free sram: 88039 minimal sram: 76051
I (52189221) SystemInfo: free sram: 87999 minimal sram: 76051
I (52199221) SystemInfo: free sram: 88039 minimal sram: 76051
I (52209221) SystemInfo: free sram: 88039 minimal sram: 76051
I (52219221) SystemInfo: free sram: 88039 minimal sram: 76051
I (52229221) SystemInfo: free sram: 88039 minimal sram: 76051
I (52239221) SystemInfo: free sram: 88039 minimal sram: 76051
I (52249221) SystemInfo: free sram: 88039 minimal sram: 76051
I (52259221) SystemInfo: free sram: 88039 minimal sram: 76051
I (52269221) SystemInfo: free sram: 88039 minimal sram: 76051
I (52279221) SystemInfo: free sram: 88039 minimal sram: 76051
I (52289221) SystemInfo: free sram: 88039 minimal sram: 76051
I (52299221) SystemInfo: free sram: 87999 minimal sram: 76051
I (52309221) SystemInfo: free sram: 88039 minimal sram: 76051
I (52319221) SystemInfo: free sram: 88039 minimal sram: 76051
I (52329221) SystemInfo: free sram: 88039 minimal sram: 76051
I (52339221) SystemInfo: free sram: 88039 minimal sram: 76051
I (52349221) SystemInfo: free sram: 88039 minimal sram: 76051
I (52359221) SystemInfo: free sram: 88039 minimal sram: 76051
I (52369221) SystemInfo: free sram: 88039 minimal sram: 76051
I (52379221) SystemInfo: free sram: 88039 minimal sram: 76051
I (52389221) SystemInfo: free sram: 88039 minimal sram: 76051
I (52399221) SystemInfo: free sram: 88039 minimal sram: 76051
I (52409221) SystemInfo: free sram: 87999 minimal sram: 76051
I (52419221) SystemInfo: free sram: 88039 minimal sram: 76051
I (52429221) SystemInfo: free sram: 88039 minimal sram: 76051
I (52439221) SystemInfo: free sram: 88039 minimal sram: 76051
I (52449221) SystemInfo: free sram: 88039 minimal sram: 76051
I (52459221) SystemInfo: free sram: 88039 minimal sram: 76051
I (52469221) SystemInfo: free sram: 88039 minimal sram: 76051
I (52479221) SystemInfo: free sram: 88039 minimal sram: 76051
I (52489221) SystemInfo: free sram: 88039 minimal sram: 76051
I (52499221) SystemInfo: free sram: 88039 minimal sram: 76051
I (52509221) SystemInfo: free sram: 88039 minimal sram: 76051
I (52519221) SystemInfo: free sram: 87999 minimal sram: 76051
I (52529221) SystemInfo: free sram: 88039 minimal sram: 76051
I (52539221) SystemInfo: free sram: 88039 minimal sram: 76051
I (52549221) SystemInfo: free sram: 88039 minimal sram: 76051
I (52559221) SystemInfo: free sram: 88039 minimal sram: 76051
I (52569221) SystemInfo: free sram: 88039 minimal sram: 76051
I (52579221) SystemInfo: free sram: 88039 minimal sram: 76051
I (52589221) SystemInfo: free sram: 88039 minimal sram: 76051
I (52599221) SystemInfo: free sram: 88039 minimal sram: 76051
I (52609221) SystemInfo: free sram: 88039 minimal sram: 76051
I (52619221) SystemInfo: free sram: 88039 minimal sram: 76051
I (52629221) SystemInfo: free sram: 87999 minimal sram: 76051
I (52639221) SystemInfo: free sram: 88039 minimal sram: 76051
I (52649221) SystemInfo: free sram: 88039 minimal sram: 76051
I (52659221) SystemInfo: free sram: 88039 minimal sram: 76051
I (52669221) SystemInfo: free sram: 88039 minimal sram: 76051
I (52679221) SystemInfo: free sram: 88039 minimal sram: 76051
I (52689221) SystemInfo: free sram: 88039 minimal sram: 76051
I (52699221) SystemInfo: free sram: 88039 minimal sram: 76051
I (52709221) SystemInfo: free sram: 88039 minimal sram: 76051
I (52719221) SystemInfo: free sram: 88039 minimal sram: 76051
I (52729221) SystemInfo: free sram: 88039 minimal sram: 76051
I (52739221) SystemInfo: free sram: 87999 minimal sram: 76051
I (52749221) SystemInfo: free sram: 88039 minimal sram: 76051
I (52759221) SystemInfo: free sram: 88039 minimal sram: 76051
I (52769221) SystemInfo: free sram: 88039 minimal sram: 76051
I (52779221) SystemInfo: free sram: 88039 minimal sram: 76051
I (52789221) SystemInfo: free sram: 87999 minimal sram: 76051
I (52799221) SystemInfo: free sram: 88039 minimal sram: 76051
I (52809221) SystemInfo: free sram: 88039 minimal sram: 76051
I (52819221) SystemInfo: free sram: 88039 minimal sram: 76051
I (52829221) SystemInfo: free sram: 88039 minimal sram: 76051
I (52839221) SystemInfo: free sram: 88039 minimal sram: 76051
I (52849221) SystemInfo: free sram: 87999 minimal sram: 76051
I (52859221) SystemInfo: free sram: 88039 minimal sram: 76051
I (52869221) SystemInfo: free sram: 88039 minimal sram: 76051
I (52879221) SystemInfo: free sram: 88039 minimal sram: 76051
I (52889221) SystemInfo: free sram: 88039 minimal sram: 76051
I (52899221) SystemInfo: free sram: 88039 minimal sram: 76051
I (52909221) SystemInfo: free sram: 88039 minimal sram: 76051
I (52919221) SystemInfo: free sram: 88039 minimal sram: 76051
I (52929221) SystemInfo: free sram: 88039 minimal sram: 76051
I (52939221) SystemInfo: free sram: 88039 minimal sram: 76051
I (52949221) SystemInfo: free sram: 88039 minimal sram: 76051
I (52959221) SystemInfo: free sram: 87959 minimal sram: 76051
I (52969221) SystemInfo: free sram: 88039 minimal sram: 76051
I (52979221) SystemInfo: free sram: 88039 minimal sram: 76051
I (52989221) SystemInfo: free sram: 88039 minimal sram: 76051
I (52999221) SystemInfo: free sram: 88039 minimal sram: 76051
I (53009221) SystemInfo: free sram: 88039 minimal sram: 76051
I (53019221) SystemInfo: free sram: 88039 minimal sram: 76051
I (53029221) SystemInfo: free sram: 88039 minimal sram: 76051
I (53039221) SystemInfo: free sram: 88039 minimal sram: 76051
I (53049221) SystemInfo: free sram: 88039 minimal sram: 76051
I (53059221) SystemInfo: free sram: 88039 minimal sram: 76051
I (53069221) SystemInfo: free sram: 87999 minimal sram: 76051
I (53079221) SystemInfo: free sram: 88039 minimal sram: 76051
I (53089221) SystemInfo: free sram: 88039 minimal sram: 76051
I (53099221) SystemInfo: free sram: 88039 minimal sram: 76051
I (53109221) SystemInfo: free sram: 88039 minimal sram: 76051
I (53119221) SystemInfo: free sram: 88039 minimal sram: 76051
I (53129221) SystemInfo: free sram: 88039 minimal sram: 76051
I (53139221) SystemInfo: free sram: 88039 minimal sram: 76051
I (53149221) SystemInfo: free sram: 88039 minimal sram: 76051
I (53159221) SystemInfo: free sram: 88039 minimal sram: 76051
I (53169221) SystemInfo: free sram: 88039 minimal sram: 76051
I (53179221) SystemInfo: free sram: 87999 minimal sram: 76051
I (53189221) SystemInfo: free sram: 88039 minimal sram: 76051
I (53199221) SystemInfo: free sram: 88039 minimal sram: 76051
I (53209221) SystemInfo: free sram: 88039 minimal sram: 76051
I (53219221) SystemInfo: free sram: 88039 minimal sram: 76051
I (53229221) SystemInfo: free sram: 88039 minimal sram: 76051
I (53239221) SystemInfo: free sram: 88039 minimal sram: 76051
I (53249221) SystemInfo: free sram: 88039 minimal sram: 76051
I (53259221) SystemInfo: free sram: 88039 minimal sram: 76051
I (53269221) SystemInfo: free sram: 88039 minimal sram: 76051
I (53279221) SystemInfo: free sram: 88039 minimal sram: 76051
I (53289221) SystemInfo: free sram: 87999 minimal sram: 76051
I (53299221) SystemInfo: free sram: 88039 minimal sram: 76051
I (53309221) SystemInfo: free sram: 88039 minimal sram: 76051
I (53319221) SystemInfo: free sram: 88039 minimal sram: 76051
I (53329221) SystemInfo: free sram: 88039 minimal sram: 76051
I (53339221) SystemInfo: free sram: 88039 minimal sram: 76051
I (53349221) SystemInfo: free sram: 88039 minimal sram: 76051
I (53359221) SystemInfo: free sram: 88039 minimal sram: 76051
I (53369221) SystemInfo: free sram: 88039 minimal sram: 76051
I (53379221) SystemInfo: free sram: 88039 minimal sram: 76051
I (53389221) SystemInfo: free sram: 88039 minimal sram: 76051
I (53399221) SystemInfo: free sram: 87999 minimal sram: 76051
I (53409221) SystemInfo: free sram: 88039 minimal sram: 76051
I (53419221) SystemInfo: free sram: 88039 minimal sram: 76051
I (53429221) SystemInfo: free sram: 88039 minimal sram: 76051
I (53439221) SystemInfo: free sram: 88039 minimal sram: 76051
I (53449221) SystemInfo: free sram: 88039 minimal sram: 76051
I (53459221) SystemInfo: free sram: 88039 minimal sram: 76051
I (53469221) SystemInfo: free sram: 88039 minimal sram: 76051
I (53479221) SystemInfo: free sram: 88039 minimal sram: 76051
I (53489221) SystemInfo: free sram: 88039 minimal sram: 76051
I (53499221) SystemInfo: free sram: 88039 minimal sram: 76051
I (53509221) SystemInfo: free sram: 87999 minimal sram: 76051
I (53519221) SystemInfo: free sram: 88039 minimal sram: 76051
I (53529221) SystemInfo: free sram: 88039 minimal sram: 76051
I (53539221) SystemInfo: free sram: 88039 minimal sram: 76051
I (53549221) SystemInfo: free sram: 88039 minimal sram: 76051
I (53559221) SystemInfo: free sram: 88039 minimal sram: 76051
I (53569221) SystemInfo: free sram: 88039 minimal sram: 76051
I (53579221) SystemInfo: free sram: 88039 minimal sram: 76051
I (53589221) SystemInfo: free sram: 88039 minimal sram: 76051
I (53599221) SystemInfo: free sram: 88039 minimal sram: 76051
I (53609221) SystemInfo: free sram: 88039 minimal sram: 76051
I (53619221) SystemInfo: free sram: 87999 minimal sram: 76051
I (53629221) SystemInfo: free sram: 88039 minimal sram: 76051
I (53639221) SystemInfo: free sram: 88039 minimal sram: 76051
I (53649221) SystemInfo: free sram: 88039 minimal sram: 76051
I (53659221) SystemInfo: free sram: 88039 minimal sram: 76051
I (53669221) SystemInfo: free sram: 88039 minimal sram: 76051
I (53679221) SystemInfo: free sram: 88039 minimal sram: 76051
I (53689221) SystemInfo: free sram: 88039 minimal sram: 76051
I (53699221) SystemInfo: free sram: 88039 minimal sram: 76051
I (53709221) SystemInfo: free sram: 88039 minimal sram: 76051
I (53719221) SystemInfo: free sram: 88039 minimal sram: 76051
I (53729221) SystemInfo: free sram: 87999 minimal sram: 76051
I (53739221) SystemInfo: free sram: 88039 minimal sram: 76051
I (53749221) SystemInfo: free sram: 88039 minimal sram: 76051
I (53759221) SystemInfo: free sram: 88039 minimal sram: 76051
I (53769221) SystemInfo: free sram: 88039 minimal sram: 76051
I (53779221) SystemInfo: free sram: 88039 minimal sram: 76051
I (53789221) SystemInfo: free sram: 88039 minimal sram: 76051
I (53799221) SystemInfo: free sram: 88039 minimal sram: 76051
I (53809221) SystemInfo: free sram: 88039 minimal sram: 76051
I (53819221) SystemInfo: free sram: 88039 minimal sram: 76051
I (53829221) SystemInfo: free sram: 88039 minimal sram: 76051
I (53839221) SystemInfo: free sram: 87999 minimal sram: 76051
I (53849221) SystemInfo: free sram: 88039 minimal sram: 76051
I (53859221) SystemInfo: free sram: 88039 minimal sram: 76051
I (53869221) SystemInfo: free sram: 88039 minimal sram: 76051
I (53879221) SystemInfo: free sram: 88039 minimal sram: 76051
I (53889221) SystemInfo: free sram: 88039 minimal sram: 76051
I (53899221) SystemInfo: free sram: 88039 minimal sram: 76051
I (53909221) SystemInfo: free sram: 88039 minimal sram: 76051
I (53919221) SystemInfo: free sram: 88039 minimal sram: 76051
I (53929221) SystemInfo: free sram: 88039 minimal sram: 76051
I (53939221) SystemInfo: free sram: 88039 minimal sram: 76051
I (53949221) SystemInfo: free sram: 87999 minimal sram: 76051
I (53959221) SystemInfo: free sram: 88039 minimal sram: 76051
I (53969221) SystemInfo: free sram: 88039 minimal sram: 76051
I (53979221) SystemInfo: free sram: 88039 minimal sram: 76051
I (53989221) SystemInfo: free sram: 88039 minimal sram: 76051
I (53999221) SystemInfo: free sram: 88039 minimal sram: 76051
I (54009221) SystemInfo: free sram: 88039 minimal sram: 76051
I (54019221) SystemInfo: free sram: 88039 minimal sram: 76051
I (54029221) SystemInfo: free sram: 88039 minimal sram: 76051
I (54039221) SystemInfo: free sram: 88039 minimal sram: 76051
I (54049221) SystemInfo: free sram: 88039 minimal sram: 76051
I (54059221) SystemInfo: free sram: 87999 minimal sram: 76051
I (54069221) SystemInfo: free sram: 88039 minimal sram: 76051
I (54079221) SystemInfo: free sram: 88039 minimal sram: 76051
I (54089221) SystemInfo: free sram: 88039 minimal sram: 76051
I (54099221) SystemInfo: free sram: 88039 minimal sram: 76051
I (54109221) SystemInfo: free sram: 88039 minimal sram: 76051
I (54119221) SystemInfo: free sram: 88039 minimal sram: 76051
I (54129221) SystemInfo: free sram: 88039 minimal sram: 76051
I (54139221) SystemInfo: free sram: 88039 minimal sram: 76051
I (54149221) SystemInfo: free sram: 88039 minimal sram: 76051
I (54159221) SystemInfo: free sram: 88039 minimal sram: 76051
I (54169221) SystemInfo: free sram: 87999 minimal sram: 76051
I (54179221) SystemInfo: free sram: 88039 minimal sram: 76051
I (54189221) SystemInfo: free sram: 88039 minimal sram: 76051
I (54199221) SystemInfo: free sram: 88039 minimal sram: 76051
I (54209221) SystemInfo: free sram: 88039 minimal sram: 76051
I (54219221) SystemInfo: free sram: 88039 minimal sram: 76051
I (54229221) SystemInfo: free sram: 88039 minimal sram: 76051
I (54239221) SystemInfo: free sram: 88039 minimal sram: 76051
I (54249221) SystemInfo: free sram: 88039 minimal sram: 76051
I (54259221) SystemInfo: free sram: 88039 minimal sram: 76051
I (54269221) SystemInfo: free sram: 88039 minimal sram: 76051
I (54279221) SystemInfo: free sram: 87999 minimal sram: 76051
I (54289221) SystemInfo: free sram: 88039 minimal sram: 76051
I (54299221) SystemInfo: free sram: 88039 minimal sram: 76051
I (54309221) SystemInfo: free sram: 88039 minimal sram: 76051
I (54319221) SystemInfo: free sram: 88039 minimal sram: 76051
I (54329221) SystemInfo: free sram: 88039 minimal sram: 76051
I (54339221) SystemInfo: free sram: 88039 minimal sram: 76051
I (54349221) SystemInfo: free sram: 88039 minimal sram: 76051
I (54359221) SystemInfo: free sram: 88039 minimal sram: 76051
I (54369221) SystemInfo: free sram: 88039 minimal sram: 76051
I (54379221) SystemInfo: free sram: 88039 minimal sram: 76051
I (54389221) SystemInfo: free sram: 87999 minimal sram: 76051
I (54399221) SystemInfo: free sram: 88039 minimal sram: 76051
I (54409221) SystemInfo: free sram: 88039 minimal sram: 76051
I (54419221) SystemInfo: free sram: 88039 minimal sram: 76051
I (54429221) SystemInfo: free sram: 88039 minimal sram: 76051
I (54439221) SystemInfo: free sram: 88039 minimal sram: 76051
I (54449221) SystemInfo: free sram: 88039 minimal sram: 76051
I (54459221) SystemInfo: free sram: 88039 minimal sram: 76051
I (54469221) SystemInfo: free sram: 88039 minimal sram: 76051
I (54479221) SystemInfo: free sram: 88039 minimal sram: 76051
I (54489221) SystemInfo: free sram: 88039 minimal sram: 76051
I (54499221) SystemInfo: free sram: 87999 minimal sram: 76051
I (54509221) SystemInfo: free sram: 88039 minimal sram: 76051
I (54519221) SystemInfo: free sram: 88039 minimal sram: 76051
I (54529221) SystemInfo: free sram: 88039 minimal sram: 76051
I (54539221) SystemInfo: free sram: 88039 minimal sram: 76051
I (54549221) SystemInfo: free sram: 88039 minimal sram: 76051
I (54559221) SystemInfo: free sram: 88039 minimal sram: 76051
I (54569221) SystemInfo: free sram: 88039 minimal sram: 76051
I (54579221) SystemInfo: free sram: 88039 minimal sram: 76051
I (54589221) SystemInfo: free sram: 88039 minimal sram: 76051
I (54599221) SystemInfo: free sram: 88039 minimal sram: 76051
I (54609221) SystemInfo: free sram: 87999 minimal sram: 76051
I (54619221) SystemInfo: free sram: 88039 minimal sram: 76051
I (54629221) SystemInfo: free sram: 88039 minimal sram: 76051
I (54639221) SystemInfo: free sram: 88039 minimal sram: 76051
I (54649221) SystemInfo: free sram: 88039 minimal sram: 76051
I (54659221) SystemInfo: free sram: 88039 minimal sram: 76051
I (54669221) SystemInfo: free sram: 88039 minimal sram: 76051
I (54679221) SystemInfo: free sram: 88039 minimal sram: 76051
I (54689221) SystemInfo: free sram: 88039 minimal sram: 76051
I (54699221) SystemInfo: free sram: 88039 minimal sram: 76051
I (54709221) SystemInfo: free sram: 88039 minimal sram: 76051
I (54719221) SystemInfo: free sram: 87999 minimal sram: 76051
I (54729221) SystemInfo: free sram: 88039 minimal sram: 76051
I (54739221) SystemInfo: free sram: 88039 minimal sram: 76051
I (54749221) SystemInfo: free sram: 88039 minimal sram: 76051
I (54759221) SystemInfo: free sram: 88039 minimal sram: 76051
I (54769221) SystemInfo: free sram: 88039 minimal sram: 76051
I (54779221) SystemInfo: free sram: 88039 minimal sram: 76051
I (54789221) SystemInfo: free sram: 88039 minimal sram: 76051
I (54799221) SystemInfo: free sram: 88039 minimal sram: 76051
I (54809221) SystemInfo: free sram: 88039 minimal sram: 76051
I (54819221) SystemInfo: free sram: 88039 minimal sram: 76051
I (54829221) SystemInfo: free sram: 87999 minimal sram: 76051
I (54839221) SystemInfo: free sram: 88039 minimal sram: 76051
I (54849221) SystemInfo: free sram: 88039 minimal sram: 76051
I (54859221) SystemInfo: free sram: 88039 minimal sram: 76051
I (54869221) SystemInfo: free sram: 88039 minimal sram: 76051
I (54879221) SystemInfo: free sram: 88039 minimal sram: 76051
I (54889221) SystemInfo: free sram: 88039 minimal sram: 76051
I (54899221) SystemInfo: free sram: 88039 minimal sram: 76051
I (54909221) SystemInfo: free sram: 88039 minimal sram: 76051
I (54919221) SystemInfo: free sram: 88039 minimal sram: 76051
I (54929221) SystemInfo: free sram: 88039 minimal sram: 76051
I (54939221) SystemInfo: free sram: 87999 minimal sram: 76051
I (54949221) SystemInfo: free sram: 88039 minimal sram: 76051
I (54959221) SystemInfo: free sram: 88039 minimal sram: 76051
I (54969221) SystemInfo: free sram: 88039 minimal sram: 76051
I (54979221) SystemInfo: free sram: 88039 minimal sram: 76051
I (54989221) SystemInfo: free sram: 88039 minimal sram: 76051
I (54999221) SystemInfo: free sram: 88039 minimal sram: 76051
I (55009221) SystemInfo: free sram: 88039 minimal sram: 76051
I (55019221) SystemInfo: free sram: 88039 minimal sram: 76051
I (55029221) SystemInfo: free sram: 88039 minimal sram: 76051
I (55039221) SystemInfo: free sram: 88039 minimal sram: 76051
I (55049221) SystemInfo: free sram: 87999 minimal sram: 76051
I (55059221) SystemInfo: free sram: 88039 minimal sram: 76051
I (55069221) SystemInfo: free sram: 88039 minimal sram: 76051
I (55079221) SystemInfo: free sram: 88039 minimal sram: 76051
I (55089221) SystemInfo: free sram: 88039 minimal sram: 76051
I (55099221) SystemInfo: free sram: 88039 minimal sram: 76051
I (55109221) SystemInfo: free sram: 88039 minimal sram: 76051
I (55119221) SystemInfo: free sram: 88039 minimal sram: 76051
I (55129221) SystemInfo: free sram: 88039 minimal sram: 76051
I (55139221) SystemInfo: free sram: 88039 minimal sram: 76051
I (55149221) SystemInfo: free sram: 88039 minimal sram: 76051
I (55159221) SystemInfo: free sram: 87999 minimal sram: 76051
I (55169221) SystemInfo: free sram: 88039 minimal sram: 76051
I (55179221) SystemInfo: free sram: 88039 minimal sram: 76051
I (55189221) SystemInfo: free sram: 88039 minimal sram: 76051
I (55199221) SystemInfo: free sram: 88039 minimal sram: 76051
I (55209221) SystemInfo: free sram: 88039 minimal sram: 76051
I (55219221) SystemInfo: free sram: 87999 minimal sram: 76051
I (55229221) SystemInfo: free sram: 88039 minimal sram: 76051
I (55239221) SystemInfo: free sram: 88039 minimal sram: 76051
I (55249221) SystemInfo: free sram: 88039 minimal sram: 76051
I (55259221) SystemInfo: free sram: 88039 minimal sram: 76051
I (55269221) SystemInfo: free sram: 87999 minimal sram: 76051
I (55279221) SystemInfo: free sram: 88039 minimal sram: 76051
I (55289221) SystemInfo: free sram: 88039 minimal sram: 76051
I (55299221) SystemInfo: free sram: 88039 minimal sram: 76051
I (55309221) SystemInfo: free sram: 88039 minimal sram: 76051
I (55319221) SystemInfo: free sram: 88039 minimal sram: 76051
I (55329221) SystemInfo: free sram: 88039 minimal sram: 76051
I (55339221) SystemInfo: free sram: 88039 minimal sram: 76051
I (55349221) SystemInfo: free sram: 88039 minimal sram: 76051
I (55359221) SystemInfo: free sram: 88039 minimal sram: 76051
I (55369221) SystemInfo: free sram: 88039 minimal sram: 76051
I (55379221) SystemInfo: free sram: 87999 minimal sram: 76051
I (55389221) SystemInfo: free sram: 88039 minimal sram: 76051
I (55399221) SystemInfo: free sram: 88039 minimal sram: 76051
I (55409221) SystemInfo: free sram: 88039 minimal sram: 76051
I (55419221) SystemInfo: free sram: 88039 minimal sram: 76051
I (55429221) SystemInfo: free sram: 88039 minimal sram: 76051
I (55439221) SystemInfo: free sram: 88039 minimal sram: 76051
I (55449221) SystemInfo: free sram: 88039 minimal sram: 76051
I (55459221) SystemInfo: free sram: 88039 minimal sram: 76051
I (55469221) SystemInfo: free sram: 88039 minimal sram: 76051
I (55479221) SystemInfo: free sram: 88039 minimal sram: 76051
I (55489221) SystemInfo: free sram: 87999 minimal sram: 76051
I (55499221) SystemInfo: free sram: 88039 minimal sram: 76051
I (55509221) SystemInfo: free sram: 88039 minimal sram: 76051
I (55519221) SystemInfo: free sram: 88039 minimal sram: 76051
I (55529221) SystemInfo: free sram: 88039 minimal sram: 76051
I (55539221) SystemInfo: free sram: 88039 minimal sram: 76051
I (55549221) SystemInfo: free sram: 88039 minimal sram: 76051
I (55559221) SystemInfo: free sram: 88039 minimal sram: 76051
I (55569221) SystemInfo: free sram: 88039 minimal sram: 76051
I (55579221) SystemInfo: free sram: 88039 minimal sram: 76051
I (55589221) SystemInfo: free sram: 88039 minimal sram: 76051
I (55599221) SystemInfo: free sram: 87999 minimal sram: 76051
I (55609221) SystemInfo: free sram: 88039 minimal sram: 76051
I (55619221) SystemInfo: free sram: 88039 minimal sram: 76051
I (55629221) SystemInfo: free sram: 88039 minimal sram: 76051
I (55639221) SystemInfo: free sram: 88039 minimal sram: 76051
I (55649221) SystemInfo: free sram: 88039 minimal sram: 76051
I (55659221) SystemInfo: free sram: 88039 minimal sram: 76051
I (55669221) SystemInfo: free sram: 88039 minimal sram: 76051
I (55679221) SystemInfo: free sram: 88039 minimal sram: 76051
I (55689221) SystemInfo: free sram: 88039 minimal sram: 76051
I (55699221) SystemInfo: free sram: 88039 minimal sram: 76051
I (55709221) SystemInfo: free sram: 87999 minimal sram: 76051
I (55719221) SystemInfo: free sram: 88039 minimal sram: 76051
I (55729221) SystemInfo: free sram: 88039 minimal sram: 76051
I (55739221) SystemInfo: free sram: 88039 minimal sram: 76051
I (55749221) SystemInfo: free sram: 88039 minimal sram: 76051
I (55759221) SystemInfo: free sram: 88039 minimal sram: 76051
I (55769221) SystemInfo: free sram: 88039 minimal sram: 76051
I (55779221) SystemInfo: free sram: 88039 minimal sram: 76051
I (55789221) SystemInfo: free sram: 88039 minimal sram: 76051
I (55799221) SystemInfo: free sram: 88039 minimal sram: 76051
I (55809221) SystemInfo: free sram: 88039 minimal sram: 76051
I (55819221) SystemInfo: free sram: 87999 minimal sram: 76051
I (55829221) SystemInfo: free sram: 88039 minimal sram: 76051
I (55839221) SystemInfo: free sram: 88039 minimal sram: 76051
I (55849221) SystemInfo: free sram: 88039 minimal sram: 76051
I (55859221) SystemInfo: free sram: 88039 minimal sram: 76051
I (55869221) SystemInfo: free sram: 88039 minimal sram: 76051
I (55879221) SystemInfo: free sram: 88039 minimal sram: 76051
I (55889221) SystemInfo: free sram: 88039 minimal sram: 76051
I (55899221) SystemInfo: free sram: 88039 minimal sram: 76051
I (55909221) SystemInfo: free sram: 88039 minimal sram: 76051
I (55919221) SystemInfo: free sram: 88039 minimal sram: 76051
I (55929221) SystemInfo: free sram: 87999 minimal sram: 76051
I (55939221) SystemInfo: free sram: 88039 minimal sram: 76051
I (55949221) SystemInfo: free sram: 88039 minimal sram: 76051
I (55959221) SystemInfo: free sram: 88039 minimal sram: 76051
I (55969221) SystemInfo: free sram: 88039 minimal sram: 76051
I (55979221) SystemInfo: free sram: 88039 minimal sram: 76051
I (55989221) SystemInfo: free sram: 88039 minimal sram: 76051
I (55999221) SystemInfo: free sram: 88039 minimal sram: 76051
I (56009221) SystemInfo: free sram: 88039 minimal sram: 76051
I (56019221) SystemInfo: free sram: 88039 minimal sram: 76051
I (56029221) SystemInfo: free sram: 88039 minimal sram: 76051
I (56039221) SystemInfo: free sram: 87999 minimal sram: 76051
I (56049221) SystemInfo: free sram: 88039 minimal sram: 76051
I (56059221) SystemInfo: free sram: 88039 minimal sram: 76051
I (56069221) SystemInfo: free sram: 88039 minimal sram: 76051
I (56079221) SystemInfo: free sram: 88039 minimal sram: 76051
I (56089221) SystemInfo: free sram: 88039 minimal sram: 76051
I (56099221) SystemInfo: free sram: 88039 minimal sram: 76051
I (56109221) SystemInfo: free sram: 88039 minimal sram: 76051
I (56119221) SystemInfo: free sram: 88039 minimal sram: 76051
I (56129221) SystemInfo: free sram: 88039 minimal sram: 76051
I (56139221) SystemInfo: free sram: 88039 minimal sram: 76051
I (56149221) SystemInfo: free sram: 87999 minimal sram: 76051
I (56159221) SystemInfo: free sram: 88039 minimal sram: 76051
I (56169221) SystemInfo: free sram: 88039 minimal sram: 76051
I (56179221) SystemInfo: free sram: 88039 minimal sram: 76051
I (56189221) SystemInfo: free sram: 88039 minimal sram: 76051
I (56199221) SystemInfo: free sram: 88039 minimal sram: 76051
I (56209221) SystemInfo: free sram: 88039 minimal sram: 76051
I (56219221) SystemInfo: free sram: 88039 minimal sram: 76051
I (56229221) SystemInfo: free sram: 88039 minimal sram: 76051
I (56239221) SystemInfo: free sram: 88039 minimal sram: 76051
I (56249221) SystemInfo: free sram: 88039 minimal sram: 76051
I (56259221) SystemInfo: free sram: 87999 minimal sram: 76051
I (56269221) SystemInfo: free sram: 88039 minimal sram: 76051
I (56279221) SystemInfo: free sram: 88039 minimal sram: 76051
I (56289221) SystemInfo: free sram: 88039 minimal sram: 76051
I (56299221) SystemInfo: free sram: 88039 minimal sram: 76051
I (56309221) SystemInfo: free sram: 88039 minimal sram: 76051
I (56319221) SystemInfo: free sram: 88039 minimal sram: 76051
I (56329221) SystemInfo: free sram: 87999 minimal sram: 76051
I (56339221) SystemInfo: free sram: 88039 minimal sram: 76051
I (56349221) SystemInfo: free sram: 88039 minimal sram: 76051
I (56359221) SystemInfo: free sram: 88039 minimal sram: 76051
I (56369221) SystemInfo: free sram: 87999 minimal sram: 76051
I (56379221) SystemInfo: free sram: 88039 minimal sram: 76051
I (56389221) SystemInfo: free sram: 88039 minimal sram: 76051
I (56399221) SystemInfo: free sram: 88039 minimal sram: 76051
I (56409221) SystemInfo: free sram: 88039 minimal sram: 76051
I (56419221) SystemInfo: free sram: 88039 minimal sram: 76051
I (56429221) SystemInfo: free sram: 88039 minimal sram: 76051
I (56439221) SystemInfo: free sram: 88039 minimal sram: 76051
I (56449221) SystemInfo: free sram: 88039 minimal sram: 76051
I (56459221) SystemInfo: free sram: 88039 minimal sram: 76051
I (56469221) SystemInfo: free sram: 88039 minimal sram: 76051
I (56479221) SystemInfo: free sram: 87999 minimal sram: 76051
I (56489221) SystemInfo: free sram: 88039 minimal sram: 76051
I (56499221) SystemInfo: free sram: 88039 minimal sram: 76051
I (56509221) SystemInfo: free sram: 88039 minimal sram: 76051
I (56519221) SystemInfo: free sram: 88039 minimal sram: 76051
I (56529221) SystemInfo: free sram: 88039 minimal sram: 76051
I (56539221) SystemInfo: free sram: 88039 minimal sram: 76051
I (56549221) SystemInfo: free sram: 88039 minimal sram: 76051
I (56559221) SystemInfo: free sram: 88039 minimal sram: 76051
I (56569221) SystemInfo: free sram: 88039 minimal sram: 76051
I (56579221) SystemInfo: free sram: 88039 minimal sram: 76051
I (56589221) SystemInfo: free sram: 87999 minimal sram: 76051
I (56599221) SystemInfo: free sram: 88039 minimal sram: 76051
I (56609221) SystemInfo: free sram: 88039 minimal sram: 76051
I (56619221) SystemInfo: free sram: 88039 minimal sram: 76051
I (56629221) SystemInfo: free sram: 88039 minimal sram: 76051
I (56639221) SystemInfo: free sram: 88039 minimal sram: 76051
I (56649221) SystemInfo: free sram: 88039 minimal sram: 76051
I (56659221) SystemInfo: free sram: 88039 minimal sram: 76051
I (56669221) SystemInfo: free sram: 88039 minimal sram: 76051
I (56679221) SystemInfo: free sram: 88039 minimal sram: 76051
I (56689221) SystemInfo: free sram: 88039 minimal sram: 76051
I (56699221) SystemInfo: free sram: 87999 minimal sram: 76051
I (56709221) SystemInfo: free sram: 88039 minimal sram: 76051
I (56719221) SystemInfo: free sram: 88039 minimal sram: 76051
I (56729221) SystemInfo: free sram: 88039 minimal sram: 76051
I (56739221) SystemInfo: free sram: 88039 minimal sram: 76051
I (56749221) SystemInfo: free sram: 88039 minimal sram: 76051
I (56759221) SystemInfo: free sram: 88039 minimal sram: 76051
I (56769221) SystemInfo: free sram: 88039 minimal sram: 76051
I (56779221) SystemInfo: free sram: 88039 minimal sram: 76051
I (56789221) SystemInfo: free sram: 88039 minimal sram: 76051
I (56799221) SystemInfo: free sram: 88039 minimal sram: 76051
I (56809221) SystemInfo: free sram: 87999 minimal sram: 76051
I (56819221) SystemInfo: free sram: 88039 minimal sram: 76051
I (56829221) SystemInfo: free sram: 88039 minimal sram: 76051
I (56839221) SystemInfo: free sram: 88039 minimal sram: 76051
I (56849221) SystemInfo: free sram: 88039 minimal sram: 76051
I (56859221) SystemInfo: free sram: 88039 minimal sram: 76051
I (56869221) SystemInfo: free sram: 88039 minimal sram: 76051
I (56879221) SystemInfo: free sram: 88039 minimal sram: 76051
I (56889221) SystemInfo: free sram: 88039 minimal sram: 76051
I (56899221) SystemInfo: free sram: 88039 minimal sram: 76051
I (56909221) SystemInfo: free sram: 88039 minimal sram: 76051
I (56919221) SystemInfo: free sram: 87999 minimal sram: 76051
I (56929221) SystemInfo: free sram: 88039 minimal sram: 76051
I (56939221) SystemInfo: free sram: 88039 minimal sram: 76051
I (56949221) SystemInfo: free sram: 88039 minimal sram: 76051
I (56959221) SystemInfo: free sram: 88039 minimal sram: 76051
I (56969221) SystemInfo: free sram: 88039 minimal sram: 76051
I (56979221) SystemInfo: free sram: 88039 minimal sram: 76051
I (56989221) SystemInfo: free sram: 88039 minimal sram: 76051
I (56999221) SystemInfo: free sram: 88039 minimal sram: 76051
I (57009221) SystemInfo: free sram: 88039 minimal sram: 76051
I (57019221) SystemInfo: free sram: 88039 minimal sram: 76051
I (57029221) SystemInfo: free sram: 87999 minimal sram: 76051
I (57039221) SystemInfo: free sram: 88039 minimal sram: 76051
I (57049221) SystemInfo: free sram: 88039 minimal sram: 76051
I (57059221) SystemInfo: free sram: 88039 minimal sram: 76051
I (57069221) SystemInfo: free sram: 88039 minimal sram: 76051
I (57079221) SystemInfo: free sram: 88039 minimal sram: 76051
I (57089221) SystemInfo: free sram: 88039 minimal sram: 76051
I (57099221) SystemInfo: free sram: 88039 minimal sram: 76051
I (57109221) SystemInfo: free sram: 88039 minimal sram: 76051
I (57119221) SystemInfo: free sram: 88039 minimal sram: 76051
I (57129221) SystemInfo: free sram: 88039 minimal sram: 76051
I (57139221) SystemInfo: free sram: 87999 minimal sram: 76051
I (57149221) SystemInfo: free sram: 88039 minimal sram: 76051
I (57159221) SystemInfo: free sram: 88039 minimal sram: 76051
I (57169221) SystemInfo: free sram: 88039 minimal sram: 76051
I (57179221) SystemInfo: free sram: 88039 minimal sram: 76051
I (57189221) SystemInfo: free sram: 88039 minimal sram: 76051
I (57199221) SystemInfo: free sram: 88039 minimal sram: 76051
I (57209221) SystemInfo: free sram: 88039 minimal sram: 76051
I (57219221) SystemInfo: free sram: 88039 minimal sram: 76051
I (57229221) SystemInfo: free sram: 88039 minimal sram: 76051
I (57239221) SystemInfo: free sram: 88039 minimal sram: 76051
I (57249221) SystemInfo: free sram: 87999 minimal sram: 76051
I (57259221) SystemInfo: free sram: 88039 minimal sram: 76051
I (57269221) SystemInfo: free sram: 88039 minimal sram: 76051
I (57279221) SystemInfo: free sram: 88039 minimal sram: 76051
I (57289221) SystemInfo: free sram: 88039 minimal sram: 76051
I (57299221) SystemInfo: free sram: 88039 minimal sram: 76051
I (57309221) SystemInfo: free sram: 88039 minimal sram: 76051
I (57319221) SystemInfo: free sram: 88039 minimal sram: 76051
I (57329221) SystemInfo: free sram: 88039 minimal sram: 76051
I (57339221) SystemInfo: free sram: 88039 minimal sram: 76051
I (57349221) SystemInfo: free sram: 88039 minimal sram: 76051
I (57359221) SystemInfo: free sram: 87999 minimal sram: 76051
I (57369221) SystemInfo: free sram: 88039 minimal sram: 76051
I (57379221) SystemInfo: free sram: 88039 minimal sram: 76051
I (57389221) SystemInfo: free sram: 88039 minimal sram: 76051
I (57399221) SystemInfo: free sram: 88039 minimal sram: 76051
I (57409221) SystemInfo: free sram: 88039 minimal sram: 76051
I (57419221) SystemInfo: free sram: 88039 minimal sram: 76051
I (57429221) SystemInfo: free sram: 88039 minimal sram: 76051
I (57439221) SystemInfo: free sram: 87999 minimal sram: 76051
I (57449221) SystemInfo: free sram: 88039 minimal sram: 76051
I (57459221) SystemInfo: free sram: 88039 minimal sram: 76051
I (57469221) SystemInfo: free sram: 87999 minimal sram: 76051
I (57479221) SystemInfo: free sram: 88039 minimal sram: 76051
I (57489221) SystemInfo: free sram: 88039 minimal sram: 76051
I (57499221) SystemInfo: free sram: 88039 minimal sram: 76051
I (57509221) SystemInfo: free sram: 88039 minimal sram: 76051
I (57519221) SystemInfo: free sram: 88039 minimal sram: 76051
I (57529221) SystemInfo: free sram: 88039 minimal sram: 76051
I (57539221) SystemInfo: free sram: 88039 minimal sram: 76051
I (57549221) SystemInfo: free sram: 88039 minimal sram: 76051
I (57559221) SystemInfo: free sram: 88039 minimal sram: 76051
I (57569221) SystemInfo: free sram: 88039 minimal sram: 76051
I (57579221) SystemInfo: free sram: 87999 minimal sram: 76051
I (57589221) SystemInfo: free sram: 88039 minimal sram: 76051
I (57599221) SystemInfo: free sram: 88039 minimal sram: 76051
I (57609221) SystemInfo: free sram: 88039 minimal sram: 76051
I (57619221) SystemInfo: free sram: 88039 minimal sram: 76051
I (57629221) SystemInfo: free sram: 88039 minimal sram: 76051
I (57639221) SystemInfo: free sram: 88039 minimal sram: 76051
I (57649221) SystemInfo: free sram: 88039 minimal sram: 76051
I (57659221) SystemInfo: free sram: 88039 minimal sram: 76051
I (57669221) SystemInfo: free sram: 88039 minimal sram: 76051
I (57679221) SystemInfo: free sram: 88039 minimal sram: 76051
I (57689221) SystemInfo: free sram: 87999 minimal sram: 76051
I (57699221) SystemInfo: free sram: 88039 minimal sram: 76051
I (57709221) SystemInfo: free sram: 88039 minimal sram: 76051
I (57719221) SystemInfo: free sram: 88039 minimal sram: 76051
I (57729221) SystemInfo: free sram: 88039 minimal sram: 76051
I (57739221) SystemInfo: free sram: 88039 minimal sram: 76051
I (57749221) SystemInfo: free sram: 88039 minimal sram: 76051
I (57759221) SystemInfo: free sram: 88039 minimal sram: 76051
I (57769221) SystemInfo: free sram: 88039 minimal sram: 76051
I (57779221) SystemInfo: free sram: 88039 minimal sram: 76051
I (57789221) SystemInfo: free sram: 88039 minimal sram: 76051
I (57799221) SystemInfo: free sram: 87999 minimal sram: 76051
I (57809221) SystemInfo: free sram: 88039 minimal sram: 76051
I (57819221) SystemInfo: free sram: 88039 minimal sram: 76051
I (57829221) SystemInfo: free sram: 88039 minimal sram: 76051
I (57839221) SystemInfo: free sram: 88039 minimal sram: 76051
I (57849221) SystemInfo: free sram: 88039 minimal sram: 76051
I (57859221) SystemInfo: free sram: 88039 minimal sram: 76051
I (57869221) SystemInfo: free sram: 88039 minimal sram: 76051
I (57879221) SystemInfo: free sram: 88039 minimal sram: 76051
I (57889221) SystemInfo: free sram: 88039 minimal sram: 76051
I (57899221) SystemInfo: free sram: 88039 minimal sram: 76051
I (57909221) SystemInfo: free sram: 87999 minimal sram: 76051
I (57919221) SystemInfo: free sram: 88039 minimal sram: 76051
I (57929221) SystemInfo: free sram: 88039 minimal sram: 76051
I (57939221) SystemInfo: free sram: 88039 minimal sram: 76051
I (57949221) SystemInfo: free sram: 88039 minimal sram: 76051
I (57959221) SystemInfo: free sram: 88039 minimal sram: 76051
I (57969221) SystemInfo: free sram: 88039 minimal sram: 76051
I (57979221) SystemInfo: free sram: 88039 minimal sram: 76051
I (57989221) SystemInfo: free sram: 88039 minimal sram: 76051
I (57999221) SystemInfo: free sram: 88039 minimal sram: 76051
I (58009221) SystemInfo: free sram: 88039 minimal sram: 76051
I (58019221) SystemInfo: free sram: 87999 minimal sram: 76051
I (58029221) SystemInfo: free sram: 88039 minimal sram: 76051
I (58039221) SystemInfo: free sram: 88039 minimal sram: 76051
I (58049221) SystemInfo: free sram: 88039 minimal sram: 76051
I (58059221) SystemInfo: free sram: 88039 minimal sram: 76051
I (58069221) SystemInfo: free sram: 88039 minimal sram: 76051
I (58079221) SystemInfo: free sram: 88039 minimal sram: 76051
I (58089221) SystemInfo: free sram: 88039 minimal sram: 76051
I (58099221) SystemInfo: free sram: 88039 minimal sram: 76051
I (58109221) SystemInfo: free sram: 88039 minimal sram: 76051
I (58119221) SystemInfo: free sram: 88039 minimal sram: 76051
I (58129221) SystemInfo: free sram: 87999 minimal sram: 76051
I (58139221) SystemInfo: free sram: 88039 minimal sram: 76051
I (58149221) SystemInfo: free sram: 88039 minimal sram: 76051
I (58159221) SystemInfo: free sram: 88039 minimal sram: 76051
I (58169221) SystemInfo: free sram: 88039 minimal sram: 76051
I (58179221) SystemInfo: free sram: 88039 minimal sram: 76051
I (58189221) SystemInfo: free sram: 88039 minimal sram: 76051
I (58199221) SystemInfo: free sram: 88039 minimal sram: 76051
I (58209221) SystemInfo: free sram: 88039 minimal sram: 76051
I (58219221) SystemInfo: free sram: 88039 minimal sram: 76051
I (58229221) SystemInfo: free sram: 88039 minimal sram: 76051
I (58239221) SystemInfo: free sram: 87999 minimal sram: 76051
I (58249221) SystemInfo: free sram: 88039 minimal sram: 76051
I (58259221) SystemInfo: free sram: 88039 minimal sram: 76051
I (58269221) SystemInfo: free sram: 88039 minimal sram: 76051
I (58279221) SystemInfo: free sram: 88039 minimal sram: 76051
I (58289221) SystemInfo: free sram: 88039 minimal sram: 76051
I (58299221) SystemInfo: free sram: 88039 minimal sram: 76051
I (58309221) SystemInfo: free sram: 88039 minimal sram: 76051
I (58319221) SystemInfo: free sram: 88039 minimal sram: 76051
I (58329221) SystemInfo: free sram: 88039 minimal sram: 76051
I (58339221) SystemInfo: free sram: 88039 minimal sram: 76051
I (58349221) SystemInfo: free sram: 87999 minimal sram: 76051
I (58359221) SystemInfo: free sram: 88039 minimal sram: 76051
I (58369221) SystemInfo: free sram: 88039 minimal sram: 76051
I (58379221) SystemInfo: free sram: 88039 minimal sram: 76051
I (58389221) SystemInfo: free sram: 88039 minimal sram: 76051
I (58399221) SystemInfo: free sram: 88039 minimal sram: 76051
I (58409221) SystemInfo: free sram: 88039 minimal sram: 76051
I (58419221) SystemInfo: free sram: 88039 minimal sram: 76051
I (58429221) SystemInfo: free sram: 88039 minimal sram: 76051
I (58439221) SystemInfo: free sram: 88039 minimal sram: 76051
I (58449221) SystemInfo: free sram: 88039 minimal sram: 76051
I (58459221) SystemInfo: free sram: 87999 minimal sram: 76051
I (58469221) SystemInfo: free sram: 88039 minimal sram: 76051
I (58479221) SystemInfo: free sram: 88039 minimal sram: 76051
I (58489221) SystemInfo: free sram: 88039 minimal sram: 76051
I (58499221) SystemInfo: free sram: 88039 minimal sram: 76051
I (58509221) SystemInfo: free sram: 88039 minimal sram: 76051
I (58519221) SystemInfo: free sram: 88039 minimal sram: 76051
I (58529221) SystemInfo: free sram: 88039 minimal sram: 76051
I (58539221) SystemInfo: free sram: 88039 minimal sram: 76051
I (58549221) SystemInfo: free sram: 88039 minimal sram: 76051
I (58559221) SystemInfo: free sram: 88039 minimal sram: 76051
I (58569221) SystemInfo: free sram: 87999 minimal sram: 76051
I (58579221) SystemInfo: free sram: 88039 minimal sram: 76051
I (58589221) SystemInfo: free sram: 88039 minimal sram: 76051
I (58599221) SystemInfo: free sram: 88039 minimal sram: 76051
I (58609221) SystemInfo: free sram: 88039 minimal sram: 76051
I (58619221) SystemInfo: free sram: 88039 minimal sram: 76051
I (58629221) SystemInfo: free sram: 88039 minimal sram: 76051
I (58639221) SystemInfo: free sram: 88039 minimal sram: 76051
I (58649221) SystemInfo: free sram: 88039 minimal sram: 76051
I (58659221) SystemInfo: free sram: 88039 minimal sram: 76051
I (58669221) SystemInfo: free sram: 88039 minimal sram: 76051
I (58679221) SystemInfo: free sram: 87999 minimal sram: 76051
I (58689221) SystemInfo: free sram: 88039 minimal sram: 76051
I (58699221) SystemInfo: free sram: 88039 minimal sram: 76051
I (58709221) SystemInfo: free sram: 88039 minimal sram: 76051
I (58719221) SystemInfo: free sram: 88039 minimal sram: 76051
I (58729221) SystemInfo: free sram: 88039 minimal sram: 76051
I (58739221) SystemInfo: free sram: 88039 minimal sram: 76051
I (58749221) SystemInfo: free sram: 88039 minimal sram: 76051
I (58759221) SystemInfo: free sram: 88039 minimal sram: 76051
I (58769221) SystemInfo: free sram: 88039 minimal sram: 76051
I (58779221) SystemInfo: free sram: 88039 minimal sram: 76051
I (58789221) SystemInfo: free sram: 87999 minimal sram: 76051
I (58799221) SystemInfo: free sram: 88039 minimal sram: 76051
I (58809221) SystemInfo: free sram: 88039 minimal sram: 76051
I (58819221) SystemInfo: free sram: 88039 minimal sram: 76051
I (58829221) SystemInfo: free sram: 88039 minimal sram: 76051
I (58839221) SystemInfo: free sram: 88039 minimal sram: 76051
I (58849221) SystemInfo: free sram: 88039 minimal sram: 76051
I (58859221) SystemInfo: free sram: 88039 minimal sram: 76051
I (58869221) SystemInfo: free sram: 88039 minimal sram: 76051
I (58879221) SystemInfo: free sram: 88039 minimal sram: 76051
I (58889221) SystemInfo: free sram: 88039 minimal sram: 76051
I (58899221) SystemInfo: free sram: 87999 minimal sram: 76051
I (58909221) SystemInfo: free sram: 88039 minimal sram: 76051
I (58919221) SystemInfo: free sram: 88039 minimal sram: 76051
I (58929221) SystemInfo: free sram: 88039 minimal sram: 76051
I (58939221) SystemInfo: free sram: 88039 minimal sram: 76051
I (58949221) SystemInfo: free sram: 88039 minimal sram: 76051
I (58959221) SystemInfo: free sram: 88039 minimal sram: 76051
I (58969221) SystemInfo: free sram: 88039 minimal sram: 76051
I (58979221) SystemInfo: free sram: 88039 minimal sram: 76051
I (58989221) SystemInfo: free sram: 88039 minimal sram: 76051
I (58999221) SystemInfo: free sram: 88039 minimal sram: 76051
I (59009221) SystemInfo: free sram: 87999 minimal sram: 76051
I (59019221) SystemInfo: free sram: 88039 minimal sram: 76051
I (59029221) SystemInfo: free sram: 88039 minimal sram: 76051
I (59039221) SystemInfo: free sram: 88039 minimal sram: 76051
I (59049221) SystemInfo: free sram: 88039 minimal sram: 76051
I (59059221) SystemInfo: free sram: 88039 minimal sram: 76051
I (59069221) SystemInfo: free sram: 88039 minimal sram: 76051
I (59079221) SystemInfo: free sram: 88039 minimal sram: 76051
I (59089221) SystemInfo: free sram: 88039 minimal sram: 76051
I (59099221) SystemInfo: free sram: 88039 minimal sram: 76051
I (59109221) SystemInfo: free sram: 88039 minimal sram: 76051
I (59119221) SystemInfo: free sram: 87999 minimal sram: 76051
I (59129221) SystemInfo: free sram: 88039 minimal sram: 76051
I (59139221) SystemInfo: free sram: 88039 minimal sram: 76051
I (59149221) SystemInfo: free sram: 88039 minimal sram: 76051
I (59159221) SystemInfo: free sram: 88039 minimal sram: 76051
I (59169221) SystemInfo: free sram: 88039 minimal sram: 76051
I (59179221) SystemInfo: free sram: 88039 minimal sram: 76051
I (59189221) SystemInfo: free sram: 88039 minimal sram: 76051
I (59199221) SystemInfo: free sram: 88039 minimal sram: 76051
I (59209221) SystemInfo: free sram: 88039 minimal sram: 76051
I (59219221) SystemInfo: free sram: 88039 minimal sram: 76051
I (59229221) SystemInfo: free sram: 87999 minimal sram: 76051
I (59239221) SystemInfo: free sram: 88039 minimal sram: 76051
I (59249221) SystemInfo: free sram: 88039 minimal sram: 76051
I (59259221) SystemInfo: free sram: 88039 minimal sram: 76051
I (59269221) SystemInfo: free sram: 88039 minimal sram: 76051
I (59279221) SystemInfo: free sram: 88039 minimal sram: 76051
I (59289221) SystemInfo: free sram: 88039 minimal sram: 76051
I (59299221) SystemInfo: free sram: 88039 minimal sram: 76051
I (59309221) SystemInfo: free sram: 88039 minimal sram: 76051
I (59319221) SystemInfo: free sram: 88039 minimal sram: 76051
I (59329221) SystemInfo: free sram: 88039 minimal sram: 76051
I (59339221) SystemInfo: free sram: 87999 minimal sram: 76051
I (59349221) SystemInfo: free sram: 88039 minimal sram: 76051
I (59359221) SystemInfo: free sram: 88039 minimal sram: 76051
I (59369221) SystemInfo: free sram: 88039 minimal sram: 76051
I (59379221) SystemInfo: free sram: 88039 minimal sram: 76051
I (59389221) SystemInfo: free sram: 88039 minimal sram: 76051
I (59399221) SystemInfo: free sram: 88039 minimal sram: 76051
I (59409221) SystemInfo: free sram: 88039 minimal sram: 76051
I (59419221) SystemInfo: free sram: 88039 minimal sram: 76051
I (59429221) SystemInfo: free sram: 88039 minimal sram: 76051
I (59439221) SystemInfo: free sram: 88039 minimal sram: 76051
I (59449221) SystemInfo: free sram: 87999 minimal sram: 76051
I (59459221) SystemInfo: free sram: 88039 minimal sram: 76051
I (59469221) SystemInfo: free sram: 88039 minimal sram: 76051
I (59479221) SystemInfo: free sram: 88039 minimal sram: 76051
I (59489221) SystemInfo: free sram: 88039 minimal sram: 76051
I (59499221) SystemInfo: free sram: 88039 minimal sram: 76051
I (59509221) SystemInfo: free sram: 88039 minimal sram: 76051
I (59519221) SystemInfo: free sram: 88039 minimal sram: 76051
I (59529221) SystemInfo: free sram: 87999 minimal sram: 76051
I (59539221) SystemInfo: free sram: 88039 minimal sram: 76051
I (59549221) SystemInfo: free sram: 88039 minimal sram: 76051
I (59559221) SystemInfo: free sram: 87999 minimal sram: 76051
I (59569221) SystemInfo: free sram: 88039 minimal sram: 76051
I (59579221) SystemInfo: free sram: 88039 minimal sram: 76051
I (59589221) SystemInfo: free sram: 88039 minimal sram: 76051
I (59599221) SystemInfo: free sram: 88039 minimal sram: 76051
I (59609221) SystemInfo: free sram: 88039 minimal sram: 76051
I (59619221) SystemInfo: free sram: 88039 minimal sram: 76051
I (59629221) SystemInfo: free sram: 88039 minimal sram: 76051
I (59639221) SystemInfo: free sram: 88039 minimal sram: 76051
I (59649221) SystemInfo: free sram: 88039 minimal sram: 76051
I (59659221) SystemInfo: free sram: 88039 minimal sram: 76051
I (59669221) SystemInfo: free sram: 87999 minimal sram: 76051
I (59679221) SystemInfo: free sram: 88039 minimal sram: 76051
I (59689221) SystemInfo: free sram: 88039 minimal sram: 76051
I (59699221) SystemInfo: free sram: 88039 minimal sram: 76051
I (59709221) SystemInfo: free sram: 88039 minimal sram: 76051
I (59719221) SystemInfo: free sram: 88039 minimal sram: 76051
I (59729221) SystemInfo: free sram: 88039 minimal sram: 76051
I (59739221) SystemInfo: free sram: 88039 minimal sram: 76051
I (59749221) SystemInfo: free sram: 88039 minimal sram: 76051
I (59759221) SystemInfo: free sram: 88039 minimal sram: 76051
I (59769221) SystemInfo: free sram: 88039 minimal sram: 76051
I (59779221) SystemInfo: free sram: 87999 minimal sram: 76051
I (59789221) SystemInfo: free sram: 88039 minimal sram: 76051
I (59799221) SystemInfo: free sram: 88039 minimal sram: 76051
I (59809221) SystemInfo: free sram: 88039 minimal sram: 76051
I (59819221) SystemInfo: free sram: 88039 minimal sram: 76051
I (59829221) SystemInfo: free sram: 88039 minimal sram: 76051
I (59839221) SystemInfo: free sram: 88039 minimal sram: 76051
I (59849221) SystemInfo: free sram: 88039 minimal sram: 76051
I (59859221) SystemInfo: free sram: 88039 minimal sram: 76051
I (59869221) SystemInfo: free sram: 88039 minimal sram: 76051
I (59879221) SystemInfo: free sram: 88039 minimal sram: 76051
I (59889221) SystemInfo: free sram: 87999 minimal sram: 76051
I (59899221) SystemInfo: free sram: 88039 minimal sram: 76051
I (59909221) SystemInfo: free sram: 88039 minimal sram: 76051
I (59919221) SystemInfo: free sram: 88039 minimal sram: 76051
I (59929221) SystemInfo: free sram: 88039 minimal sram: 76051
I (59939221) SystemInfo: free sram: 88039 minimal sram: 76051
I (59949221) SystemInfo: free sram: 88039 minimal sram: 76051
I (59959221) SystemInfo: free sram: 88039 minimal sram: 76051
I (59969221) SystemInfo: free sram: 88039 minimal sram: 76051
I (59979221) SystemInfo: free sram: 88039 minimal sram: 76051
I (59989221) SystemInfo: free sram: 88039 minimal sram: 76051
I (59999221) SystemInfo: free sram: 87999 minimal sram: 76051
I (60009221) SystemInfo: free sram: 88039 minimal sram: 76051
I (60019221) SystemInfo: free sram: 88039 minimal sram: 76051
I (60029221) SystemInfo: free sram: 88039 minimal sram: 76051
I (60039221) SystemInfo: free sram: 88039 minimal sram: 76051
I (60049221) SystemInfo: free sram: 88039 minimal sram: 76051
I (60059221) SystemInfo: free sram: 88039 minimal sram: 76051
I (60069221) SystemInfo: free sram: 88039 minimal sram: 76051
I (60079221) SystemInfo: free sram: 88039 minimal sram: 76051
I (60089221) SystemInfo: free sram: 88039 minimal sram: 76051
I (60099221) SystemInfo: free sram: 88039 minimal sram: 76051
I (60109221) SystemInfo: free sram: 87999 minimal sram: 76051
I (60119221) SystemInfo: free sram: 88039 minimal sram: 76051
I (60129221) SystemInfo: free sram: 88039 minimal sram: 76051
I (60139221) SystemInfo: free sram: 88039 minimal sram: 76051
I (60149221) SystemInfo: free sram: 88039 minimal sram: 76051
I (60159221) SystemInfo: free sram: 88039 minimal sram: 76051
I (60169221) SystemInfo: free sram: 88039 minimal sram: 76051
I (60179221) SystemInfo: free sram: 88039 minimal sram: 76051
I (60189221) SystemInfo: free sram: 88039 minimal sram: 76051
I (60199221) SystemInfo: free sram: 88039 minimal sram: 76051
I (60209221) SystemInfo: free sram: 88039 minimal sram: 76051
I (60219221) SystemInfo: free sram: 87999 minimal sram: 76051
I (60229221) SystemInfo: free sram: 88039 minimal sram: 76051
I (60239221) SystemInfo: free sram: 88039 minimal sram: 76051
I (60249221) SystemInfo: free sram: 88039 minimal sram: 76051
I (60259221) SystemInfo: free sram: 88039 minimal sram: 76051
I (60269221) SystemInfo: free sram: 88039 minimal sram: 76051
I (60279221) SystemInfo: free sram: 88039 minimal sram: 76051
I (60289221) SystemInfo: free sram: 88039 minimal sram: 76051
I (60299221) SystemInfo: free sram: 88039 minimal sram: 76051
I (60309221) SystemInfo: free sram: 88039 minimal sram: 76051
I (60319221) SystemInfo: free sram: 88039 minimal sram: 76051
I (60329221) SystemInfo: free sram: 87999 minimal sram: 76051
I (60339221) SystemInfo: free sram: 88039 minimal sram: 76051
I (60349221) SystemInfo: free sram: 88039 minimal sram: 76051
I (60359221) SystemInfo: free sram: 88039 minimal sram: 76051
I (60369221) SystemInfo: free sram: 88039 minimal sram: 76051
I (60379221) SystemInfo: free sram: 88039 minimal sram: 76051
I (60389221) SystemInfo: free sram: 88039 minimal sram: 76051
I (60399221) SystemInfo: free sram: 88039 minimal sram: 76051
I (60409221) SystemInfo: free sram: 88039 minimal sram: 76051
I (60419221) SystemInfo: free sram: 88039 minimal sram: 76051
I (60429221) SystemInfo: free sram: 88039 minimal sram: 76051
I (60439221) SystemInfo: free sram: 87999 minimal sram: 76051
I (60449221) SystemInfo: free sram: 88039 minimal sram: 76051
I (60459221) SystemInfo: free sram: 88039 minimal sram: 76051
I (60469221) SystemInfo: free sram: 87999 minimal sram: 76051
I (60479221) SystemInfo: free sram: 88039 minimal sram: 76051
I (60489221) SystemInfo: free sram: 88039 minimal sram: 76051
I (60499221) SystemInfo: free sram: 88039 minimal sram: 76051
I (60509221) SystemInfo: free sram: 88039 minimal sram: 76051
I (60519221) SystemInfo: free sram: 88039 minimal sram: 76051
I (60529221) SystemInfo: free sram: 88039 minimal sram: 76051
I (60539221) SystemInfo: free sram: 88039 minimal sram: 76051
I (60549221) SystemInfo: free sram: 87999 minimal sram: 76051
I (60559221) SystemInfo: free sram: 88039 minimal sram: 76051
I (60569221) SystemInfo: free sram: 88039 minimal sram: 76051
I (60579221) SystemInfo: free sram: 88039 minimal sram: 76051
I (60589221) SystemInfo: free sram: 88039 minimal sram: 76051
I (60599221) SystemInfo: free sram: 88039 minimal sram: 76051
I (60609221) SystemInfo: free sram: 88039 minimal sram: 76051
I (60619221) SystemInfo: free sram: 88039 minimal sram: 76051
I (60629221) SystemInfo: free sram: 88039 minimal sram: 76051
I (60639221) SystemInfo: free sram: 88039 minimal sram: 76051
I (60649221) SystemInfo: free sram: 88039 minimal sram: 76051
I (60659221) SystemInfo: free sram: 87999 minimal sram: 76051
I (60669221) SystemInfo: free sram: 88039 minimal sram: 76051
I (60679221) SystemInfo: free sram: 88039 minimal sram: 76051
I (60689221) SystemInfo: free sram: 88039 minimal sram: 76051
I (60699221) SystemInfo: free sram: 88039 minimal sram: 76051
I (60709221) SystemInfo: free sram: 88039 minimal sram: 76051
I (60719221) SystemInfo: free sram: 88039 minimal sram: 76051
I (60729221) SystemInfo: free sram: 88039 minimal sram: 76051
I (60739221) SystemInfo: free sram: 88039 minimal sram: 76051
I (60749221) SystemInfo: free sram: 88039 minimal sram: 76051
I (60759221) SystemInfo: free sram: 88039 minimal sram: 76051
I (60769221) SystemInfo: free sram: 87999 minimal sram: 76051
I (60779221) SystemInfo: free sram: 88039 minimal sram: 76051
I (60789221) SystemInfo: free sram: 88039 minimal sram: 76051
I (60799221) SystemInfo: free sram: 88039 minimal sram: 76051
I (60809221) SystemInfo: free sram: 88039 minimal sram: 76051
I (60819221) SystemInfo: free sram: 88039 minimal sram: 76051
I (60829221) SystemInfo: free sram: 88039 minimal sram: 76051
I (60839221) SystemInfo: free sram: 88039 minimal sram: 76051
I (60849221) SystemInfo: free sram: 88039 minimal sram: 76051
I (60859221) SystemInfo: free sram: 88039 minimal sram: 76051
I (60869221) SystemInfo: free sram: 88039 minimal sram: 76051
I (60879221) SystemInfo: free sram: 87999 minimal sram: 76051
I (60889221) SystemInfo: free sram: 88039 minimal sram: 76051
I (60899221) SystemInfo: free sram: 88039 minimal sram: 76051
I (60909221) SystemInfo: free sram: 88039 minimal sram: 76051
I (60919221) SystemInfo: free sram: 88039 minimal sram: 76051
I (60929221) SystemInfo: free sram: 88039 minimal sram: 76051
I (60939221) SystemInfo: free sram: 88039 minimal sram: 76051
I (60949221) SystemInfo: free sram: 88039 minimal sram: 76051
I (60959221) SystemInfo: free sram: 88039 minimal sram: 76051
I (60969221) SystemInfo: free sram: 88039 minimal sram: 76051
I (60979221) SystemInfo: free sram: 87859 minimal sram: 76051
I (60989221) SystemInfo: free sram: 87999 minimal sram: 76051
I (60999221) SystemInfo: free sram: 88039 minimal sram: 76051
I (61009221) SystemInfo: free sram: 88039 minimal sram: 76051
I (61019221) SystemInfo: free sram: 88039 minimal sram: 76051
I (61029221) SystemInfo: free sram: 88039 minimal sram: 76051
I (61039221) SystemInfo: free sram: 88039 minimal sram: 76051
I (61049221) SystemInfo: free sram: 88039 minimal sram: 76051
I (61059221) SystemInfo: free sram: 88039 minimal sram: 76051
I (61069221) SystemInfo: free sram: 88039 minimal sram: 76051
I (61079221) SystemInfo: free sram: 88039 minimal sram: 76051
I (61089221) SystemInfo: free sram: 88039 minimal sram: 76051
I (61099221) SystemInfo: free sram: 87999 minimal sram: 76051
I (61109221) SystemInfo: free sram: 88039 minimal sram: 76051
I (61119221) SystemInfo: free sram: 88039 minimal sram: 76051
I (61129221) SystemInfo: free sram: 88039 minimal sram: 76051
I (61139221) SystemInfo: free sram: 88039 minimal sram: 76051
I (61149221) SystemInfo: free sram: 88039 minimal sram: 76051
I (61159221) SystemInfo: free sram: 88039 minimal sram: 76051
I (61169221) SystemInfo: free sram: 88039 minimal sram: 76051
I (61179221) SystemInfo: free sram: 88039 minimal sram: 76051
I (61189221) SystemInfo: free sram: 88039 minimal sram: 76051
I (61199221) SystemInfo: free sram: 88039 minimal sram: 76051
I (61209221) SystemInfo: free sram: 87999 minimal sram: 76051
I (61219221) SystemInfo: free sram: 88039 minimal sram: 76051
I (61229221) SystemInfo: free sram: 88039 minimal sram: 76051
I (61239221) SystemInfo: free sram: 88039 minimal sram: 76051
I (61249221) SystemInfo: free sram: 88039 minimal sram: 76051
I (61259221) SystemInfo: free sram: 88039 minimal sram: 76051
I (61269221) SystemInfo: free sram: 88039 minimal sram: 76051
I (61279221) SystemInfo: free sram: 88039 minimal sram: 76051
I (61289221) SystemInfo: free sram: 88039 minimal sram: 76051
I (61299221) SystemInfo: free sram: 88039 minimal sram: 76051
I (61309221) SystemInfo: free sram: 88039 minimal sram: 76051
I (61319221) SystemInfo: free sram: 87999 minimal sram: 76051
I (61329221) SystemInfo: free sram: 88039 minimal sram: 76051
I (61339221) SystemInfo: free sram: 88039 minimal sram: 76051
I (61349221) SystemInfo: free sram: 88039 minimal sram: 76051
I (61359221) SystemInfo: free sram: 88039 minimal sram: 76051
I (61369221) SystemInfo: free sram: 88039 minimal sram: 76051
I (61379221) SystemInfo: free sram: 88039 minimal sram: 76051
I (61389221) SystemInfo: free sram: 88039 minimal sram: 76051
I (61399221) SystemInfo: free sram: 88039 minimal sram: 76051
I (61409221) SystemInfo: free sram: 88039 minimal sram: 76051
I (61419221) SystemInfo: free sram: 88039 minimal sram: 76051
I (61429221) SystemInfo: free sram: 87999 minimal sram: 76051
I (61439221) SystemInfo: free sram: 88039 minimal sram: 76051
I (61449221) SystemInfo: free sram: 88039 minimal sram: 76051
I (61459221) SystemInfo: free sram: 88039 minimal sram: 76051
I (61469221) SystemInfo: free sram: 88039 minimal sram: 76051
I (61479221) SystemInfo: free sram: 88039 minimal sram: 76051
I (61489221) SystemInfo: free sram: 88039 minimal sram: 76051
I (61499221) SystemInfo: free sram: 88039 minimal sram: 76051
I (61509221) SystemInfo: free sram: 88039 minimal sram: 76051
I (61519221) SystemInfo: free sram: 88039 minimal sram: 76051
I (61529221) SystemInfo: free sram: 88039 minimal sram: 76051
I (61539221) SystemInfo: free sram: 87999 minimal sram: 76051
I (61549221) SystemInfo: free sram: 88039 minimal sram: 76051
I (61559221) SystemInfo: free sram: 88039 minimal sram: 76051
I (61569221) SystemInfo: free sram: 88039 minimal sram: 76051
I (61579221) SystemInfo: free sram: 88039 minimal sram: 76051
I (61589221) SystemInfo: free sram: 88039 minimal sram: 76051
I (61599221) SystemInfo: free sram: 88039 minimal sram: 76051
I (61609221) SystemInfo: free sram: 88039 minimal sram: 76051
I (61619221) SystemInfo: free sram: 88039 minimal sram: 76051
I (61629221) SystemInfo: free sram: 88039 minimal sram: 76051
I (61639221) SystemInfo: free sram: 88039 minimal sram: 76051
I (61649221) SystemInfo: free sram: 87999 minimal sram: 76051
I (61659221) SystemInfo: free sram: 88039 minimal sram: 76051
I (61669221) SystemInfo: free sram: 88039 minimal sram: 76051
I (61679221) SystemInfo: free sram: 88039 minimal sram: 76051
I (61689221) SystemInfo: free sram: 88039 minimal sram: 76051
I (61699221) SystemInfo: free sram: 88039 minimal sram: 76051
I (61709221) SystemInfo: free sram: 88039 minimal sram: 76051
I (61719221) SystemInfo: free sram: 88039 minimal sram: 76051
I (61729221) SystemInfo: free sram: 88039 minimal sram: 76051
I (61739221) SystemInfo: free sram: 88039 minimal sram: 76051
I (61749221) SystemInfo: free sram: 88039 minimal sram: 76051
I (61759221) SystemInfo: free sram: 87999 minimal sram: 76051
I (61769221) SystemInfo: free sram: 88039 minimal sram: 76051
I (61779221) SystemInfo: free sram: 88039 minimal sram: 76051
I (61789221) SystemInfo: free sram: 88039 minimal sram: 76051
I (61799221) SystemInfo: free sram: 88039 minimal sram: 76051
I (61809221) SystemInfo: free sram: 88039 minimal sram: 76051
I (61819221) SystemInfo: free sram: 88039 minimal sram: 76051
I (61829221) SystemInfo: free sram: 88039 minimal sram: 76051
I (61839221) SystemInfo: free sram: 88039 minimal sram: 76051
I (61849221) SystemInfo: free sram: 88039 minimal sram: 76051
I (61859221) SystemInfo: free sram: 88039 minimal sram: 76051
I (61869221) SystemInfo: free sram: 87999 minimal sram: 76051
I (61879221) SystemInfo: free sram: 88039 minimal sram: 76051
I (61889221) SystemInfo: free sram: 88039 minimal sram: 76051
I (61899221) SystemInfo: free sram: 88039 minimal sram: 76051
I (61909221) SystemInfo: free sram: 88039 minimal sram: 76051
I (61919221) SystemInfo: free sram: 88039 minimal sram: 76051
I (61929221) SystemInfo: free sram: 88039 minimal sram: 76051
I (61939221) SystemInfo: free sram: 88039 minimal sram: 76051
I (61949221) SystemInfo: free sram: 88039 minimal sram: 76051
I (61959221) SystemInfo: free sram: 88039 minimal sram: 76051
I (61969221) SystemInfo: free sram: 88039 minimal sram: 76051
I (61979221) SystemInfo: free sram: 87999 minimal sram: 76051
I (61989221) SystemInfo: free sram: 88039 minimal sram: 76051
I (61999221) SystemInfo: free sram: 88039 minimal sram: 76051
I (62009221) SystemInfo: free sram: 88039 minimal sram: 76051
I (62019221) SystemInfo: free sram: 88039 minimal sram: 76051
I (62029221) SystemInfo: free sram: 88039 minimal sram: 76051
I (62039221) SystemInfo: free sram: 88039 minimal sram: 76051
I (62049221) SystemInfo: free sram: 88039 minimal sram: 76051
I (62059221) SystemInfo: free sram: 88039 minimal sram: 76051
I (62069221) SystemInfo: free sram: 88039 minimal sram: 76051
I (62079221) SystemInfo: free sram: 88039 minimal sram: 76051
I (62089221) SystemInfo: free sram: 87999 minimal sram: 76051
I (62099221) SystemInfo: free sram: 88039 minimal sram: 76051
I (62109221) SystemInfo: free sram: 88039 minimal sram: 76051
I (62119221) SystemInfo: free sram: 88039 minimal sram: 76051
I (62129221) SystemInfo: free sram: 88039 minimal sram: 76051
I (62139221) SystemInfo: free sram: 88039 minimal sram: 76051
I (62149221) SystemInfo: free sram: 88039 minimal sram: 76051
I (62159221) SystemInfo: free sram: 88039 minimal sram: 76051
I (62169221) SystemInfo: free sram: 88039 minimal sram: 76051
I (62179221) SystemInfo: free sram: 88039 minimal sram: 76051
I (62189221) SystemInfo: free sram: 88039 minimal sram: 76051
I (62199221) SystemInfo: free sram: 87999 minimal sram: 76051
I (62209221) SystemInfo: free sram: 88039 minimal sram: 76051
I (62219221) SystemInfo: free sram: 88039 minimal sram: 76051
I (62229221) SystemInfo: free sram: 88039 minimal sram: 76051
I (62239221) SystemInfo: free sram: 88039 minimal sram: 76051
I (62249221) SystemInfo: free sram: 88039 minimal sram: 76051
I (62259221) SystemInfo: free sram: 88039 minimal sram: 76051
I (62269221) SystemInfo: free sram: 88039 minimal sram: 76051
I (62279221) SystemInfo: free sram: 88039 minimal sram: 76051
I (62289221) SystemInfo: free sram: 88039 minimal sram: 76051
I (62299221) SystemInfo: free sram: 88039 minimal sram: 76051
I (62309221) SystemInfo: free sram: 87999 minimal sram: 76051
I (62319221) SystemInfo: free sram: 88039 minimal sram: 76051
I (62329221) SystemInfo: free sram: 88039 minimal sram: 76051
I (62339221) SystemInfo: free sram: 88039 minimal sram: 76051
I (62349221) SystemInfo: free sram: 88039 minimal sram: 76051
I (62359221) SystemInfo: free sram: 88039 minimal sram: 76051
I (62369221) SystemInfo: free sram: 88039 minimal sram: 76051
I (62379221) SystemInfo: free sram: 88039 minimal sram: 76051
I (62389221) SystemInfo: free sram: 88039 minimal sram: 76051
I (62399221) SystemInfo: free sram: 88039 minimal sram: 76051
I (62409221) SystemInfo: free sram: 88039 minimal sram: 76051
I (62419221) SystemInfo: free sram: 87999 minimal sram: 76051
I (62429221) SystemInfo: free sram: 88039 minimal sram: 76051
I (62439221) SystemInfo: free sram: 88039 minimal sram: 76051
I (62449221) SystemInfo: free sram: 88039 minimal sram: 76051
I (62459221) SystemInfo: free sram: 88039 minimal sram: 76051
I (62469221) SystemInfo: free sram: 88039 minimal sram: 76051
I (62479221) SystemInfo: free sram: 88039 minimal sram: 76051
I (62489221) SystemInfo: free sram: 88039 minimal sram: 76051
I (62499221) SystemInfo: free sram: 88039 minimal sram: 76051
I (62509221) SystemInfo: free sram: 88039 minimal sram: 76051
I (62519221) SystemInfo: free sram: 88039 minimal sram: 76051
I (62529221) SystemInfo: free sram: 87999 minimal sram: 76051
I (62539221) SystemInfo: free sram: 88039 minimal sram: 76051
I (62549221) SystemInfo: free sram: 88039 minimal sram: 76051
I (62559221) SystemInfo: free sram: 87999 minimal sram: 76051
I (62569221) SystemInfo: free sram: 88039 minimal sram: 76051
I (62579221) SystemInfo: free sram: 88039 minimal sram: 76051
I (62589221) SystemInfo: free sram: 88039 minimal sram: 76051
I (62599221) SystemInfo: free sram: 88039 minimal sram: 76051
I (62609221) SystemInfo: free sram: 88039 minimal sram: 76051
I (62619221) SystemInfo: free sram: 88039 minimal sram: 76051
I (62629221) SystemInfo: free sram: 88039 minimal sram: 76051
I (62639221) SystemInfo: free sram: 87999 minimal sram: 76051
I (62649221) SystemInfo: free sram: 88039 minimal sram: 76051
I (62659221) SystemInfo: free sram: 88039 minimal sram: 76051
I (62669221) SystemInfo: free sram: 88039 minimal sram: 76051
I (62679221) SystemInfo: free sram: 88039 minimal sram: 76051
I (62689221) SystemInfo: free sram: 88039 minimal sram: 76051
I (62699221) SystemInfo: free sram: 88039 minimal sram: 76051
I (62709221) SystemInfo: free sram: 88039 minimal sram: 76051
I (62719221) SystemInfo: free sram: 88039 minimal sram: 76051
I (62729221) SystemInfo: free sram: 88039 minimal sram: 76051
I (62739221) SystemInfo: free sram: 88039 minimal sram: 76051
I (62749221) SystemInfo: free sram: 87999 minimal sram: 76051
I (62759221) SystemInfo: free sram: 88039 minimal sram: 76051
I (62769221) SystemInfo: free sram: 88039 minimal sram: 76051
I (62779221) SystemInfo: free sram: 88039 minimal sram: 76051
I (62789221) SystemInfo: free sram: 88039 minimal sram: 76051
I (62799221) SystemInfo: free sram: 88039 minimal sram: 76051
I (62809221) SystemInfo: free sram: 88039 minimal sram: 76051
I (62819221) SystemInfo: free sram: 88039 minimal sram: 76051
I (62829221) SystemInfo: free sram: 88039 minimal sram: 76051
I (62839221) SystemInfo: free sram: 88039 minimal sram: 76051
I (62849221) SystemInfo: free sram: 88039 minimal sram: 76051
I (62859221) SystemInfo: free sram: 87959 minimal sram: 76051
I (62869221) SystemInfo: free sram: 88039 minimal sram: 76051
I (62879221) SystemInfo: free sram: 88039 minimal sram: 76051
I (62889221) SystemInfo: free sram: 88039 minimal sram: 76051
I (62899221) SystemInfo: free sram: 88039 minimal sram: 76051
I (62909221) SystemInfo: free sram: 88039 minimal sram: 76051
I (62919221) SystemInfo: free sram: 88039 minimal sram: 76051
I (62929221) SystemInfo: free sram: 88039 minimal sram: 76051
I (62939221) SystemInfo: free sram: 88039 minimal sram: 76051
I (62949221) SystemInfo: free sram: 88039 minimal sram: 76051
I (62959221) SystemInfo: free sram: 88039 minimal sram: 76051
I (62969221) SystemInfo: free sram: 87999 minimal sram: 76051
I (62979221) SystemInfo: free sram: 88039 minimal sram: 76051
I (62989221) SystemInfo: free sram: 88039 minimal sram: 76051
I (62999221) SystemInfo: free sram: 88039 minimal sram: 76051
I (63009221) SystemInfo: free sram: 88039 minimal sram: 76051
I (63019221) SystemInfo: free sram: 88039 minimal sram: 76051
I (63029221) SystemInfo: free sram: 88039 minimal sram: 76051
I (63039221) SystemInfo: free sram: 88039 minimal sram: 76051
I (63049221) SystemInfo: free sram: 88039 minimal sram: 76051
I (63059221) SystemInfo: free sram: 88039 minimal sram: 76051
I (63069221) SystemInfo: free sram: 88039 minimal sram: 76051
I (63079221) SystemInfo: free sram: 87999 minimal sram: 76051
I (63089221) SystemInfo: free sram: 88039 minimal sram: 76051
I (63099221) SystemInfo: free sram: 88039 minimal sram: 76051
I (63109221) SystemInfo: free sram: 88039 minimal sram: 76051
I (63119221) SystemInfo: free sram: 88039 minimal sram: 76051
I (63129221) SystemInfo: free sram: 88039 minimal sram: 76051
I (63139221) SystemInfo: free sram: 88039 minimal sram: 76051
I (63149221) SystemInfo: free sram: 88039 minimal sram: 76051
I (63159221) SystemInfo: free sram: 88039 minimal sram: 76051
I (63169221) SystemInfo: free sram: 88039 minimal sram: 76051
I (63179221) SystemInfo: free sram: 88039 minimal sram: 76051
I (63189221) SystemInfo: free sram: 87999 minimal sram: 76051
I (63199221) SystemInfo: free sram: 88039 minimal sram: 76051
I (63209221) SystemInfo: free sram: 88039 minimal sram: 76051
I (63219221) SystemInfo: free sram: 88039 minimal sram: 76051
I (63229221) SystemInfo: free sram: 88039 minimal sram: 76051
I (63239221) SystemInfo: free sram: 88039 minimal sram: 76051
I (63249221) SystemInfo: free sram: 88039 minimal sram: 76051
I (63259221) SystemInfo: free sram: 88039 minimal sram: 76051
I (63269221) SystemInfo: free sram: 88039 minimal sram: 76051
I (63279221) SystemInfo: free sram: 88039 minimal sram: 76051
I (63289221) SystemInfo: free sram: 88039 minimal sram: 76051
I (63299221) SystemInfo: free sram: 87999 minimal sram: 76051
I (63309221) SystemInfo: free sram: 88039 minimal sram: 76051
I (63319221) SystemInfo: free sram: 88039 minimal sram: 76051
I (63329221) SystemInfo: free sram: 88039 minimal sram: 76051
I (63339221) SystemInfo: free sram: 88039 minimal sram: 76051
I (63349221) SystemInfo: free sram: 88039 minimal sram: 76051
I (63359221) SystemInfo: free sram: 88039 minimal sram: 76051
I (63369221) SystemInfo: free sram: 88039 minimal sram: 76051
I (63379221) SystemInfo: free sram: 88039 minimal sram: 76051
I (63389221) SystemInfo: free sram: 88039 minimal sram: 76051
I (63399221) SystemInfo: free sram: 88039 minimal sram: 76051
I (63409221) SystemInfo: free sram: 87999 minimal sram: 76051
I (63419221) SystemInfo: free sram: 88039 minimal sram: 76051
I (63429221) SystemInfo: free sram: 88039 minimal sram: 76051
I (63439221) SystemInfo: free sram: 88039 minimal sram: 76051
I (63449221) SystemInfo: free sram: 88039 minimal sram: 76051
I (63459221) SystemInfo: free sram: 88039 minimal sram: 76051
I (63469221) SystemInfo: free sram: 88039 minimal sram: 76051
I (63479221) SystemInfo: free sram: 88039 minimal sram: 76051
I (63489221) SystemInfo: free sram: 88039 minimal sram: 76051
I (63499221) SystemInfo: free sram: 88039 minimal sram: 76051
I (63509221) SystemInfo: free sram: 88039 minimal sram: 76051
I (63519221) SystemInfo: free sram: 87999 minimal sram: 76051
I (63529221) SystemInfo: free sram: 88039 minimal sram: 76051
I (63539221) SystemInfo: free sram: 88039 minimal sram: 76051
I (63549221) SystemInfo: free sram: 88039 minimal sram: 76051
I (63559221) SystemInfo: free sram: 88039 minimal sram: 76051
I (63569221) SystemInfo: free sram: 88039 minimal sram: 76051
I (63579221) SystemInfo: free sram: 88039 minimal sram: 76051
I (63589221) SystemInfo: free sram: 88039 minimal sram: 76051
I (63599221) SystemInfo: free sram: 88039 minimal sram: 76051
I (63609221) SystemInfo: free sram: 88039 minimal sram: 76051
I (63619221) SystemInfo: free sram: 88039 minimal sram: 76051
I (63629221) SystemInfo: free sram: 87999 minimal sram: 76051
I (63639221) SystemInfo: free sram: 88039 minimal sram: 76051
I (63649221) SystemInfo: free sram: 88039 minimal sram: 76051
I (63659221) SystemInfo: free sram: 88039 minimal sram: 76051
I (63669221) SystemInfo: free sram: 88039 minimal sram: 76051
I (63679221) SystemInfo: free sram: 88039 minimal sram: 76051
I (63689221) SystemInfo: free sram: 88039 minimal sram: 76051
I (63699221) SystemInfo: free sram: 88039 minimal sram: 76051
I (63709221) SystemInfo: free sram: 88039 minimal sram: 76051
I (63719221) SystemInfo: free sram: 88039 minimal sram: 76051
I (63729221) SystemInfo: free sram: 88039 minimal sram: 76051
I (63739221) SystemInfo: free sram: 87999 minimal sram: 76051
I (63749221) SystemInfo: free sram: 88039 minimal sram: 76051
I (63759221) SystemInfo: free sram: 88039 minimal sram: 76051
I (63769221) SystemInfo: free sram: 88039 minimal sram: 76051
I (63779221) SystemInfo: free sram: 88039 minimal sram: 76051
I (63789221) SystemInfo: free sram: 88039 minimal sram: 76051
I (63799221) SystemInfo: free sram: 88039 minimal sram: 76051
I (63809221) SystemInfo: free sram: 88039 minimal sram: 76051
I (63819221) SystemInfo: free sram: 88039 minimal sram: 76051
I (63829221) SystemInfo: free sram: 88039 minimal sram: 76051
I (63839221) SystemInfo: free sram: 88039 minimal sram: 76051
I (63849221) SystemInfo: free sram: 87999 minimal sram: 76051
I (63859221) SystemInfo: free sram: 88039 minimal sram: 76051
I (63869221) SystemInfo: free sram: 88039 minimal sram: 76051
I (63879221) SystemInfo: free sram: 88039 minimal sram: 76051
I (63889221) SystemInfo: free sram: 88039 minimal sram: 76051
I (63899221) SystemInfo: free sram: 88039 minimal sram: 76051
I (63909221) SystemInfo: free sram: 88039 minimal sram: 76051
I (63919221) SystemInfo: free sram: 88039 minimal sram: 76051
I (63929221) SystemInfo: free sram: 88039 minimal sram: 76051
I (63939221) SystemInfo: free sram: 88039 minimal sram: 76051
I (63949221) SystemInfo: free sram: 88039 minimal sram: 76051
I (63959221) SystemInfo: free sram: 87999 minimal sram: 76051
I (63969221) SystemInfo: free sram: 88039 minimal sram: 76051
I (63979221) SystemInfo: free sram: 88039 minimal sram: 76051
I (63989221) SystemInfo: free sram: 88039 minimal sram: 76051
I (63999221) SystemInfo: free sram: 88039 minimal sram: 76051
I (64009221) SystemInfo: free sram: 88039 minimal sram: 76051
I (64019221) SystemInfo: free sram: 88039 minimal sram: 76051
I (64029221) SystemInfo: free sram: 88039 minimal sram: 76051
I (64039221) SystemInfo: free sram: 88039 minimal sram: 76051
I (64049221) SystemInfo: free sram: 88039 minimal sram: 76051
I (64059221) SystemInfo: free sram: 88039 minimal sram: 76051
I (64069221) SystemInfo: free sram: 87999 minimal sram: 76051
I (64079221) SystemInfo: free sram: 88039 minimal sram: 76051
I (64089221) SystemInfo: free sram: 88039 minimal sram: 76051
I (64099221) SystemInfo: free sram: 88039 minimal sram: 76051
I (64109221) SystemInfo: free sram: 88039 minimal sram: 76051
I (64119221) SystemInfo: free sram: 88039 minimal sram: 76051
I (64129221) SystemInfo: free sram: 88039 minimal sram: 76051
I (64139221) SystemInfo: free sram: 88039 minimal sram: 76051
I (64149221) SystemInfo: free sram: 88039 minimal sram: 76051
I (64159221) SystemInfo: free sram: 88039 minimal sram: 76051
I (64169221) SystemInfo: free sram: 88039 minimal sram: 76051
I (64179221) SystemInfo: free sram: 87999 minimal sram: 76051
I (64189221) SystemInfo: free sram: 88039 minimal sram: 76051
I (64199221) SystemInfo: free sram: 88039 minimal sram: 76051
I (64209221) SystemInfo: free sram: 88039 minimal sram: 76051
I (64219221) SystemInfo: free sram: 88039 minimal sram: 76051
I (64229221) SystemInfo: free sram: 88039 minimal sram: 76051
I (64239221) SystemInfo: free sram: 88039 minimal sram: 76051
I (64249221) SystemInfo: free sram: 88039 minimal sram: 76051
I (64259221) SystemInfo: free sram: 88039 minimal sram: 76051
I (64269221) SystemInfo: free sram: 88039 minimal sram: 76051
I (64279221) SystemInfo: free sram: 88039 minimal sram: 76051
I (64289221) SystemInfo: free sram: 87999 minimal sram: 76051
I (64299221) SystemInfo: free sram: 88039 minimal sram: 76051
I (64309221) SystemInfo: free sram: 88039 minimal sram: 76051
I (64319221) SystemInfo: free sram: 88039 minimal sram: 76051
I (64329221) SystemInfo: free sram: 88039 minimal sram: 76051
I (64339221) SystemInfo: free sram: 88039 minimal sram: 76051
I (64349221) SystemInfo: free sram: 88039 minimal sram: 76051
I (64359221) SystemInfo: free sram: 88039 minimal sram: 76051
I (64369221) SystemInfo: free sram: 88039 minimal sram: 76051
I (64379221) SystemInfo: free sram: 88039 minimal sram: 76051
I (64389221) SystemInfo: free sram: 88039 minimal sram: 76051
I (64399221) SystemInfo: free sram: 87999 minimal sram: 76051
I (64409221) SystemInfo: free sram: 88039 minimal sram: 76051
I (64419221) SystemInfo: free sram: 88039 minimal sram: 76051
I (64429221) SystemInfo: free sram: 88039 minimal sram: 76051
I (64439221) SystemInfo: free sram: 88039 minimal sram: 76051
I (64449221) SystemInfo: free sram: 88039 minimal sram: 76051
I (64459221) SystemInfo: free sram: 88039 minimal sram: 76051
I (64469221) SystemInfo: free sram: 88039 minimal sram: 76051
I (64479221) SystemInfo: free sram: 87999 minimal sram: 76051
I (64489221) SystemInfo: free sram: 88039 minimal sram: 76051
I (64499221) SystemInfo: free sram: 88039 minimal sram: 76051
I (64509221) SystemInfo: free sram: 87999 minimal sram: 76051
I (64519221) SystemInfo: free sram: 88039 minimal sram: 76051
I (64529221) SystemInfo: free sram: 88039 minimal sram: 76051
I (64539221) SystemInfo: free sram: 88039 minimal sram: 76051
I (64549221) SystemInfo: free sram: 88039 minimal sram: 76051
I (64559221) SystemInfo: free sram: 88039 minimal sram: 76051
I (64569221) SystemInfo: free sram: 88039 minimal sram: 76051
I (64579221) SystemInfo: free sram: 88039 minimal sram: 76051
I (64589221) SystemInfo: free sram: 88039 minimal sram: 76051
I (64599221) SystemInfo: free sram: 88039 minimal sram: 76051
I (64609221) SystemInfo: free sram: 88039 minimal sram: 76051
I (64619221) SystemInfo: free sram: 87999 minimal sram: 76051
I (64629221) SystemInfo: free sram: 88039 minimal sram: 76051
I (64639221) SystemInfo: free sram: 88039 minimal sram: 76051
I (64649221) SystemInfo: free sram: 88039 minimal sram: 76051
I (64659221) SystemInfo: free sram: 88039 minimal sram: 76051
I (64669221) SystemInfo: free sram: 88039 minimal sram: 76051
I (64679221) SystemInfo: free sram: 88039 minimal sram: 76051
I (64689221) SystemInfo: free sram: 88039 minimal sram: 76051
I (64699221) SystemInfo: free sram: 88039 minimal sram: 76051
I (64709221) SystemInfo: free sram: 88039 minimal sram: 76051
I (64719221) SystemInfo: free sram: 88039 minimal sram: 76051
I (64729221) SystemInfo: free sram: 87999 minimal sram: 76051
I (64739221) SystemInfo: free sram: 88039 minimal sram: 76051
I (64749221) SystemInfo: free sram: 88039 minimal sram: 76051
I (64759221) SystemInfo: free sram: 88039 minimal sram: 76051
I (64769221) SystemInfo: free sram: 88039 minimal sram: 76051
I (64779221) SystemInfo: free sram: 88039 minimal sram: 76051
I (64789221) SystemInfo: free sram: 88039 minimal sram: 76051
I (64799221) SystemInfo: free sram: 88039 minimal sram: 76051
I (64809221) SystemInfo: free sram: 88039 minimal sram: 76051
I (64819221) SystemInfo: free sram: 88039 minimal sram: 76051
I (64829221) SystemInfo: free sram: 88039 minimal sram: 76051
I (64839221) SystemInfo: free sram: 87999 minimal sram: 76051
I (64849221) SystemInfo: free sram: 88039 minimal sram: 76051
I (64859221) SystemInfo: free sram: 88039 minimal sram: 76051
I (64869221) SystemInfo: free sram: 88039 minimal sram: 76051
I (64879221) SystemInfo: free sram: 88039 minimal sram: 76051
I (64889221) SystemInfo: free sram: 88039 minimal sram: 76051
I (64899221) SystemInfo: free sram: 88039 minimal sram: 76051
I (64909221) SystemInfo: free sram: 88039 minimal sram: 76051
I (64919221) SystemInfo: free sram: 88039 minimal sram: 76051
I (64929221) SystemInfo: free sram: 88039 minimal sram: 76051
I (64939221) SystemInfo: free sram: 88039 minimal sram: 76051
I (64949221) SystemInfo: free sram: 87999 minimal sram: 76051
I (64959221) SystemInfo: free sram: 88039 minimal sram: 76051
I (64969221) SystemInfo: free sram: 88039 minimal sram: 76051
I (64979221) SystemInfo: free sram: 88039 minimal sram: 76051
I (64989221) SystemInfo: free sram: 88039 minimal sram: 76051
I (64999221) SystemInfo: free sram: 88039 minimal sram: 76051
I (65009221) SystemInfo: free sram: 88039 minimal sram: 76051
I (65019221) SystemInfo: free sram: 88039 minimal sram: 76051
I (65029221) SystemInfo: free sram: 88039 minimal sram: 76051
I (65039221) SystemInfo: free sram: 88039 minimal sram: 76051
I (65049221) SystemInfo: free sram: 88039 minimal sram: 76051
I (65059221) SystemInfo: free sram: 87999 minimal sram: 76051
I (65069221) SystemInfo: free sram: 88039 minimal sram: 76051
I (65079221) SystemInfo: free sram: 88039 minimal sram: 76051
I (65089221) SystemInfo: free sram: 88039 minimal sram: 76051
I (65099221) SystemInfo: free sram: 88039 minimal sram: 76051
I (65109221) SystemInfo: free sram: 88039 minimal sram: 76051
I (65119221) SystemInfo: free sram: 88039 minimal sram: 76051
I (65129221) SystemInfo: free sram: 88039 minimal sram: 76051
I (65139221) SystemInfo: free sram: 88039 minimal sram: 76051
I (65149221) SystemInfo: free sram: 88039 minimal sram: 76051
I (65159221) SystemInfo: free sram: 88039 minimal sram: 76051
I (65169221) SystemInfo: free sram: 87999 minimal sram: 76051
I (65179221) SystemInfo: free sram: 88039 minimal sram: 76051
I (65189221) SystemInfo: free sram: 88039 minimal sram: 76051
I (65199221) SystemInfo: free sram: 88039 minimal sram: 76051
I (65209221) SystemInfo: free sram: 88039 minimal sram: 76051
I (65219221) SystemInfo: free sram: 88039 minimal sram: 76051
I (65229221) SystemInfo: free sram: 88039 minimal sram: 76051
I (65239221) SystemInfo: free sram: 88039 minimal sram: 76051
I (65249221) SystemInfo: free sram: 88039 minimal sram: 76051
I (65259221) SystemInfo: free sram: 88039 minimal sram: 76051
I (65269221) SystemInfo: free sram: 88039 minimal sram: 76051
I (65279221) SystemInfo: free sram: 87999 minimal sram: 76051
I (65289221) SystemInfo: free sram: 88039 minimal sram: 76051
I (65299221) SystemInfo: free sram: 88039 minimal sram: 76051
I (65309221) SystemInfo: free sram: 88039 minimal sram: 76051
I (65319221) SystemInfo: free sram: 88039 minimal sram: 76051
I (65329221) SystemInfo: free sram: 88039 minimal sram: 76051
I (65339221) SystemInfo: free sram: 88039 minimal sram: 76051
I (65349221) SystemInfo: free sram: 88039 minimal sram: 76051
I (65359221) SystemInfo: free sram: 88039 minimal sram: 76051
I (65369221) SystemInfo: free sram: 88039 minimal sram: 76051
I (65379221) SystemInfo: free sram: 88039 minimal sram: 76051
I (65389221) SystemInfo: free sram: 87999 minimal sram: 76051
I (65399221) SystemInfo: free sram: 88039 minimal sram: 76051
I (65409221) SystemInfo: free sram: 88039 minimal sram: 76051
I (65419221) SystemInfo: free sram: 87999 minimal sram: 76051
I (65429221) SystemInfo: free sram: 88039 minimal sram: 76051
I (65439221) SystemInfo: free sram: 88039 minimal sram: 76051
I (65449221) SystemInfo: free sram: 88039 minimal sram: 76051
I (65459221) SystemInfo: free sram: 88039 minimal sram: 76051
I (65469221) SystemInfo: free sram: 88039 minimal sram: 76051
I (65479221) SystemInfo: free sram: 88039 minimal sram: 76051
I (65489221) SystemInfo: free sram: 88039 minimal sram: 76051
I (65499221) SystemInfo: free sram: 87999 minimal sram: 76051
I (65509221) SystemInfo: free sram: 88039 minimal sram: 76051
I (65519221) SystemInfo: free sram: 88039 minimal sram: 76051
I (65529221) SystemInfo: free sram: 88039 minimal sram: 76051
I (65539221) SystemInfo: free sram: 88039 minimal sram: 76051
I (65549221) SystemInfo: free sram: 88039 minimal sram: 76051
I (65559221) SystemInfo: free sram: 88039 minimal sram: 76051
I (65569221) SystemInfo: free sram: 88039 minimal sram: 76051
I (65579221) SystemInfo: free sram: 88039 minimal sram: 76051
I (65589221) SystemInfo: free sram: 88039 minimal sram: 76051
I (65599221) SystemInfo: free sram: 88039 minimal sram: 76051
I (65609221) SystemInfo: free sram: 87999 minimal sram: 76051
I (65619221) SystemInfo: free sram: 88039 minimal sram: 76051
I (65629221) SystemInfo: free sram: 88039 minimal sram: 76051
I (65639221) SystemInfo: free sram: 88039 minimal sram: 76051
I (65649221) SystemInfo: free sram: 88039 minimal sram: 76051
I (65659221) SystemInfo: free sram: 88039 minimal sram: 76051
I (65669221) SystemInfo: free sram: 88039 minimal sram: 76051
I (65679221) SystemInfo: free sram: 88039 minimal sram: 76051
I (65689221) SystemInfo: free sram: 88039 minimal sram: 76051
I (65699221) SystemInfo: free sram: 88039 minimal sram: 76051
I (65709221) SystemInfo: free sram: 88039 minimal sram: 76051
I (65719221) SystemInfo: free sram: 87999 minimal sram: 76051
I (65729221) SystemInfo: free sram: 88039 minimal sram: 76051
I (65739221) SystemInfo: free sram: 88039 minimal sram: 76051
I (65749221) SystemInfo: free sram: 88039 minimal sram: 76051
I (65759221) SystemInfo: free sram: 88039 minimal sram: 76051
I (65769221) SystemInfo: free sram: 88039 minimal sram: 76051
I (65779221) SystemInfo: free sram: 88039 minimal sram: 76051
I (65789221) SystemInfo: free sram: 88039 minimal sram: 76051
I (65799221) SystemInfo: free sram: 88039 minimal sram: 76051
I (65809221) SystemInfo: free sram: 88039 minimal sram: 76051
I (65819221) SystemInfo: free sram: 88039 minimal sram: 76051
I (65829221) SystemInfo: free sram: 87999 minimal sram: 76051
I (65839221) SystemInfo: free sram: 88039 minimal sram: 76051
I (65849221) SystemInfo: free sram: 88039 minimal sram: 76051
I (65859221) SystemInfo: free sram: 88039 minimal sram: 76051
I (65869221) SystemInfo: free sram: 88039 minimal sram: 76051
I (65879221) SystemInfo: free sram: 88039 minimal sram: 76051
I (65889221) SystemInfo: free sram: 88039 minimal sram: 76051
I (65899221) SystemInfo: free sram: 88039 minimal sram: 76051
I (65909221) SystemInfo: free sram: 88039 minimal sram: 76051
I (65919221) SystemInfo: free sram: 88039 minimal sram: 76051
I (65929221) SystemInfo: free sram: 88039 minimal sram: 76051
I (65939221) SystemInfo: free sram: 87999 minimal sram: 76051
I (65949221) SystemInfo: free sram: 88039 minimal sram: 76051
I (65959221) SystemInfo: free sram: 88039 minimal sram: 76051
I (65969221) SystemInfo: free sram: 88039 minimal sram: 76051
I (65979221) SystemInfo: free sram: 88039 minimal sram: 76051
I (65989221) SystemInfo: free sram: 88039 minimal sram: 76051
I (65999221) SystemInfo: free sram: 88039 minimal sram: 76051
I (66009221) SystemInfo: free sram: 88039 minimal sram: 76051
I (66019221) SystemInfo: free sram: 88039 minimal sram: 76051
I (66029221) SystemInfo: free sram: 88039 minimal sram: 76051
I (66039221) SystemInfo: free sram: 88039 minimal sram: 76051
I (66049221) SystemInfo: free sram: 87999 minimal sram: 76051
I (66059221) SystemInfo: free sram: 87999 minimal sram: 76051
I (66069221) SystemInfo: free sram: 88039 minimal sram: 76051
I (66079221) SystemInfo: free sram: 88039 minimal sram: 76051
I (66089221) SystemInfo: free sram: 88039 minimal sram: 76051
I (66099221) SystemInfo: free sram: 88039 minimal sram: 76051
I (66109221) SystemInfo: free sram: 88039 minimal sram: 76051
I (66119221) SystemInfo: free sram: 88039 minimal sram: 76051
I (66129221) SystemInfo: free sram: 88039 minimal sram: 76051
I (66139221) SystemInfo: free sram: 88039 minimal sram: 76051
I (66149221) SystemInfo: free sram: 88039 minimal sram: 76051
I (66159221) SystemInfo: free sram: 87999 minimal sram: 76051
I (66169221) SystemInfo: free sram: 88039 minimal sram: 76051
I (66179221) SystemInfo: free sram: 88039 minimal sram: 76051
I (66189221) SystemInfo: free sram: 88039 minimal sram: 76051
I (66199221) SystemInfo: free sram: 88039 minimal sram: 76051
I (66209221) SystemInfo: free sram: 88039 minimal sram: 76051
I (66219221) SystemInfo: free sram: 88039 minimal sram: 76051
I (66229221) SystemInfo: free sram: 88039 minimal sram: 76051
I (66239221) SystemInfo: free sram: 88039 minimal sram: 76051
I (66249221) SystemInfo: free sram: 88039 minimal sram: 76051
I (66259221) SystemInfo: free sram: 88039 minimal sram: 76051
I (66269221) SystemInfo: free sram: 87999 minimal sram: 76051
I (66279221) SystemInfo: free sram: 88039 minimal sram: 76051
I (66289221) SystemInfo: free sram: 88039 minimal sram: 76051
I (66299221) SystemInfo: free sram: 88039 minimal sram: 76051
I (66309221) SystemInfo: free sram: 88039 minimal sram: 76051
I (66319221) SystemInfo: free sram: 88039 minimal sram: 76051
I (66329221) SystemInfo: free sram: 88039 minimal sram: 76051
I (66339221) SystemInfo: free sram: 88039 minimal sram: 76051
I (66349221) SystemInfo: free sram: 88039 minimal sram: 76051
I (66359221) SystemInfo: free sram: 88039 minimal sram: 76051
I (66369221) SystemInfo: free sram: 88039 minimal sram: 76051
I (66379221) SystemInfo: free sram: 87999 minimal sram: 76051
I (66389221) SystemInfo: free sram: 88039 minimal sram: 76051
I (66399221) SystemInfo: free sram: 87999 minimal sram: 76051
I (66409221) SystemInfo: free sram: 88039 minimal sram: 76051
I (66419221) SystemInfo: free sram: 88039 minimal sram: 76051
I (66429221) SystemInfo: free sram: 88039 minimal sram: 76051
I (66439221) SystemInfo: free sram: 88039 minimal sram: 76051
I (66449221) SystemInfo: free sram: 88039 minimal sram: 76051
I (66459221) SystemInfo: free sram: 88039 minimal sram: 76051
I (66469221) SystemInfo: free sram: 88039 minimal sram: 76051
I (66479221) SystemInfo: free sram: 88039 minimal sram: 76051
I (66489221) SystemInfo: free sram: 87999 minimal sram: 76051
I (66499221) SystemInfo: free sram: 88039 minimal sram: 76051
I (66509221) SystemInfo: free sram: 88039 minimal sram: 76051
I (66519221) SystemInfo: free sram: 88039 minimal sram: 76051
I (66529221) SystemInfo: free sram: 88039 minimal sram: 76051
I (66539221) SystemInfo: free sram: 88039 minimal sram: 76051
I (66549221) SystemInfo: free sram: 88039 minimal sram: 76051
I (66559221) SystemInfo: free sram: 88039 minimal sram: 76051
I (66569221) SystemInfo: free sram: 88039 minimal sram: 76051
I (66579221) SystemInfo: free sram: 88039 minimal sram: 76051
I (66589221) SystemInfo: free sram: 88039 minimal sram: 76051
I (66599221) SystemInfo: free sram: 87999 minimal sram: 76051
I (66609221) SystemInfo: free sram: 88039 minimal sram: 76051
I (66619221) SystemInfo: free sram: 88039 minimal sram: 76051
I (66629221) SystemInfo: free sram: 88039 minimal sram: 76051
I (66639221) SystemInfo: free sram: 88039 minimal sram: 76051
I (66649221) SystemInfo: free sram: 88039 minimal sram: 76051
I (66659221) SystemInfo: free sram: 88039 minimal sram: 76051
I (66669221) SystemInfo: free sram: 88039 minimal sram: 76051
I (66679221) SystemInfo: free sram: 88039 minimal sram: 76051
I (66689221) SystemInfo: free sram: 88039 minimal sram: 76051
I (66699221) SystemInfo: free sram: 87999 minimal sram: 76051
I (66709221) SystemInfo: free sram: 87999 minimal sram: 76051
I (66719221) SystemInfo: free sram: 88039 minimal sram: 76051
I (66729221) SystemInfo: free sram: 88039 minimal sram: 76051
I (66739221) SystemInfo: free sram: 88039 minimal sram: 76051
I (66749221) SystemInfo: free sram: 88039 minimal sram: 76051
I (66759221) SystemInfo: free sram: 88039 minimal sram: 76051
I (66769221) SystemInfo: free sram: 88039 minimal sram: 76051
I (66779221) SystemInfo: free sram: 88039 minimal sram: 76051
I (66789221) SystemInfo: free sram: 88039 minimal sram: 76051
I (66799221) SystemInfo: free sram: 88039 minimal sram: 76051
I (66809221) SystemInfo: free sram: 88039 minimal sram: 76051
I (66819221) SystemInfo: free sram: 87999 minimal sram: 76051
I (66829221) SystemInfo: free sram: 88039 minimal sram: 76051
I (66839221) SystemInfo: free sram: 88039 minimal sram: 76051
I (66849221) SystemInfo: free sram: 88039 minimal sram: 76051
I (66859221) SystemInfo: free sram: 88039 minimal sram: 76051
I (66869221) SystemInfo: free sram: 88039 minimal sram: 76051
I (66879221) SystemInfo: free sram: 88039 minimal sram: 76051
I (66889221) SystemInfo: free sram: 88039 minimal sram: 76051
I (66899221) SystemInfo: free sram: 88039 minimal sram: 76051
I (66909221) SystemInfo: free sram: 88039 minimal sram: 76051
I (66919221) SystemInfo: free sram: 88039 minimal sram: 76051
I (66929221) SystemInfo: free sram: 87999 minimal sram: 76051
I (66939221) SystemInfo: free sram: 88039 minimal sram: 76051
I (66949221) SystemInfo: free sram: 88039 minimal sram: 76051
I (66959221) SystemInfo: free sram: 88039 minimal sram: 76051
I (66969221) SystemInfo: free sram: 88039 minimal sram: 76051
I (66979221) SystemInfo: free sram: 88039 minimal sram: 76051
I (66989221) SystemInfo: free sram: 88039 minimal sram: 76051
I (66999221) SystemInfo: free sram: 88039 minimal sram: 76051
I (67009221) SystemInfo: free sram: 88039 minimal sram: 76051
I (67019221) SystemInfo: free sram: 88039 minimal sram: 76051
I (67029221) SystemInfo: free sram: 88039 minimal sram: 76051
I (67039221) SystemInfo: free sram: 87999 minimal sram: 76051
I (67049221) SystemInfo: free sram: 88039 minimal sram: 76051
I (67059221) SystemInfo: free sram: 88039 minimal sram: 76051
I (67069221) SystemInfo: free sram: 88039 minimal sram: 76051
I (67079221) SystemInfo: free sram: 88039 minimal sram: 76051
I (67089221) SystemInfo: free sram: 88039 minimal sram: 76051
I (67099221) SystemInfo: free sram: 88039 minimal sram: 76051
I (67109221) SystemInfo: free sram: 88039 minimal sram: 76051
I (67119221) SystemInfo: free sram: 88039 minimal sram: 76051
I (67129221) SystemInfo: free sram: 88039 minimal sram: 76051
I (67139221) SystemInfo: free sram: 88039 minimal sram: 76051
I (67149221) SystemInfo: free sram: 87999 minimal sram: 76051
I (67159221) SystemInfo: free sram: 88039 minimal sram: 76051
I (67169221) SystemInfo: free sram: 88039 minimal sram: 76051
I (67179221) SystemInfo: free sram: 88039 minimal sram: 76051
I (67189221) SystemInfo: free sram: 88039 minimal sram: 76051
I (67199221) SystemInfo: free sram: 88039 minimal sram: 76051
I (67209221) SystemInfo: free sram: 88039 minimal sram: 76051
I (67219221) SystemInfo: free sram: 88039 minimal sram: 76051
I (67229221) SystemInfo: free sram: 88039 minimal sram: 76051
I (67239221) SystemInfo: free sram: 88039 minimal sram: 76051
I (67249221) SystemInfo: free sram: 88039 minimal sram: 76051
I (67259221) SystemInfo: free sram: 87999 minimal sram: 76051
I (67269221) SystemInfo: free sram: 88039 minimal sram: 76051
I (67279221) SystemInfo: free sram: 88039 minimal sram: 76051
I (67289221) SystemInfo: free sram: 88039 minimal sram: 76051
I (67299221) SystemInfo: free sram: 88039 minimal sram: 76051
I (67309221) SystemInfo: free sram: 88039 minimal sram: 76051
I (67319221) SystemInfo: free sram: 88039 minimal sram: 76051
I (67329221) SystemInfo: free sram: 88039 minimal sram: 76051
I (67339221) SystemInfo: free sram: 87999 minimal sram: 76051
I (67349221) SystemInfo: free sram: 88039 minimal sram: 76051
I (67359221) SystemInfo: free sram: 88039 minimal sram: 76051
I (67369221) SystemInfo: free sram: 87999 minimal sram: 76051
I (67379221) SystemInfo: free sram: 88039 minimal sram: 76051
I (67389221) SystemInfo: free sram: 88039 minimal sram: 76051
I (67399221) SystemInfo: free sram: 88039 minimal sram: 76051
I (67409221) SystemInfo: free sram: 88039 minimal sram: 76051
I (67419221) SystemInfo: free sram: 88039 minimal sram: 76051
I (67429221) SystemInfo: free sram: 88039 minimal sram: 76051
I (67439221) SystemInfo: free sram: 88039 minimal sram: 76051
I (67449221) SystemInfo: free sram: 88039 minimal sram: 76051
I (67459221) SystemInfo: free sram: 88039 minimal sram: 76051
I (67469221) SystemInfo: free sram: 88039 minimal sram: 76051
I (67479221) SystemInfo: free sram: 87999 minimal sram: 76051
I (67489221) SystemInfo: free sram: 88039 minimal sram: 76051
I (67499221) SystemInfo: free sram: 88039 minimal sram: 76051
I (67509221) SystemInfo: free sram: 88039 minimal sram: 76051
I (67519221) SystemInfo: free sram: 88039 minimal sram: 76051
I (67529221) SystemInfo: free sram: 88039 minimal sram: 76051
I (67539221) SystemInfo: free sram: 88039 minimal sram: 76051
I (67549221) SystemInfo: free sram: 88039 minimal sram: 76051
I (67559221) SystemInfo: free sram: 88039 minimal sram: 76051
I (67569221) SystemInfo: free sram: 88039 minimal sram: 76051
I (67579221) SystemInfo: free sram: 88039 minimal sram: 76051
I (67589221) SystemInfo: free sram: 87999 minimal sram: 76051
I (67599221) SystemInfo: free sram: 88039 minimal sram: 76051
I (67609221) SystemInfo: free sram: 88039 minimal sram: 76051
I (67619221) SystemInfo: free sram: 88039 minimal sram: 76051
I (67629221) SystemInfo: free sram: 88039 minimal sram: 76051
I (67639221) SystemInfo: free sram: 88039 minimal sram: 76051
I (67649221) SystemInfo: free sram: 88039 minimal sram: 76051
I (67659221) SystemInfo: free sram: 88039 minimal sram: 76051
I (67669221) SystemInfo: free sram: 88039 minimal sram: 76051
I (67679221) SystemInfo: free sram: 88039 minimal sram: 76051
I (67689221) SystemInfo: free sram: 88039 minimal sram: 76051
I (67699221) SystemInfo: free sram: 87999 minimal sram: 76051
I (67709221) SystemInfo: free sram: 88039 minimal sram: 76051
I (67719221) SystemInfo: free sram: 88039 minimal sram: 76051
I (67729221) SystemInfo: free sram: 88039 minimal sram: 76051
I (67739221) SystemInfo: free sram: 88039 minimal sram: 76051
I (67749221) SystemInfo: free sram: 88039 minimal sram: 76051
I (67759221) SystemInfo: free sram: 88039 minimal sram: 76051
I (67769221) SystemInfo: free sram: 88039 minimal sram: 76051
I (67779221) SystemInfo: free sram: 88039 minimal sram: 76051
I (67789221) SystemInfo: free sram: 88039 minimal sram: 76051
I (67799221) SystemInfo: free sram: 88039 minimal sram: 76051
I (67809221) SystemInfo: free sram: 87999 minimal sram: 76051
I (67819221) SystemInfo: free sram: 88039 minimal sram: 76051
I (67829221) SystemInfo: free sram: 88039 minimal sram: 76051
I (67839221) SystemInfo: free sram: 88039 minimal sram: 76051
I (67849221) SystemInfo: free sram: 88039 minimal sram: 76051
I (67859221) SystemInfo: free sram: 88039 minimal sram: 76051
I (67869221) SystemInfo: free sram: 88039 minimal sram: 76051
I (67879221) SystemInfo: free sram: 88039 minimal sram: 76051
I (67889221) SystemInfo: free sram: 88039 minimal sram: 76051
I (67899221) SystemInfo: free sram: 88039 minimal sram: 76051
I (67909221) SystemInfo: free sram: 88039 minimal sram: 76051
I (67919221) SystemInfo: free sram: 87999 minimal sram: 76051
I (67929221) SystemInfo: free sram: 88039 minimal sram: 76051
I (67939221) SystemInfo: free sram: 88039 minimal sram: 76051
I (67949221) SystemInfo: free sram: 88039 minimal sram: 76051
I (67959221) SystemInfo: free sram: 88039 minimal sram: 76051
I (67969221) SystemInfo: free sram: 88039 minimal sram: 76051
I (67979221) SystemInfo: free sram: 87999 minimal sram: 76051
I (67989221) SystemInfo: free sram: 88039 minimal sram: 76051
I (67999221) SystemInfo: free sram: 88039 minimal sram: 76051
I (68009221) SystemInfo: free sram: 88039 minimal sram: 76051
I (68019221) SystemInfo: free sram: 88039 minimal sram: 76051
I (68029221) SystemInfo: free sram: 87999 minimal sram: 76051
I (68039221) SystemInfo: free sram: 88039 minimal sram: 76051
I (68049221) SystemInfo: free sram: 88039 minimal sram: 76051
I (68059221) SystemInfo: free sram: 88039 minimal sram: 76051
I (68069221) SystemInfo: free sram: 88039 minimal sram: 76051
I (68079221) SystemInfo: free sram: 88039 minimal sram: 76051
I (68089221) SystemInfo: free sram: 88039 minimal sram: 76051
I (68099221) SystemInfo: free sram: 88039 minimal sram: 76051
I (68109221) SystemInfo: free sram: 88039 minimal sram: 76051
I (68119221) SystemInfo: free sram: 88039 minimal sram: 76051
I (68129221) SystemInfo: free sram: 88039 minimal sram: 76051
I (68139221) SystemInfo: free sram: 87999 minimal sram: 76051
I (68149221) SystemInfo: free sram: 88039 minimal sram: 76051
I (68159221) SystemInfo: free sram: 88039 minimal sram: 76051
I (68169221) SystemInfo: free sram: 88039 minimal sram: 76051
I (68179221) SystemInfo: free sram: 88039 minimal sram: 76051
I (68189221) SystemInfo: free sram: 88039 minimal sram: 76051
I (68199221) SystemInfo: free sram: 88039 minimal sram: 76051
I (68209221) SystemInfo: free sram: 88039 minimal sram: 76051
I (68219221) SystemInfo: free sram: 88039 minimal sram: 76051
I (68229221) SystemInfo: free sram: 88039 minimal sram: 76051
I (68239221) SystemInfo: free sram: 88039 minimal sram: 76051
I (68249221) SystemInfo: free sram: 87999 minimal sram: 76051
I (68259221) SystemInfo: free sram: 88039 minimal sram: 76051
I (68269221) SystemInfo: free sram: 88039 minimal sram: 76051
I (68279221) SystemInfo: free sram: 88039 minimal sram: 76051
I (68289221) SystemInfo: free sram: 88039 minimal sram: 76051
I (68299221) SystemInfo: free sram: 88039 minimal sram: 76051
I (68309221) SystemInfo: free sram: 88039 minimal sram: 76051
I (68319221) SystemInfo: free sram: 88039 minimal sram: 76051
I (68329221) SystemInfo: free sram: 88039 minimal sram: 76051
I (68339221) SystemInfo: free sram: 88039 minimal sram: 76051
I (68349221) SystemInfo: free sram: 88039 minimal sram: 76051
I (68359221) SystemInfo: free sram: 87999 minimal sram: 76051
I (68369221) SystemInfo: free sram: 88039 minimal sram: 76051
I (68379221) SystemInfo: free sram: 88039 minimal sram: 76051
I (68389221) SystemInfo: free sram: 88039 minimal sram: 76051
I (68399221) SystemInfo: free sram: 88039 minimal sram: 76051
I (68409221) SystemInfo: free sram: 88039 minimal sram: 76051
I (68419221) SystemInfo: free sram: 88039 minimal sram: 76051
I (68429221) SystemInfo: free sram: 88039 minimal sram: 76051
I (68439221) SystemInfo: free sram: 88039 minimal sram: 76051
I (68449221) SystemInfo: free sram: 88039 minimal sram: 76051
I (68459221) SystemInfo: free sram: 88039 minimal sram: 76051
I (68469221) SystemInfo: free sram: 87999 minimal sram: 76051
I (68479221) SystemInfo: free sram: 88039 minimal sram: 76051
I (68489221) SystemInfo: free sram: 88039 minimal sram: 76051
I (68499221) SystemInfo: free sram: 88039 minimal sram: 76051
I (68509221) SystemInfo: free sram: 88039 minimal sram: 76051
I (68519221) SystemInfo: free sram: 88039 minimal sram: 76051
I (68529221) SystemInfo: free sram: 88039 minimal sram: 76051
I (68539221) SystemInfo: free sram: 88039 minimal sram: 76051
I (68549221) SystemInfo: free sram: 88039 minimal sram: 76051
I (68559221) SystemInfo: free sram: 88039 minimal sram: 76051
I (68569221) SystemInfo: free sram: 88039 minimal sram: 76051
I (68579221) SystemInfo: free sram: 87999 minimal sram: 76051
I (68589221) SystemInfo: free sram: 88039 minimal sram: 76051
I (68599221) SystemInfo: free sram: 88039 minimal sram: 76051
I (68609221) SystemInfo: free sram: 88039 minimal sram: 76051
I (68619221) SystemInfo: free sram: 87999 minimal sram: 76051
I (68629221) SystemInfo: free sram: 88039 minimal sram: 76051
I (68639221) SystemInfo: free sram: 88039 minimal sram: 76051
I (68649221) SystemInfo: free sram: 88039 minimal sram: 76051
I (68659221) SystemInfo: free sram: 87999 minimal sram: 76051
I (68669221) SystemInfo: free sram: 88039 minimal sram: 76051
I (68679221) SystemInfo: free sram: 88039 minimal sram: 76051
I (68689221) SystemInfo: free sram: 87999 minimal sram: 76051
I (68699221) SystemInfo: free sram: 88039 minimal sram: 76051
I (68709221) SystemInfo: free sram: 88039 minimal sram: 76051
I (68719221) SystemInfo: free sram: 88039 minimal sram: 76051
I (68729221) SystemInfo: free sram: 88039 minimal sram: 76051
I (68739221) SystemInfo: free sram: 88039 minimal sram: 76051
I (68749221) SystemInfo: free sram: 88039 minimal sram: 76051
I (68759221) SystemInfo: free sram: 88039 minimal sram: 76051
I (68769221) SystemInfo: free sram: 88039 minimal sram: 76051
I (68779221) SystemInfo: free sram: 88039 minimal sram: 76051
I (68789221) SystemInfo: free sram: 87999 minimal sram: 76051
I (68799221) SystemInfo: free sram: 87999 minimal sram: 76051
I (68809221) SystemInfo: free sram: 88039 minimal sram: 76051
I (68819221) SystemInfo: free sram: 88039 minimal sram: 76051
I (68829221) SystemInfo: free sram: 88039 minimal sram: 76051
I (68839221) SystemInfo: free sram: 88039 minimal sram: 76051
I (68849221) SystemInfo: free sram: 88039 minimal sram: 76051
I (68859221) SystemInfo: free sram: 88039 minimal sram: 76051
I (68869221) SystemInfo: free sram: 88039 minimal sram: 76051
I (68879221) SystemInfo: free sram: 88039 minimal sram: 76051
I (68889221) SystemInfo: free sram: 88039 minimal sram: 76051
I (68899221) SystemInfo: free sram: 88039 minimal sram: 76051
I (68909221) SystemInfo: free sram: 87999 minimal sram: 76051
I (68919221) SystemInfo: free sram: 88039 minimal sram: 76051
I (68929221) SystemInfo: free sram: 88039 minimal sram: 76051
I (68939221) SystemInfo: free sram: 88039 minimal sram: 76051
I (68949221) SystemInfo: free sram: 88039 minimal sram: 76051
I (68959221) SystemInfo: free sram: 88039 minimal sram: 76051
I (68969221) SystemInfo: free sram: 88039 minimal sram: 76051
I (68979221) SystemInfo: free sram: 88039 minimal sram: 76051
I (68989221) SystemInfo: free sram: 88039 minimal sram: 76051
I (68999221) SystemInfo: free sram: 88039 minimal sram: 76051
I (69009221) SystemInfo: free sram: 88039 minimal sram: 76051
I (69019221) SystemInfo: free sram: 87999 minimal sram: 76051
I (69029221) SystemInfo: free sram: 88039 minimal sram: 76051
I (69039221) SystemInfo: free sram: 88039 minimal sram: 76051
I (69049221) SystemInfo: free sram: 88039 minimal sram: 76051
I (69059221) SystemInfo: free sram: 88039 minimal sram: 76051
I (69069221) SystemInfo: free sram: 88039 minimal sram: 76051
I (69079221) SystemInfo: free sram: 88039 minimal sram: 76051
I (69089221) SystemInfo: free sram: 88039 minimal sram: 76051
I (69099221) SystemInfo: free sram: 88039 minimal sram: 76051
I (69109221) SystemInfo: free sram: 88039 minimal sram: 76051
I (69119221) SystemInfo: free sram: 88039 minimal sram: 76051
I (69129221) SystemInfo: free sram: 87999 minimal sram: 76051
I (69139221) SystemInfo: free sram: 88039 minimal sram: 76051
I (69149221) SystemInfo: free sram: 88039 minimal sram: 76051
I (69159221) SystemInfo: free sram: 88039 minimal sram: 76051
I (69169221) SystemInfo: free sram: 88039 minimal sram: 76051
I (69179221) SystemInfo: free sram: 88039 minimal sram: 76051
I (69189221) SystemInfo: free sram: 88039 minimal sram: 76051
I (69199221) SystemInfo: free sram: 88039 minimal sram: 76051
I (69209221) SystemInfo: free sram: 88039 minimal sram: 76051
I (69219221) SystemInfo: free sram: 88039 minimal sram: 76051
I (69229221) SystemInfo: free sram: 88039 minimal sram: 76051
I (69239221) SystemInfo: free sram: 87999 minimal sram: 76051
I (69249221) SystemInfo: free sram: 88039 minimal sram: 76051
I (69259221) SystemInfo: free sram: 87999 minimal sram: 76051
I (69269221) SystemInfo: free sram: 88039 minimal sram: 76051
I (69279221) SystemInfo: free sram: 88039 minimal sram: 76051
I (69289221) SystemInfo: free sram: 88039 minimal sram: 76051
I (69299221) SystemInfo: free sram: 88039 minimal sram: 76051
I (69309221) SystemInfo: free sram: 88039 minimal sram: 76051
I (69319221) SystemInfo: free sram: 88039 minimal sram: 76051
I (69329221) SystemInfo: free sram: 88039 minimal sram: 76051
I (69339221) SystemInfo: free sram: 88039 minimal sram: 76051
I (69349221) SystemInfo: free sram: 87999 minimal sram: 76051
I (69359221) SystemInfo: free sram: 88039 minimal sram: 76051
I (69369221) SystemInfo: free sram: 88039 minimal sram: 76051
I (69379221) SystemInfo: free sram: 88039 minimal sram: 76051
I (69389221) SystemInfo: free sram: 88039 minimal sram: 76051
I (69399221) SystemInfo: free sram: 88039 minimal sram: 76051
I (69409221) SystemInfo: free sram: 88039 minimal sram: 76051
I (69419221) SystemInfo: free sram: 88039 minimal sram: 76051
I (69429221) SystemInfo: free sram: 88039 minimal sram: 76051
I (69439221) SystemInfo: free sram: 88039 minimal sram: 76051
I (69449221) SystemInfo: free sram: 88039 minimal sram: 76051
I (69459221) SystemInfo: free sram: 87999 minimal sram: 76051
I (69469221) SystemInfo: free sram: 88039 minimal sram: 76051
I (69479221) SystemInfo: free sram: 88039 minimal sram: 76051
I (69489221) SystemInfo: free sram: 88039 minimal sram: 76051
I (69499221) SystemInfo: free sram: 88039 minimal sram: 76051
I (69509221) SystemInfo: free sram: 88039 minimal sram: 76051
I (69519221) SystemInfo: free sram: 88039 minimal sram: 76051
I (69529221) SystemInfo: free sram: 88039 minimal sram: 76051
I (69539221) SystemInfo: free sram: 88039 minimal sram: 76051
I (69549221) SystemInfo: free sram: 88039 minimal sram: 76051
I (69559221) SystemInfo: free sram: 88039 minimal sram: 76051
I (69569221) SystemInfo: free sram: 87999 minimal sram: 76051
I (69579221) SystemInfo: free sram: 88039 minimal sram: 76051
I (69589221) SystemInfo: free sram: 88039 minimal sram: 76051
I (69599221) SystemInfo: free sram: 87999 minimal sram: 76051
I (69609221) SystemInfo: free sram: 88039 minimal sram: 76051
I (69619221) SystemInfo: free sram: 88039 minimal sram: 76051
I (69629221) SystemInfo: free sram: 88039 minimal sram: 76051
I (69639221) SystemInfo: free sram: 88039 minimal sram: 76051
I (69649221) SystemInfo: free sram: 88039 minimal sram: 76051
I (69659221) SystemInfo: free sram: 88039 minimal sram: 76051
I (69669221) SystemInfo: free sram: 88039 minimal sram: 76051
I (69679221) SystemInfo: free sram: 87999 minimal sram: 76051
I (69689221) SystemInfo: free sram: 88039 minimal sram: 76051
I (69699221) SystemInfo: free sram: 88039 minimal sram: 76051
I (69709221) SystemInfo: free sram: 88039 minimal sram: 76051
I (69719221) SystemInfo: free sram: 88039 minimal sram: 76051
I (69729221) SystemInfo: free sram: 88039 minimal sram: 76051
I (69739221) SystemInfo: free sram: 88039 minimal sram: 76051
I (69749221) SystemInfo: free sram: 88039 minimal sram: 76051
I (69759221) SystemInfo: free sram: 88039 minimal sram: 76051
I (69769221) SystemInfo: free sram: 88039 minimal sram: 76051
I (69779221) SystemInfo: free sram: 88039 minimal sram: 76051
I (69789221) SystemInfo: free sram: 87999 minimal sram: 76051
I (69799221) SystemInfo: free sram: 88039 minimal sram: 76051
I (69809221) SystemInfo: free sram: 88039 minimal sram: 76051
I (69819221) SystemInfo: free sram: 88039 minimal sram: 76051
I (69829221) SystemInfo: free sram: 88039 minimal sram: 76051
I (69839221) SystemInfo: free sram: 88039 minimal sram: 76051
I (69849221) SystemInfo: free sram: 88039 minimal sram: 76051
I (69859221) SystemInfo: free sram: 88039 minimal sram: 76051
I (69869221) SystemInfo: free sram: 88039 minimal sram: 76051
I (69879221) SystemInfo: free sram: 88039 minimal sram: 76051
I (69889221) SystemInfo: free sram: 88039 minimal sram: 76051
I (69899221) SystemInfo: free sram: 87959 minimal sram: 76051
I (69909221) SystemInfo: free sram: 88039 minimal sram: 76051
I (69919221) SystemInfo: free sram: 88039 minimal sram: 76051
I (69929221) SystemInfo: free sram: 88039 minimal sram: 76051
I (69939221) SystemInfo: free sram: 87999 minimal sram: 76051
I (69949221) SystemInfo: free sram: 88039 minimal sram: 76051
I (69959221) SystemInfo: free sram: 88039 minimal sram: 76051
I (69969221) SystemInfo: free sram: 88039 minimal sram: 76051
I (69979221) SystemInfo: free sram: 88039 minimal sram: 76051
I (69989221) SystemInfo: free sram: 88039 minimal sram: 76051
I (69999221) SystemInfo: free sram: 88039 minimal sram: 76051
I (70009221) SystemInfo: free sram: 87999 minimal sram: 76051
I (70019221) SystemInfo: free sram: 88039 minimal sram: 76051
I (70029221) SystemInfo: free sram: 88039 minimal sram: 76051
I (70039221) SystemInfo: free sram: 88039 minimal sram: 76051
I (70049221) SystemInfo: free sram: 88039 minimal sram: 76051
I (70059221) SystemInfo: free sram: 88039 minimal sram: 76051
I (70069221) SystemInfo: free sram: 88039 minimal sram: 76051
I (70079221) SystemInfo: free sram: 88039 minimal sram: 76051
I (70089221) SystemInfo: free sram: 88039 minimal sram: 76051
I (70099221) SystemInfo: free sram: 88039 minimal sram: 76051
I (70109221) SystemInfo: free sram: 88039 minimal sram: 76051
I (70119221) SystemInfo: free sram: 87999 minimal sram: 76051
I (70129221) SystemInfo: free sram: 88039 minimal sram: 76051
I (70139221) SystemInfo: free sram: 88039 minimal sram: 76051
I (70149221) SystemInfo: free sram: 88039 minimal sram: 76051
I (70159221) SystemInfo: free sram: 88039 minimal sram: 76051
I (70169221) SystemInfo: free sram: 88039 minimal sram: 76051
I (70179221) SystemInfo: free sram: 88039 minimal sram: 76051
I (70189221) SystemInfo: free sram: 88039 minimal sram: 76051
I (70199221) SystemInfo: free sram: 88039 minimal sram: 76051
I (70209221) SystemInfo: free sram: 88039 minimal sram: 76051
I (70219221) SystemInfo: free sram: 88039 minimal sram: 76051
I (70229221) SystemInfo: free sram: 87999 minimal sram: 76051
I (70239221) SystemInfo: free sram: 88039 minimal sram: 76051
I (70249221) SystemInfo: free sram: 88039 minimal sram: 76051
I (70259221) SystemInfo: free sram: 88039 minimal sram: 76051
I (70269221) SystemInfo: free sram: 88039 minimal sram: 76051
I (70279221) SystemInfo: free sram: 88039 minimal sram: 76051
I (70289221) SystemInfo: free sram: 88039 minimal sram: 76051
I (70299221) SystemInfo: free sram: 88039 minimal sram: 76051
I (70309221) SystemInfo: free sram: 88039 minimal sram: 76051
I (70319221) SystemInfo: free sram: 88039 minimal sram: 76051
I (70329221) SystemInfo: free sram: 88039 minimal sram: 76051
I (70339221) SystemInfo: free sram: 87999 minimal sram: 76051
I (70349221) SystemInfo: free sram: 88039 minimal sram: 76051
I (70359221) SystemInfo: free sram: 88039 minimal sram: 76051
I (70369221) SystemInfo: free sram: 88039 minimal sram: 76051
I (70379221) SystemInfo: free sram: 88039 minimal sram: 76051
I (70389221) SystemInfo: free sram: 88039 minimal sram: 76051
I (70399221) SystemInfo: free sram: 88039 minimal sram: 76051
I (70409221) SystemInfo: free sram: 88039 minimal sram: 76051
I (70419221) SystemInfo: free sram: 88039 minimal sram: 76051
I (70429221) SystemInfo: free sram: 88039 minimal sram: 76051
I (70439221) SystemInfo: free sram: 88039 minimal sram: 76051
I (70449221) SystemInfo: free sram: 87999 minimal sram: 76051
I (70459221) SystemInfo: free sram: 88039 minimal sram: 76051
I (70469221) SystemInfo: free sram: 88039 minimal sram: 76051
I (70479221) SystemInfo: free sram: 88039 minimal sram: 76051
I (70489221) SystemInfo: free sram: 88039 minimal sram: 76051
I (70499221) SystemInfo: free sram: 88039 minimal sram: 76051
I (70509221) SystemInfo: free sram: 88039 minimal sram: 76051
I (70519221) SystemInfo: free sram: 88039 minimal sram: 76051
I (70529221) SystemInfo: free sram: 88039 minimal sram: 76051
I (70539221) SystemInfo: free sram: 87999 minimal sram: 76051
I (70549221) SystemInfo: free sram: 88039 minimal sram: 76051
I (70559221) SystemInfo: free sram: 87999 minimal sram: 76051
I (70569221) SystemInfo: free sram: 88039 minimal sram: 76051
I (70579221) SystemInfo: free sram: 88039 minimal sram: 76051
I (70589221) SystemInfo: free sram: 88039 minimal sram: 76051
I (70599221) SystemInfo: free sram: 88039 minimal sram: 76051
I (70609221) SystemInfo: free sram: 88039 minimal sram: 76051
I (70619221) SystemInfo: free sram: 88039 minimal sram: 76051
I (70629221) SystemInfo: free sram: 88039 minimal sram: 76051
I (70639221) SystemInfo: free sram: 88039 minimal sram: 76051
I (70649221) SystemInfo: free sram: 88039 minimal sram: 76051
I (70659221) SystemInfo: free sram: 88039 minimal sram: 76051
I (70669221) SystemInfo: free sram: 87999 minimal sram: 76051
I (70679221) SystemInfo: free sram: 88039 minimal sram: 76051
I (70689221) SystemInfo: free sram: 88039 minimal sram: 76051
I (70699221) SystemInfo: free sram: 88039 minimal sram: 76051
I (70709221) SystemInfo: free sram: 88039 minimal sram: 76051
I (70719221) SystemInfo: free sram: 88039 minimal sram: 76051
I (70729221) SystemInfo: free sram: 88039 minimal sram: 76051
I (70739221) SystemInfo: free sram: 88039 minimal sram: 76051
I (70749221) SystemInfo: free sram: 88039 minimal sram: 76051
I (70759221) SystemInfo: free sram: 88039 minimal sram: 76051
I (70769221) SystemInfo: free sram: 88039 minimal sram: 76051
I (70779221) SystemInfo: free sram: 87999 minimal sram: 76051
I (70789221) SystemInfo: free sram: 88039 minimal sram: 76051
I (70799221) SystemInfo: free sram: 88039 minimal sram: 76051
I (70809221) SystemInfo: free sram: 88039 minimal sram: 76051
I (70819221) SystemInfo: free sram: 88039 minimal sram: 76051
I (70829221) SystemInfo: free sram: 88039 minimal sram: 76051
I (70839221) SystemInfo: free sram: 88039 minimal sram: 76051
I (70849221) SystemInfo: free sram: 88039 minimal sram: 76051
I (70859221) SystemInfo: free sram: 88039 minimal sram: 76051
I (70869221) SystemInfo: free sram: 88039 minimal sram: 76051
I (70879221) SystemInfo: free sram: 88039 minimal sram: 76051
I (70889221) SystemInfo: free sram: 87999 minimal sram: 76051
I (70899221) SystemInfo: free sram: 88039 minimal sram: 76051
I (70909221) SystemInfo: free sram: 88039 minimal sram: 76051
I (70919221) SystemInfo: free sram: 88039 minimal sram: 76051
I (70929221) SystemInfo: free sram: 88039 minimal sram: 76051
I (70939221) SystemInfo: free sram: 88039 minimal sram: 76051
I (70949221) SystemInfo: free sram: 88039 minimal sram: 76051
I (70959221) SystemInfo: free sram: 88039 minimal sram: 76051
I (70969221) SystemInfo: free sram: 88039 minimal sram: 76051
I (70979221) SystemInfo: free sram: 88039 minimal sram: 76051
I (70989221) SystemInfo: free sram: 88039 minimal sram: 76051
I (70999221) SystemInfo: free sram: 87999 minimal sram: 76051
I (71009221) SystemInfo: free sram: 88039 minimal sram: 76051
I (71019221) SystemInfo: free sram: 88039 minimal sram: 76051
I (71029221) SystemInfo: free sram: 88039 minimal sram: 76051
I (71039221) SystemInfo: free sram: 88039 minimal sram: 76051
I (71049221) SystemInfo: free sram: 88039 minimal sram: 76051
I (71059221) SystemInfo: free sram: 88039 minimal sram: 76051
I (71069221) SystemInfo: free sram: 88039 minimal sram: 76051
I (71079221) SystemInfo: free sram: 88039 minimal sram: 76051
I (71089221) SystemInfo: free sram: 88039 minimal sram: 76051
I (71099221) SystemInfo: free sram: 88039 minimal sram: 76051
I (71109221) SystemInfo: free sram: 87999 minimal sram: 76051
I (71119221) SystemInfo: free sram: 88039 minimal sram: 76051
I (71129221) SystemInfo: free sram: 88039 minimal sram: 76051
I (71139221) SystemInfo: free sram: 88039 minimal sram: 76051
I (71149221) SystemInfo: free sram: 88039 minimal sram: 76051
I (71159221) SystemInfo: free sram: 88039 minimal sram: 76051
I (71169221) SystemInfo: free sram: 88039 minimal sram: 76051
I (71179221) SystemInfo: free sram: 87999 minimal sram: 76051
I (71189221) SystemInfo: free sram: 88039 minimal sram: 76051
I (71199221) SystemInfo: free sram: 88039 minimal sram: 76051
I (71209221) SystemInfo: free sram: 88039 minimal sram: 76051
I (71219221) SystemInfo: free sram: 87999 minimal sram: 76051
I (71229221) SystemInfo: free sram: 88039 minimal sram: 76051
I (71239221) SystemInfo: free sram: 88039 minimal sram: 76051
I (71249221) SystemInfo: free sram: 88039 minimal sram: 76051
I (71259221) SystemInfo: free sram: 88039 minimal sram: 76051
I (71269221) SystemInfo: free sram: 88039 minimal sram: 76051
I (71279221) SystemInfo: free sram: 88039 minimal sram: 76051
I (71289221) SystemInfo: free sram: 88039 minimal sram: 76051
I (71299221) SystemInfo: free sram: 88039 minimal sram: 76051
I (71309221) SystemInfo: free sram: 88039 minimal sram: 76051
I (71319221) SystemInfo: free sram: 88039 minimal sram: 76051
I (71329221) SystemInfo: free sram: 87999 minimal sram: 76051
I (71339221) SystemInfo: free sram: 88039 minimal sram: 76051
I (71349221) SystemInfo: free sram: 88039 minimal sram: 76051
I (71359221) SystemInfo: free sram: 88039 minimal sram: 76051
I (71369221) SystemInfo: free sram: 88039 minimal sram: 76051
I (71379221) SystemInfo: free sram: 88039 minimal sram: 76051
I (71389221) SystemInfo: free sram: 88039 minimal sram: 76051
I (71399221) SystemInfo: free sram: 88039 minimal sram: 76051
I (71409221) SystemInfo: free sram: 88039 minimal sram: 76051
I (71419221) SystemInfo: free sram: 88039 minimal sram: 76051
I (71429221) SystemInfo: free sram: 88039 minimal sram: 76051
I (71439221) SystemInfo: free sram: 87999 minimal sram: 76051
I (71449221) SystemInfo: free sram: 88039 minimal sram: 76051
I (71459221) SystemInfo: free sram: 88039 minimal sram: 76051
I (71469221) SystemInfo: free sram: 88039 minimal sram: 76051
I (71479221) SystemInfo: free sram: 88039 minimal sram: 76051
I (71489221) SystemInfo: free sram: 88039 minimal sram: 76051
I (71499221) SystemInfo: free sram: 88039 minimal sram: 76051
I (71509221) SystemInfo: free sram: 88039 minimal sram: 76051
I (71519221) SystemInfo: free sram: 88039 minimal sram: 76051
I (71529221) SystemInfo: free sram: 88039 minimal sram: 76051
I (71539221) SystemInfo: free sram: 88039 minimal sram: 76051
I (71549221) SystemInfo: free sram: 87999 minimal sram: 76051
I (71559221) SystemInfo: free sram: 88039 minimal sram: 76051
I (71569221) SystemInfo: free sram: 88039 minimal sram: 76051
I (71579221) SystemInfo: free sram: 88039 minimal sram: 76051
I (71589221) SystemInfo: free sram: 88039 minimal sram: 76051
I (71599221) SystemInfo: free sram: 88039 minimal sram: 76051
I (71609221) SystemInfo: free sram: 88039 minimal sram: 76051
I (71619221) SystemInfo: free sram: 88039 minimal sram: 76051
I (71629221) SystemInfo: free sram: 88039 minimal sram: 76051
I (71639221) SystemInfo: free sram: 88039 minimal sram: 76051
I (71649221) SystemInfo: free sram: 88039 minimal sram: 76051
I (71659221) SystemInfo: free sram: 87999 minimal sram: 76051
I (71669221) SystemInfo: free sram: 88039 minimal sram: 76051
I (71679221) SystemInfo: free sram: 88039 minimal sram: 76051
I (71689221) SystemInfo: free sram: 88039 minimal sram: 76051
I (71699221) SystemInfo: free sram: 88039 minimal sram: 76051
I (71709221) SystemInfo: free sram: 88039 minimal sram: 76051
I (71719221) SystemInfo: free sram: 88039 minimal sram: 76051
I (71729221) SystemInfo: free sram: 88039 minimal sram: 76051
I (71739221) SystemInfo: free sram: 88039 minimal sram: 76051
I (71749221) SystemInfo: free sram: 88039 minimal sram: 76051
I (71759221) SystemInfo: free sram: 88039 minimal sram: 76051
I (71769221) SystemInfo: free sram: 87999 minimal sram: 76051
I (71779221) SystemInfo: free sram: 88039 minimal sram: 76051
I (71789221) SystemInfo: free sram: 88039 minimal sram: 76051
I (71799221) SystemInfo: free sram: 88039 minimal sram: 76051
I (71809221) SystemInfo: free sram: 88039 minimal sram: 76051
I (71819221) SystemInfo: free sram: 87999 minimal sram: 76051
I (71829221) SystemInfo: free sram: 88039 minimal sram: 76051
I (71839221) SystemInfo: free sram: 88039 minimal sram: 76051
I (71849221) SystemInfo: free sram: 88039 minimal sram: 76051
I (71859221) SystemInfo: free sram: 88039 minimal sram: 76051
I (71869221) SystemInfo: free sram: 88039 minimal sram: 76051
I (71879221) SystemInfo: free sram: 87999 minimal sram: 76051
I (71889221) SystemInfo: free sram: 88039 minimal sram: 76051
I (71899221) SystemInfo: free sram: 88039 minimal sram: 76051
I (71909221) SystemInfo: free sram: 88039 minimal sram: 76051
I (71919221) SystemInfo: free sram: 88039 minimal sram: 76051
I (71929221) SystemInfo: free sram: 88039 minimal sram: 76051
I (71939221) SystemInfo: free sram: 88039 minimal sram: 76051
I (71949221) SystemInfo: free sram: 88039 minimal sram: 76051
I (71959221) SystemInfo: free sram: 88039 minimal sram: 76051
I (71969221) SystemInfo: free sram: 88039 minimal sram: 76051
I (71979221) SystemInfo: free sram: 88039 minimal sram: 76051
I (71989221) SystemInfo: free sram: 87999 minimal sram: 76051
I (71999221) SystemInfo: free sram: 88039 minimal sram: 76051
I (72009221) SystemInfo: free sram: 88039 minimal sram: 76051
I (72019221) SystemInfo: free sram: 88039 minimal sram: 76051
I (72029221) SystemInfo: free sram: 88039 minimal sram: 76051
I (72039221) SystemInfo: free sram: 88039 minimal sram: 76051
I (72049221) SystemInfo: free sram: 88039 minimal sram: 76051
I (72059221) SystemInfo: free sram: 88039 minimal sram: 76051
I (72069221) SystemInfo: free sram: 88039 minimal sram: 76051
I (72079221) SystemInfo: free sram: 88039 minimal sram: 76051
I (72089221) SystemInfo: free sram: 88039 minimal sram: 76051
I (72099221) SystemInfo: free sram: 87999 minimal sram: 76051
I (72109221) SystemInfo: free sram: 88039 minimal sram: 76051
I (72119221) SystemInfo: free sram: 88039 minimal sram: 76051
I (72129221) SystemInfo: free sram: 88039 minimal sram: 76051
I (72139221) SystemInfo: free sram: 88039 minimal sram: 76051
I (72149221) SystemInfo: free sram: 88039 minimal sram: 76051
I (72159221) SystemInfo: free sram: 88039 minimal sram: 76051
I (72169221) SystemInfo: free sram: 88039 minimal sram: 76051
I (72179221) SystemInfo: free sram: 88039 minimal sram: 76051
I (72189221) SystemInfo: free sram: 88039 minimal sram: 76051
I (72199221) SystemInfo: free sram: 88039 minimal sram: 76051
I (72209221) SystemInfo: free sram: 87999 minimal sram: 76051
I (72219221) SystemInfo: free sram: 88039 minimal sram: 76051
I (72229221) SystemInfo: free sram: 88039 minimal sram: 76051
I (72239221) SystemInfo: free sram: 88039 minimal sram: 76051
I (72249221) SystemInfo: free sram: 88039 minimal sram: 76051
I (72259221) SystemInfo: free sram: 88039 minimal sram: 76051
I (72269221) SystemInfo: free sram: 88039 minimal sram: 76051
I (72279221) SystemInfo: free sram: 88039 minimal sram: 76051
I (72289221) SystemInfo: free sram: 88039 minimal sram: 76051
I (72299221) SystemInfo: free sram: 88039 minimal sram: 76051
I (72309221) SystemInfo: free sram: 88039 minimal sram: 76051
I (72319221) SystemInfo: free sram: 87999 minimal sram: 76051
I (72329221) SystemInfo: free sram: 88039 minimal sram: 76051
I (72339221) SystemInfo: free sram: 88039 minimal sram: 76051
I (72349221) SystemInfo: free sram: 88039 minimal sram: 76051
I (72359221) SystemInfo: free sram: 88039 minimal sram: 76051
I (72369221) SystemInfo: free sram: 88039 minimal sram: 76051
I (72379221) SystemInfo: free sram: 88039 minimal sram: 76051
I (72389221) SystemInfo: free sram: 88039 minimal sram: 76051
I (72399221) SystemInfo: free sram: 88039 minimal sram: 76051
I (72409221) SystemInfo: free sram: 88039 minimal sram: 76051
I (72419221) SystemInfo: free sram: 88039 minimal sram: 76051
I (72429221) SystemInfo: free sram: 87999 minimal sram: 76051
I (72439221) SystemInfo: free sram: 88039 minimal sram: 76051
I (72449221) SystemInfo: free sram: 88039 minimal sram: 76051
I (72459221) SystemInfo: free sram: 87999 minimal sram: 76051
I (72469221) SystemInfo: free sram: 88039 minimal sram: 76051
I (72479221) SystemInfo: free sram: 88039 minimal sram: 76051
I (72489221) SystemInfo: free sram: 88039 minimal sram: 76051
I (72499221) SystemInfo: free sram: 88039 minimal sram: 76051
I (72509221) SystemInfo: free sram: 88039 minimal sram: 76051
I (72519221) SystemInfo: free sram: 88039 minimal sram: 76051
I (72529221) SystemInfo: free sram: 88039 minimal sram: 76051
I (72539221) SystemInfo: free sram: 87999 minimal sram: 76051
I (72549221) SystemInfo: free sram: 88039 minimal sram: 76051
I (72559221) SystemInfo: free sram: 88039 minimal sram: 76051
I (72569221) SystemInfo: free sram: 88039 minimal sram: 76051
I (72579221) SystemInfo: free sram: 88039 minimal sram: 76051
I (72589221) SystemInfo: free sram: 88039 minimal sram: 76051
I (72599221) SystemInfo: free sram: 88039 minimal sram: 76051
I (72609221) SystemInfo: free sram: 88039 minimal sram: 76051
I (72619221) SystemInfo: free sram: 88039 minimal sram: 76051
I (72629221) SystemInfo: free sram: 88039 minimal sram: 76051
I (72639221) SystemInfo: free sram: 88039 minimal sram: 76051
I (72649221) SystemInfo: free sram: 87999 minimal sram: 76051
I (72659221) SystemInfo: free sram: 88039 minimal sram: 76051
I (72669221) SystemInfo: free sram: 88039 minimal sram: 76051
I (72679221) SystemInfo: free sram: 88039 minimal sram: 76051
I (72689221) SystemInfo: free sram: 88039 minimal sram: 76051
I (72699221) SystemInfo: free sram: 88039 minimal sram: 76051
I (72709221) SystemInfo: free sram: 88039 minimal sram: 76051
I (72719221) SystemInfo: free sram: 88039 minimal sram: 76051
I (72729221) SystemInfo: free sram: 88039 minimal sram: 76051
I (72739221) SystemInfo: free sram: 88039 minimal sram: 76051
I (72749221) SystemInfo: free sram: 88039 minimal sram: 76051
I (72759221) SystemInfo: free sram: 87999 minimal sram: 76051
I (72769221) SystemInfo: free sram: 88039 minimal sram: 76051
I (72779221) SystemInfo: free sram: 88039 minimal sram: 76051
I (72789221) SystemInfo: free sram: 88039 minimal sram: 76051
I (72799221) SystemInfo: free sram: 88039 minimal sram: 76051
I (72809221) SystemInfo: free sram: 88039 minimal sram: 76051
I (72819221) SystemInfo: free sram: 88039 minimal sram: 76051
I (72829221) SystemInfo: free sram: 88039 minimal sram: 76051
I (72839221) SystemInfo: free sram: 88039 minimal sram: 76051
I (72849221) SystemInfo: free sram: 88039 minimal sram: 76051
I (72859221) SystemInfo: free sram: 88039 minimal sram: 76051
I (72869221) SystemInfo: free sram: 87999 minimal sram: 76051
I (72879221) SystemInfo: free sram: 88039 minimal sram: 76051
I (72889221) SystemInfo: free sram: 88039 minimal sram: 76051
I (72899221) SystemInfo: free sram: 88039 minimal sram: 76051
I (72909221) SystemInfo: free sram: 88039 minimal sram: 76051
I (72919221) SystemInfo: free sram: 88039 minimal sram: 76051
I (72929221) SystemInfo: free sram: 88039 minimal sram: 76051
I (72939221) SystemInfo: free sram: 88039 minimal sram: 76051
I (72949221) SystemInfo: free sram: 88039 minimal sram: 76051
I (72959221) SystemInfo: free sram: 88039 minimal sram: 76051
I (72969221) SystemInfo: free sram: 88039 minimal sram: 76051
I (72979221) SystemInfo: free sram: 87999 minimal sram: 76051
I (72989221) SystemInfo: free sram: 88039 minimal sram: 76051
I (72999221) SystemInfo: free sram: 88039 minimal sram: 76051
I (73009221) SystemInfo: free sram: 88039 minimal sram: 76051
I (73019221) SystemInfo: free sram: 88039 minimal sram: 76051
I (73029221) SystemInfo: free sram: 88039 minimal sram: 76051
I (73039221) SystemInfo: free sram: 88039 minimal sram: 76051
I (73049221) SystemInfo: free sram: 88039 minimal sram: 76051
I (73059221) SystemInfo: free sram: 88039 minimal sram: 76051
I (73069221) SystemInfo: free sram: 88039 minimal sram: 76051
I (73079221) SystemInfo: free sram: 88039 minimal sram: 76051
I (73089221) SystemInfo: free sram: 87999 minimal sram: 76051
I (73099221) SystemInfo: free sram: 87999 minimal sram: 76051
I (73109221) SystemInfo: free sram: 88039 minimal sram: 76051
I (73119221) SystemInfo: free sram: 88039 minimal sram: 76051
I (73129221) SystemInfo: free sram: 88039 minimal sram: 76051
I (73139221) SystemInfo: free sram: 88039 minimal sram: 76051
I (73149221) SystemInfo: free sram: 88039 minimal sram: 76051
I (73159221) SystemInfo: free sram: 88039 minimal sram: 76051
I (73169221) SystemInfo: free sram: 88039 minimal sram: 76051
I (73179221) SystemInfo: free sram: 87999 minimal sram: 76051
I (73189221) SystemInfo: free sram: 88039 minimal sram: 76051
I (73199221) SystemInfo: free sram: 87999 minimal sram: 76051
I (73209221) SystemInfo: free sram: 88039 minimal sram: 76051
I (73219221) SystemInfo: free sram: 88039 minimal sram: 76051
I (73229221) SystemInfo: free sram: 88039 minimal sram: 76051
I (73239221) SystemInfo: free sram: 88039 minimal sram: 76051
I (73249221) SystemInfo: free sram: 88039 minimal sram: 76051
I (73259221) SystemInfo: free sram: 88039 minimal sram: 76051
I (73269221) SystemInfo: free sram: 88039 minimal sram: 76051
I (73279221) SystemInfo: free sram: 88039 minimal sram: 76051
I (73289221) SystemInfo: free sram: 88039 minimal sram: 76051
I (73299221) SystemInfo: free sram: 88039 minimal sram: 76051
I (73309221) SystemInfo: free sram: 87999 minimal sram: 76051
I (73319221) SystemInfo: free sram: 88039 minimal sram: 76051
I (73329221) SystemInfo: free sram: 88039 minimal sram: 76051
I (73339221) SystemInfo: free sram: 88039 minimal sram: 76051
I (73349221) SystemInfo: free sram: 88039 minimal sram: 76051
I (73359221) SystemInfo: free sram: 88039 minimal sram: 76051
I (73369221) SystemInfo: free sram: 88039 minimal sram: 76051
I (73379221) SystemInfo: free sram: 88039 minimal sram: 76051
I (73389221) SystemInfo: free sram: 88039 minimal sram: 76051
I (73399221) SystemInfo: free sram: 88039 minimal sram: 76051
I (73409221) SystemInfo: free sram: 88039 minimal sram: 76051
I (73419221) SystemInfo: free sram: 87999 minimal sram: 76051
I (73429221) SystemInfo: free sram: 88039 minimal sram: 76051
I (73439221) SystemInfo: free sram: 88039 minimal sram: 76051
I (73449221) SystemInfo: free sram: 88039 minimal sram: 76051
I (73459221) SystemInfo: free sram: 88039 minimal sram: 76051
I (73469221) SystemInfo: free sram: 88039 minimal sram: 76051
I (73479221) SystemInfo: free sram: 88039 minimal sram: 76051
I (73489221) SystemInfo: free sram: 88039 minimal sram: 76051
I (73499221) SystemInfo: free sram: 88039 minimal sram: 76051
I (73509221) SystemInfo: free sram: 88039 minimal sram: 76051
I (73519221) SystemInfo: free sram: 88039 minimal sram: 76051
I (73529221) SystemInfo: free sram: 87999 minimal sram: 76051
I (73539221) SystemInfo: free sram: 88039 minimal sram: 76051
I (73549221) SystemInfo: free sram: 88039 minimal sram: 76051
I (73559221) SystemInfo: free sram: 88039 minimal sram: 76051
I (73569221) SystemInfo: free sram: 88039 minimal sram: 76051
I (73579221) SystemInfo: free sram: 88039 minimal sram: 76051
I (73589221) SystemInfo: free sram: 88039 minimal sram: 76051
I (73599221) SystemInfo: free sram: 88039 minimal sram: 76051
I (73609221) SystemInfo: free sram: 88039 minimal sram: 76051
I (73619221) SystemInfo: free sram: 88039 minimal sram: 76051
I (73629221) SystemInfo: free sram: 88039 minimal sram: 76051
I (73639221) SystemInfo: free sram: 87999 minimal sram: 76051
I (73649221) SystemInfo: free sram: 88039 minimal sram: 76051
I (73659221) SystemInfo: free sram: 88039 minimal sram: 76051
I (73669221) SystemInfo: free sram: 88039 minimal sram: 76051
I (73679221) SystemInfo: free sram: 88039 minimal sram: 76051
I (73689221) SystemInfo: free sram: 88039 minimal sram: 76051
I (73699221) SystemInfo: free sram: 88039 minimal sram: 76051
I (73709221) SystemInfo: free sram: 88039 minimal sram: 76051
I (73719221) SystemInfo: free sram: 88039 minimal sram: 76051
I (73729221) SystemInfo: free sram: 88039 minimal sram: 76051
I (73739221) SystemInfo: free sram: 87999 minimal sram: 76051
I (73749221) SystemInfo: free sram: 87999 minimal sram: 76051
I (73759221) SystemInfo: free sram: 88039 minimal sram: 76051
I (73769221) SystemInfo: free sram: 88039 minimal sram: 76051
I (73779221) SystemInfo: free sram: 87999 minimal sram: 76051
I (73789221) SystemInfo: free sram: 88039 minimal sram: 76051
I (73799221) SystemInfo: free sram: 88039 minimal sram: 76051
I (73809221) SystemInfo: free sram: 88039 minimal sram: 76051
I (73819221) SystemInfo: free sram: 88039 minimal sram: 76051
I (73829221) SystemInfo: free sram: 88039 minimal sram: 76051
I (73839221) SystemInfo: free sram: 88039 minimal sram: 76051
I (73849221) SystemInfo: free sram: 88039 minimal sram: 76051
I (73859221) SystemInfo: free sram: 87999 minimal sram: 76051
I (73869221) SystemInfo: free sram: 88039 minimal sram: 76051
I (73879221) SystemInfo: free sram: 88039 minimal sram: 76051
I (73889221) SystemInfo: free sram: 88039 minimal sram: 76051
I (73899221) SystemInfo: free sram: 88039 minimal sram: 76051
I (73909221) SystemInfo: free sram: 88039 minimal sram: 76051
I (73919221) SystemInfo: free sram: 88039 minimal sram: 76051
I (73929221) SystemInfo: free sram: 88039 minimal sram: 76051
I (73939221) SystemInfo: free sram: 88039 minimal sram: 76051
I (73949221) SystemInfo: free sram: 88039 minimal sram: 76051
I (73959221) SystemInfo: free sram: 88039 minimal sram: 76051
I (73969221) SystemInfo: free sram: 87999 minimal sram: 76051
I (73979221) SystemInfo: free sram: 88039 minimal sram: 76051
I (73989221) SystemInfo: free sram: 88039 minimal sram: 76051
I (73999221) SystemInfo: free sram: 88039 minimal sram: 76051
I (74009221) SystemInfo: free sram: 88039 minimal sram: 76051
I (74019221) SystemInfo: free sram: 88039 minimal sram: 76051
I (74029221) SystemInfo: free sram: 88039 minimal sram: 76051
I (74039221) SystemInfo: free sram: 88039 minimal sram: 76051
I (74049221) SystemInfo: free sram: 88039 minimal sram: 76051
I (74059221) SystemInfo: free sram: 88039 minimal sram: 76051
I (74069221) SystemInfo: free sram: 88039 minimal sram: 76051
I (74079221) SystemInfo: free sram: 87999 minimal sram: 76051
I (74089221) SystemInfo: free sram: 88039 minimal sram: 76051
I (74099221) SystemInfo: free sram: 88039 minimal sram: 76051
I (74109221) SystemInfo: free sram: 88039 minimal sram: 76051
I (74119221) SystemInfo: free sram: 88039 minimal sram: 76051
I (74129221) SystemInfo: free sram: 88039 minimal sram: 76051
I (74139221) SystemInfo: free sram: 88039 minimal sram: 76051
I (74149221) SystemInfo: free sram: 88039 minimal sram: 76051
I (74159221) SystemInfo: free sram: 88039 minimal sram: 76051
I (74169221) SystemInfo: free sram: 88039 minimal sram: 76051
I (74179221) SystemInfo: free sram: 88039 minimal sram: 76051
I (74189221) SystemInfo: free sram: 87999 minimal sram: 76051
I (74199221) SystemInfo: free sram: 88039 minimal sram: 76051
I (74209221) SystemInfo: free sram: 88039 minimal sram: 76051
I (74219221) SystemInfo: free sram: 88039 minimal sram: 76051
I (74229221) SystemInfo: free sram: 88039 minimal sram: 76051
I (74239221) SystemInfo: free sram: 88039 minimal sram: 76051
I (74249221) SystemInfo: free sram: 88039 minimal sram: 76051
I (74259221) SystemInfo: free sram: 88039 minimal sram: 76051
I (74269221) SystemInfo: free sram: 88039 minimal sram: 76051
I (74279221) SystemInfo: free sram: 88039 minimal sram: 76051
I (74289221) SystemInfo: free sram: 88039 minimal sram: 76051
I (74299221) SystemInfo: free sram: 87999 minimal sram: 76051
I (74309221) SystemInfo: free sram: 88039 minimal sram: 76051
I (74319221) SystemInfo: free sram: 88039 minimal sram: 76051
I (74329221) SystemInfo: free sram: 88039 minimal sram: 76051
I (74339221) SystemInfo: free sram: 88039 minimal sram: 76051
I (74349221) SystemInfo: free sram: 88039 minimal sram: 76051
I (74359221) SystemInfo: free sram: 88039 minimal sram: 76051
I (74369221) SystemInfo: free sram: 88039 minimal sram: 76051
I (74379221) SystemInfo: free sram: 87999 minimal sram: 76051
I (74389221) SystemInfo: free sram: 88039 minimal sram: 76051
I (74399221) SystemInfo: free sram: 88039 minimal sram: 76051
I (74409221) SystemInfo: free sram: 87999 minimal sram: 76051
I (74419221) SystemInfo: free sram: 88039 minimal sram: 76051
I (74429221) SystemInfo: free sram: 88039 minimal sram: 76051
I (74439221) SystemInfo: free sram: 88039 minimal sram: 76051
I (74449221) SystemInfo: free sram: 88039 minimal sram: 76051
I (74459221) SystemInfo: free sram: 88039 minimal sram: 76051
I (74469221) SystemInfo: free sram: 88039 minimal sram: 76051
I (74479221) SystemInfo: free sram: 88039 minimal sram: 76051
I (74489221) SystemInfo: free sram: 88039 minimal sram: 76051
I (74499221) SystemInfo: free sram: 88039 minimal sram: 76051
I (74509221) SystemInfo: free sram: 88039 minimal sram: 76051
I (74519221) SystemInfo: free sram: 87999 minimal sram: 76051
I (74529221) SystemInfo: free sram: 88039 minimal sram: 76051
I (74539221) SystemInfo: free sram: 88039 minimal sram: 76051
I (74549221) SystemInfo: free sram: 88039 minimal sram: 76051
I (74559221) SystemInfo: free sram: 88039 minimal sram: 76051
I (74569221) SystemInfo: free sram: 88039 minimal sram: 76051
I (74579221) SystemInfo: free sram: 88039 minimal sram: 76051
I (74589221) SystemInfo: free sram: 88039 minimal sram: 76051
I (74599221) SystemInfo: free sram: 88039 minimal sram: 76051
I (74609221) SystemInfo: free sram: 88039 minimal sram: 76051
I (74619221) SystemInfo: free sram: 88039 minimal sram: 76051
I (74629221) SystemInfo: free sram: 87999 minimal sram: 76051
I (74639221) SystemInfo: free sram: 88039 minimal sram: 76051
I (74649221) SystemInfo: free sram: 88039 minimal sram: 76051
I (74659221) SystemInfo: free sram: 88039 minimal sram: 76051
I (74669221) SystemInfo: free sram: 88039 minimal sram: 76051
I (74679221) SystemInfo: free sram: 88039 minimal sram: 76051
I (74689221) SystemInfo: free sram: 88039 minimal sram: 76051
I (74699221) SystemInfo: free sram: 88039 minimal sram: 76051
I (74709221) SystemInfo: free sram: 88039 minimal sram: 76051
I (74719221) SystemInfo: free sram: 88039 minimal sram: 76051
I (74729221) SystemInfo: free sram: 88039 minimal sram: 76051
I (74739221) SystemInfo: free sram: 87999 minimal sram: 76051
I (74749221) SystemInfo: free sram: 88039 minimal sram: 76051
I (74759221) SystemInfo: free sram: 88039 minimal sram: 76051
I (74769221) SystemInfo: free sram: 88039 minimal sram: 76051
I (74779221) SystemInfo: free sram: 88039 minimal sram: 76051
I (74789221) SystemInfo: free sram: 88039 minimal sram: 76051
I (74799221) SystemInfo: free sram: 88039 minimal sram: 76051
I (74809221) SystemInfo: free sram: 88039 minimal sram: 76051
I (74819221) SystemInfo: free sram: 88039 minimal sram: 76051
I (74829221) SystemInfo: free sram: 88039 minimal sram: 76051
I (74839221) SystemInfo: free sram: 88039 minimal sram: 76051
I (74849221) SystemInfo: free sram: 87999 minimal sram: 76051
I (74859221) SystemInfo: free sram: 88039 minimal sram: 76051
I (74869221) SystemInfo: free sram: 88039 minimal sram: 76051
I (74879221) SystemInfo: free sram: 88039 minimal sram: 76051
I (74889221) SystemInfo: free sram: 88039 minimal sram: 76051
I (74899221) SystemInfo: free sram: 88039 minimal sram: 76051
I (74909221) SystemInfo: free sram: 88039 minimal sram: 76051
I (74919221) SystemInfo: free sram: 88039 minimal sram: 76051
I (74929221) SystemInfo: free sram: 88039 minimal sram: 76051
I (74939221) SystemInfo: free sram: 88039 minimal sram: 76051
I (74949221) SystemInfo: free sram: 88039 minimal sram: 76051
I (74959221) SystemInfo: free sram: 87999 minimal sram: 76051
I (74969221) SystemInfo: free sram: 88039 minimal sram: 76051
I (74979221) SystemInfo: free sram: 88039 minimal sram: 76051
I (74989221) SystemInfo: free sram: 88039 minimal sram: 76051
I (74999221) SystemInfo: free sram: 88039 minimal sram: 76051
I (75009221) SystemInfo: free sram: 88039 minimal sram: 76051
I (75019221) SystemInfo: free sram: 87999 minimal sram: 76051
I (75029221) SystemInfo: free sram: 88039 minimal sram: 76051
I (75039221) SystemInfo: free sram: 88039 minimal sram: 76051
I (75049221) SystemInfo: free sram: 88039 minimal sram: 76051
I (75059221) SystemInfo: free sram: 88039 minimal sram: 76051
I (75069221) SystemInfo: free sram: 87999 minimal sram: 76051
I (75079221) SystemInfo: free sram: 88039 minimal sram: 76051
I (75089221) SystemInfo: free sram: 88039 minimal sram: 76051
I (75099221) SystemInfo: free sram: 88039 minimal sram: 76051
I (75109221) SystemInfo: free sram: 88039 minimal sram: 76051
I (75119221) SystemInfo: free sram: 88039 minimal sram: 76051
I (75129221) SystemInfo: free sram: 88039 minimal sram: 76051
I (75139221) SystemInfo: free sram: 88039 minimal sram: 76051
I (75149221) SystemInfo: free sram: 88039 minimal sram: 76051
I (75159221) SystemInfo: free sram: 88039 minimal sram: 76051
I (75169221) SystemInfo: free sram: 88039 minimal sram: 76051
I (75179221) SystemInfo: free sram: 87999 minimal sram: 76051
I (75189221) SystemInfo: free sram: 88039 minimal sram: 76051
I (75199221) SystemInfo: free sram: 88039 minimal sram: 76051
I (75209221) SystemInfo: free sram: 88039 minimal sram: 76051
I (75219221) SystemInfo: free sram: 88039 minimal sram: 76051
I (75229221) SystemInfo: free sram: 88039 minimal sram: 76051
I (75239221) SystemInfo: free sram: 88039 minimal sram: 76051
I (75249221) SystemInfo: free sram: 88039 minimal sram: 76051
I (75259221) SystemInfo: free sram: 88039 minimal sram: 76051
I (75269221) SystemInfo: free sram: 88039 minimal sram: 76051
I (75279221) SystemInfo: free sram: 88039 minimal sram: 76051
I (75289221) SystemInfo: free sram: 87999 minimal sram: 76051
I (75299221) SystemInfo: free sram: 88039 minimal sram: 76051
I (75309221) SystemInfo: free sram: 88039 minimal sram: 76051
I (75319221) SystemInfo: free sram: 88039 minimal sram: 76051
I (75329221) SystemInfo: free sram: 88039 minimal sram: 76051
I (75339221) SystemInfo: free sram: 88039 minimal sram: 76051
I (75349221) SystemInfo: free sram: 88039 minimal sram: 76051
I (75359221) SystemInfo: free sram: 87999 minimal sram: 76051
I (75369221) SystemInfo: free sram: 88039 minimal sram: 76051
I (75379221) SystemInfo: free sram: 88039 minimal sram: 76051
I (75389221) SystemInfo: free sram: 88039 minimal sram: 76051
I (75399221) SystemInfo: free sram: 87959 minimal sram: 76051
I (75409221) SystemInfo: free sram: 88039 minimal sram: 76051
I (75419221) SystemInfo: free sram: 88039 minimal sram: 76051
I (75429221) SystemInfo: free sram: 88039 minimal sram: 76051
I (75439221) SystemInfo: free sram: 88039 minimal sram: 76051
I (75449221) SystemInfo: free sram: 88039 minimal sram: 76051
I (75459221) SystemInfo: free sram: 88039 minimal sram: 76051
I (75469221) SystemInfo: free sram: 88039 minimal sram: 76051
I (75479221) SystemInfo: free sram: 88039 minimal sram: 76051
I (75489221) SystemInfo: free sram: 88039 minimal sram: 76051
I (75499221) SystemInfo: free sram: 88039 minimal sram: 76051
I (75509221) SystemInfo: free sram: 87999 minimal sram: 76051
I (75519221) SystemInfo: free sram: 88039 minimal sram: 76051
I (75529221) SystemInfo: free sram: 88039 minimal sram: 76051
I (75539221) SystemInfo: free sram: 88039 minimal sram: 76051
I (75549221) SystemInfo: free sram: 88039 minimal sram: 76051
I (75559221) SystemInfo: free sram: 88039 minimal sram: 76051
I (75569221) SystemInfo: free sram: 88039 minimal sram: 76051
I (75579221) SystemInfo: free sram: 88039 minimal sram: 76051
I (75589221) SystemInfo: free sram: 88039 minimal sram: 76051
I (75599221) SystemInfo: free sram: 88039 minimal sram: 76051
I (75609221) SystemInfo: free sram: 88039 minimal sram: 76051
I (75619221) SystemInfo: free sram: 87999 minimal sram: 76051
I (75629221) SystemInfo: free sram: 88039 minimal sram: 76051
I (75639221) SystemInfo: free sram: 88039 minimal sram: 76051
I (75649221) SystemInfo: free sram: 88039 minimal sram: 76051
I (75659221) SystemInfo: free sram: 87999 minimal sram: 76051
I (75669221) SystemInfo: free sram: 88039 minimal sram: 76051
I (75679221) SystemInfo: free sram: 88039 minimal sram: 76051
I (75689221) SystemInfo: free sram: 88039 minimal sram: 76051
I (75699221) SystemInfo: free sram: 88039 minimal sram: 76051
I (75709221) SystemInfo: free sram: 88039 minimal sram: 76051
I (75719221) SystemInfo: free sram: 88039 minimal sram: 76051
I (75729221) SystemInfo: free sram: 87999 minimal sram: 76051
I (75739221) SystemInfo: free sram: 88039 minimal sram: 76051
I (75749221) SystemInfo: free sram: 88039 minimal sram: 76051
I (75759221) SystemInfo: free sram: 88039 minimal sram: 76051
I (75769221) SystemInfo: free sram: 88039 minimal sram: 76051
I (75779221) SystemInfo: free sram: 88039 minimal sram: 76051
I (75789221) SystemInfo: free sram: 88039 minimal sram: 76051
I (75799221) SystemInfo: free sram: 88039 minimal sram: 76051
I (75809221) SystemInfo: free sram: 88039 minimal sram: 76051
I (75819221) SystemInfo: free sram: 88039 minimal sram: 76051
I (75829221) SystemInfo: free sram: 88039 minimal sram: 76051
I (75839221) SystemInfo: free sram: 87999 minimal sram: 76051
I (75849221) SystemInfo: free sram: 88039 minimal sram: 76051
I (75859221) SystemInfo: free sram: 88039 minimal sram: 76051
I (75869221) SystemInfo: free sram: 88039 minimal sram: 76051
I (75879221) SystemInfo: free sram: 88039 minimal sram: 76051
I (75889221) SystemInfo: free sram: 88039 minimal sram: 76051
I (75899221) SystemInfo: free sram: 88039 minimal sram: 76051
I (75909221) SystemInfo: free sram: 88039 minimal sram: 76051
I (75919221) SystemInfo: free sram: 88039 minimal sram: 76051
I (75929221) SystemInfo: free sram: 88039 minimal sram: 76051
I (75939221) SystemInfo: free sram: 88039 minimal sram: 76051
I (75949221) SystemInfo: free sram: 87999 minimal sram: 76051
I (75959221) SystemInfo: free sram: 88039 minimal sram: 76051
I (75969221) SystemInfo: free sram: 88039 minimal sram: 76051
I (75979221) SystemInfo: free sram: 88039 minimal sram: 76051
I (75989221) SystemInfo: free sram: 88039 minimal sram: 76051
I (75999221) SystemInfo: free sram: 88039 minimal sram: 76051
I (76009221) SystemInfo: free sram: 88039 minimal sram: 76051
I (76019221) SystemInfo: free sram: 88039 minimal sram: 76051
I (76029221) SystemInfo: free sram: 88039 minimal sram: 76051
I (76039221) SystemInfo: free sram: 87999 minimal sram: 76051
I (76049221) SystemInfo: free sram: 88039 minimal sram: 76051
I (76059221) SystemInfo: free sram: 87999 minimal sram: 76051
I (76069221) SystemInfo: free sram: 88039 minimal sram: 76051
I (76079221) SystemInfo: free sram: 88039 minimal sram: 76051
I (76089221) SystemInfo: free sram: 88039 minimal sram: 76051
I (76099221) SystemInfo: free sram: 88039 minimal sram: 76051
I (76109221) SystemInfo: free sram: 88039 minimal sram: 76051
I (76119221) SystemInfo: free sram: 88039 minimal sram: 76051
I (76129221) SystemInfo: free sram: 88039 minimal sram: 76051
I (76139221) SystemInfo: free sram: 88039 minimal sram: 76051
I (76149221) SystemInfo: free sram: 88039 minimal sram: 76051
I (76159221) SystemInfo: free sram: 88039 minimal sram: 76051
I (76169221) SystemInfo: free sram: 87999 minimal sram: 76051
I (76179221) SystemInfo: free sram: 88039 minimal sram: 76051
I (76189221) SystemInfo: free sram: 88039 minimal sram: 76051
I (76199221) SystemInfo: free sram: 88039 minimal sram: 76051
I (76209221) SystemInfo: free sram: 88039 minimal sram: 76051
I (76219221) SystemInfo: free sram: 88039 minimal sram: 76051
I (76229221) SystemInfo: free sram: 88039 minimal sram: 76051
I (76239221) SystemInfo: free sram: 88039 minimal sram: 76051
I (76249221) SystemInfo: free sram: 88039 minimal sram: 76051
I (76259221) SystemInfo: free sram: 88039 minimal sram: 76051
I (76269221) SystemInfo: free sram: 88039 minimal sram: 76051
I (76279221) SystemInfo: free sram: 87999 minimal sram: 76051
I (76289221) SystemInfo: free sram: 88039 minimal sram: 76051
I (76299221) SystemInfo: free sram: 87999 minimal sram: 76051
I (76309221) SystemInfo: free sram: 88039 minimal sram: 76051
I (76319221) SystemInfo: free sram: 88039 minimal sram: 76051
I (76329221) SystemInfo: free sram: 88039 minimal sram: 76051
I (76339221) SystemInfo: free sram: 88039 minimal sram: 76051
I (76349221) SystemInfo: free sram: 88039 minimal sram: 76051
I (76359221) SystemInfo: free sram: 88039 minimal sram: 76051
I (76369221) SystemInfo: free sram: 88039 minimal sram: 76051
I (76379221) SystemInfo: free sram: 88039 minimal sram: 76051
I (76389221) SystemInfo: free sram: 87999 minimal sram: 76051
I (76399221) SystemInfo: free sram: 88039 minimal sram: 76051
I (76409221) SystemInfo: free sram: 88039 minimal sram: 76051
I (76419221) SystemInfo: free sram: 88039 minimal sram: 76051
I (76429221) SystemInfo: free sram: 88039 minimal sram: 76051
I (76439221) SystemInfo: free sram: 88039 minimal sram: 76051
I (76449221) SystemInfo: free sram: 88039 minimal sram: 76051
I (76459221) SystemInfo: free sram: 88039 minimal sram: 76051
I (76469221) SystemInfo: free sram: 88039 minimal sram: 76051
I (76479221) SystemInfo: free sram: 88039 minimal sram: 76051
I (76489221) SystemInfo: free sram: 88039 minimal sram: 76051
I (76499221) SystemInfo: free sram: 87999 minimal sram: 76051
I (76509221) SystemInfo: free sram: 88039 minimal sram: 76051
I (76519221) SystemInfo: free sram: 88039 minimal sram: 76051
I (76529221) SystemInfo: free sram: 88039 minimal sram: 76051
I (76539221) SystemInfo: free sram: 88039 minimal sram: 76051
I (76549221) SystemInfo: free sram: 88039 minimal sram: 76051
I (76559221) SystemInfo: free sram: 88039 minimal sram: 76051
I (76569221) SystemInfo: free sram: 88039 minimal sram: 76051
I (76579221) SystemInfo: free sram: 88039 minimal sram: 76051
I (76589221) SystemInfo: free sram: 88039 minimal sram: 76051
I (76599221) SystemInfo: free sram: 88039 minimal sram: 76051
I (76609221) SystemInfo: free sram: 87999 minimal sram: 76051
I (76619221) SystemInfo: free sram: 88039 minimal sram: 76051
I (76629221) SystemInfo: free sram: 88039 minimal sram: 76051
I (76639221) SystemInfo: free sram: 88039 minimal sram: 76051
I (76649221) SystemInfo: free sram: 88039 minimal sram: 76051
I (76659221) SystemInfo: free sram: 88039 minimal sram: 76051
I (76669221) SystemInfo: free sram: 88039 minimal sram: 76051
I (76679221) SystemInfo: free sram: 88039 minimal sram: 76051
I (76689221) SystemInfo: free sram: 88039 minimal sram: 76051
I (76699221) SystemInfo: free sram: 88039 minimal sram: 76051
I (76709221) SystemInfo: free sram: 88039 minimal sram: 76051
I (76719221) SystemInfo: free sram: 87999 minimal sram: 76051
I (76729221) SystemInfo: free sram: 88039 minimal sram: 76051
I (76739221) SystemInfo: free sram: 88039 minimal sram: 76051
I (76749221) SystemInfo: free sram: 88039 minimal sram: 76051
I (76759221) SystemInfo: free sram: 88039 minimal sram: 76051
I (76769221) SystemInfo: free sram: 88039 minimal sram: 76051
I (76779221) SystemInfo: free sram: 88039 minimal sram: 76051
I (76789221) SystemInfo: free sram: 88039 minimal sram: 76051
I (76799221) SystemInfo: free sram: 88039 minimal sram: 76051
I (76809221) SystemInfo: free sram: 88039 minimal sram: 76051
I (76819221) SystemInfo: free sram: 88039 minimal sram: 76051
I (76829221) SystemInfo: free sram: 87999 minimal sram: 76051
I (76839221) SystemInfo: free sram: 88039 minimal sram: 76051
I (76849221) SystemInfo: free sram: 88039 minimal sram: 76051
I (76859221) SystemInfo: free sram: 88039 minimal sram: 76051
I (76869221) SystemInfo: free sram: 88039 minimal sram: 76051
I (76879221) SystemInfo: free sram: 88039 minimal sram: 76051
I (76889221) SystemInfo: free sram: 88039 minimal sram: 76051
I (76899221) SystemInfo: free sram: 88039 minimal sram: 76051
I (76909221) SystemInfo: free sram: 88039 minimal sram: 76051
I (76919221) SystemInfo: free sram: 88039 minimal sram: 76051
I (76929221) SystemInfo: free sram: 88039 minimal sram: 76051
I (76939221) SystemInfo: free sram: 87959 minimal sram: 76051
I (76949221) SystemInfo: free sram: 88039 minimal sram: 76051
I (76959221) SystemInfo: free sram: 88039 minimal sram: 76051
I (76969221) SystemInfo: free sram: 88039 minimal sram: 76051
I (76979221) SystemInfo: free sram: 88039 minimal sram: 76051
I (76989221) SystemInfo: free sram: 88039 minimal sram: 76051
I (76999221) SystemInfo: free sram: 88039 minimal sram: 76051
I (77009221) SystemInfo: free sram: 88039 minimal sram: 76051
I (77019221) SystemInfo: free sram: 88039 minimal sram: 76051
I (77029221) SystemInfo: free sram: 88039 minimal sram: 76051
I (77039221) SystemInfo: free sram: 88039 minimal sram: 76051
I (77049221) SystemInfo: free sram: 87999 minimal sram: 76051
I (77059221) SystemInfo: free sram: 88039 minimal sram: 76051
I (77069221) SystemInfo: free sram: 88039 minimal sram: 76051
I (77079221) SystemInfo: free sram: 88039 minimal sram: 76051
I (77089221) SystemInfo: free sram: 88039 minimal sram: 76051
I (77099221) SystemInfo: free sram: 88039 minimal sram: 76051
I (77109221) SystemInfo: free sram: 88039 minimal sram: 76051
I (77119221) SystemInfo: free sram: 88039 minimal sram: 76051
I (77129221) SystemInfo: free sram: 88039 minimal sram: 76051
I (77139221) SystemInfo: free sram: 88039 minimal sram: 76051
I (77149221) SystemInfo: free sram: 88039 minimal sram: 76051
I (77159221) SystemInfo: free sram: 87999 minimal sram: 76051
I (77169221) SystemInfo: free sram: 88039 minimal sram: 76051
I (77179221) SystemInfo: free sram: 88039 minimal sram: 76051
I (77189221) SystemInfo: free sram: 88039 minimal sram: 76051
I (77199221) SystemInfo: free sram: 88039 minimal sram: 76051
I (77209221) SystemInfo: free sram: 88039 minimal sram: 76051
I (77219221) SystemInfo: free sram: 88039 minimal sram: 76051
I (77229221) SystemInfo: free sram: 88039 minimal sram: 76051
I (77239221) SystemInfo: free sram: 88039 minimal sram: 76051
I (77249221) SystemInfo: free sram: 88039 minimal sram: 76051
I (77259221) SystemInfo: free sram: 88039 minimal sram: 76051
I (77269221) SystemInfo: free sram: 87999 minimal sram: 76051
I (77279221) SystemInfo: free sram: 88039 minimal sram: 76051
I (77289221) SystemInfo: free sram: 88039 minimal sram: 76051
I (77299221) SystemInfo: free sram: 88039 minimal sram: 76051
I (77309221) SystemInfo: free sram: 88039 minimal sram: 76051
I (77319221) SystemInfo: free sram: 88039 minimal sram: 76051
I (77329221) SystemInfo: free sram: 88039 minimal sram: 76051
I (77339221) SystemInfo: free sram: 88039 minimal sram: 76051
I (77349221) SystemInfo: free sram: 88039 minimal sram: 76051
I (77359221) SystemInfo: free sram: 88039 minimal sram: 76051
I (77369221) SystemInfo: free sram: 88039 minimal sram: 76051
I (77379221) SystemInfo: free sram: 87999 minimal sram: 76051
I (77389221) SystemInfo: free sram: 88039 minimal sram: 76051
I (77399221) SystemInfo: free sram: 88039 minimal sram: 76051
I (77409221) SystemInfo: free sram: 88039 minimal sram: 76051
I (77419221) SystemInfo: free sram: 88039 minimal sram: 76051
I (77429221) SystemInfo: free sram: 88039 minimal sram: 76051
I (77439221) SystemInfo: free sram: 88039 minimal sram: 76051
I (77449221) SystemInfo: free sram: 88039 minimal sram: 76051
I (77459221) SystemInfo: free sram: 88039 minimal sram: 76051
I (77469221) SystemInfo: free sram: 88039 minimal sram: 76051
I (77479221) SystemInfo: free sram: 88039 minimal sram: 76051
I (77489221) SystemInfo: free sram: 87999 minimal sram: 76051
I (77499221) SystemInfo: free sram: 88039 minimal sram: 76051
I (77509221) SystemInfo: free sram: 88039 minimal sram: 76051
I (77519221) SystemInfo: free sram: 88039 minimal sram: 76051
I (77529221) SystemInfo: free sram: 88039 minimal sram: 76051
I (77539221) SystemInfo: free sram: 88039 minimal sram: 76051
I (77549221) SystemInfo: free sram: 88039 minimal sram: 76051
I (77559221) SystemInfo: free sram: 88039 minimal sram: 76051
I (77569221) SystemInfo: free sram: 88039 minimal sram: 76051
I (77579221) SystemInfo: free sram: 87999 minimal sram: 76051
I (77589221) SystemInfo: free sram: 88039 minimal sram: 76051
I (77599221) SystemInfo: free sram: 87999 minimal sram: 76051
I (77609221) SystemInfo: free sram: 88039 minimal sram: 76051
I (77619221) SystemInfo: free sram: 88039 minimal sram: 76051
I (77629221) SystemInfo: free sram: 88039 minimal sram: 76051
I (77639221) SystemInfo: free sram: 88039 minimal sram: 76051
I (77649221) SystemInfo: free sram: 88039 minimal sram: 76051
I (77659221) SystemInfo: free sram: 88039 minimal sram: 76051
I (77669221) SystemInfo: free sram: 88039 minimal sram: 76051
I (77679221) SystemInfo: free sram: 88039 minimal sram: 76051
I (77689221) SystemInfo: free sram: 88039 minimal sram: 76051
I (77699221) SystemInfo: free sram: 88039 minimal sram: 76051
I (77709221) SystemInfo: free sram: 87999 minimal sram: 76051
I (77719221) SystemInfo: free sram: 88039 minimal sram: 76051
I (77729221) SystemInfo: free sram: 88039 minimal sram: 76051
I (77739221) SystemInfo: free sram: 88039 minimal sram: 76051
I (77749221) SystemInfo: free sram: 88039 minimal sram: 76051
I (77759221) SystemInfo: free sram: 88039 minimal sram: 76051
I (77769221) SystemInfo: free sram: 88039 minimal sram: 76051
I (77779221) SystemInfo: free sram: 88039 minimal sram: 76051
I (77789221) SystemInfo: free sram: 88039 minimal sram: 76051
I (77799221) SystemInfo: free sram: 88039 minimal sram: 76051
I (77809221) SystemInfo: free sram: 88039 minimal sram: 76051
I (77819221) SystemInfo: free sram: 87999 minimal sram: 76051
I (77829221) SystemInfo: free sram: 88039 minimal sram: 76051
I (77839221) SystemInfo: free sram: 88039 minimal sram: 76051
I (77849221) SystemInfo: free sram: 88039 minimal sram: 76051
I (77859221) SystemInfo: free sram: 88039 minimal sram: 76051
I (77869221) SystemInfo: free sram: 88039 minimal sram: 76051
I (77879221) SystemInfo: free sram: 88039 minimal sram: 76051
I (77889221) SystemInfo: free sram: 88039 minimal sram: 76051
I (77899221) SystemInfo: free sram: 88039 minimal sram: 76051
I (77909221) SystemInfo: free sram: 88039 minimal sram: 76051
I (77919221) SystemInfo: free sram: 88039 minimal sram: 76051
I (77929221) SystemInfo: free sram: 87999 minimal sram: 76051
I (77939221) SystemInfo: free sram: 88039 minimal sram: 76051
I (77949221) SystemInfo: free sram: 88039 minimal sram: 76051
I (77959221) SystemInfo: free sram: 88039 minimal sram: 76051
I (77969221) SystemInfo: free sram: 88039 minimal sram: 76051
I (77979221) SystemInfo: free sram: 88039 minimal sram: 76051
I (77989221) SystemInfo: free sram: 88039 minimal sram: 76051
I (77999221) SystemInfo: free sram: 88039 minimal sram: 76051
I (78009221) SystemInfo: free sram: 88039 minimal sram: 76051
I (78019221) SystemInfo: free sram: 88039 minimal sram: 76051
I (78029221) SystemInfo: free sram: 88039 minimal sram: 76051
I (78039221) SystemInfo: free sram: 87999 minimal sram: 76051
I (78049221) SystemInfo: free sram: 88039 minimal sram: 76051
I (78059221) SystemInfo: free sram: 88039 minimal sram: 76051
I (78069221) SystemInfo: free sram: 88039 minimal sram: 76051
I (78079221) SystemInfo: free sram: 88039 minimal sram: 76051
I (78089221) SystemInfo: free sram: 88039 minimal sram: 76051
I (78099221) SystemInfo: free sram: 88039 minimal sram: 76051
I (78109221) SystemInfo: free sram: 88039 minimal sram: 76051
I (78119221) SystemInfo: free sram: 88039 minimal sram: 76051
I (78129221) SystemInfo: free sram: 88039 minimal sram: 76051
I (78139221) SystemInfo: free sram: 88039 minimal sram: 76051
I (78149221) SystemInfo: free sram: 87999 minimal sram: 76051
I (78159221) SystemInfo: free sram: 88039 minimal sram: 76051
I (78169221) SystemInfo: free sram: 88039 minimal sram: 76051
I (78179221) SystemInfo: free sram: 88039 minimal sram: 76051
I (78189221) SystemInfo: free sram: 88039 minimal sram: 76051
I (78199221) SystemInfo: free sram: 88039 minimal sram: 76051
I (78209221) SystemInfo: free sram: 88039 minimal sram: 76051
I (78219221) SystemInfo: free sram: 87999 minimal sram: 76051
I (78229221) SystemInfo: free sram: 88039 minimal sram: 76051
I (78239221) SystemInfo: free sram: 88039 minimal sram: 76051
I (78249221) SystemInfo: free sram: 88039 minimal sram: 76051
I (78259221) SystemInfo: free sram: 87999 minimal sram: 76051
I (78269221) SystemInfo: free sram: 88039 minimal sram: 76051
I (78279221) SystemInfo: free sram: 88039 minimal sram: 76051
I (78289221) SystemInfo: free sram: 88039 minimal sram: 76051
I (78299221) SystemInfo: free sram: 88039 minimal sram: 76051
I (78309221) SystemInfo: free sram: 88039 minimal sram: 76051
I (78319221) SystemInfo: free sram: 88039 minimal sram: 76051
I (78329221) SystemInfo: free sram: 88039 minimal sram: 76051
I (78339221) SystemInfo: free sram: 88039 minimal sram: 76051
I (78349221) SystemInfo: free sram: 88039 minimal sram: 76051
I (78359221) SystemInfo: free sram: 88039 minimal sram: 76051
I (78369221) SystemInfo: free sram: 87999 minimal sram: 76051
I (78379221) SystemInfo: free sram: 88039 minimal sram: 76051
I (78389221) SystemInfo: free sram: 88039 minimal sram: 76051
I (78399221) SystemInfo: free sram: 88039 minimal sram: 76051
I (78409221) SystemInfo: free sram: 88039 minimal sram: 76051
I (78419221) SystemInfo: free sram: 88039 minimal sram: 76051
I (78429221) SystemInfo: free sram: 88039 minimal sram: 76051
I (78439221) SystemInfo: free sram: 88039 minimal sram: 76051
I (78449221) SystemInfo: free sram: 88039 minimal sram: 76051
I (78459221) SystemInfo: free sram: 88039 minimal sram: 76051
I (78469221) SystemInfo: free sram: 88039 minimal sram: 76051
I (78479221) SystemInfo: free sram: 87999 minimal sram: 76051
I (78489221) SystemInfo: free sram: 88039 minimal sram: 76051
I (78499221) SystemInfo: free sram: 88039 minimal sram: 76051
I (78509221) SystemInfo: free sram: 88039 minimal sram: 76051
I (78519221) SystemInfo: free sram: 88039 minimal sram: 76051
I (78529221) SystemInfo: free sram: 88039 minimal sram: 76051
I (78539221) SystemInfo: free sram: 88039 minimal sram: 76051
I (78549221) SystemInfo: free sram: 88039 minimal sram: 76051
I (78559221) SystemInfo: free sram: 88039 minimal sram: 76051
I (78569221) SystemInfo: free sram: 88039 minimal sram: 76051
I (78579221) SystemInfo: free sram: 88039 minimal sram: 76051
I (78589221) SystemInfo: free sram: 87999 minimal sram: 76051
I (78599221) SystemInfo: free sram: 88039 minimal sram: 76051
I (78609221) SystemInfo: free sram: 88039 minimal sram: 76051
I (78619221) SystemInfo: free sram: 88039 minimal sram: 76051
I (78629221) SystemInfo: free sram: 88039 minimal sram: 76051
I (78639221) SystemInfo: free sram: 88039 minimal sram: 76051
I (78649221) SystemInfo: free sram: 88039 minimal sram: 76051
I (78659221) SystemInfo: free sram: 88039 minimal sram: 76051
I (78669221) SystemInfo: free sram: 88039 minimal sram: 76051
I (78679221) SystemInfo: free sram: 88039 minimal sram: 76051
I (78689221) SystemInfo: free sram: 88039 minimal sram: 76051
I (78699221) SystemInfo: free sram: 87999 minimal sram: 76051
I (78709221) SystemInfo: free sram: 88039 minimal sram: 76051
I (78719221) SystemInfo: free sram: 88039 minimal sram: 76051
I (78729221) SystemInfo: free sram: 88039 minimal sram: 76051
I (78739221) SystemInfo: free sram: 88039 minimal sram: 76051
I (78749221) SystemInfo: free sram: 88039 minimal sram: 76051
I (78759221) SystemInfo: free sram: 88039 minimal sram: 76051
I (78763311) StateMachine: State: idle -> connecting
I (78763331) WifiStation: Setting WiFi power save level: PERFORMANCE (NONE)
I (78763331) wifi:Set ps type: 0, coexist: 0

I (78763331) WS: Connecting to websocket server: ws://39.107.143.71:8000/xiaozhi/v1/ with version: 1
I (78763481) WS: Session ID: 48c758d0-140c-4207-8da6-79226f14ff5e
I (78763481) WifiStation: Setting WiFi power save level: PERFORMANCE (NONE)
I (78763491) wifi:Set ps type: 0, coexist: 0

I (78763491) StateMachine: State: connecting -> listening
I (78763591) StateMachine: State: listening -> idle
I (78764521) StateMachine: State: idle -> listening
I (78764751) StateMachine: State: listening -> idle
I (78765141) StateMachine: State: idle -> listening
I (78773261) StateMachine: State: listening -> idle
I (78773391) Application: >> 你好呀，我是小轩，我是小。你说话呀？
I (78773391) StateMachine: State: idle -> speaking
I (78776871) Application: << 哎呀～你回来啦？本喵等你好久了呢，哼！
